filepath,url
"genre/CMC/cmc_swopno-swodesh.mp3","https://pub-d7aa2a1ce06c45019530da0ea90f67d8.r2.dev/genre/CMC/cmc_swopno-swodesh.mp3"
"genre/English /Your Mother.mp3","https://pub-d7aa2a1ce06c45019530da0ea90f67d8.r2.dev/genre/English%20/Your%20Mother.mp3"
"genre/Hamd/Allah Namer Tasbih.mp3","https://pub-d7aa2a1ce06c45019530da0ea90f67d8.r2.dev/genre/Hamd/Allah%20Namer%20Tasbih.mp3"
"genre/Hamd/Allah Tumi Amar.mp3","https://pub-d7aa2a1ce06c45019530da0ea90f67d8.r2.dev/genre/Hamd/Allah%20Tumi%20Amar.mp3"
"genre/Hamd/Allahu Allahu Allah.mp3","https://pub-d7aa2a1ce06c45019530da0ea90f67d8.r2.dev/genre/Hamd/Allahu%20Allahu%20Allah.mp3"
"genre/Hamd/Allahu Ei Namer.mp3","https://pub-d7aa2a1ce06c45019530da0ea90f67d8.r2.dev/genre/Hamd/Allahu%20Ei%20Namer.mp3"
"genre/Hamd/Hasnahena Foteche.mp3","https://pub-d7aa2a1ce06c45019530da0ea90f67d8.r2.dev/genre/Hamd/Hasnahena%20Foteche.mp3"
"genre/Hamd/Je Dike Takai Ami.mp3","https://pub-d7aa2a1ce06c45019530da0ea90f67d8.r2.dev/genre/Hamd/Je%20Dike%20Takai%20Ami.mp3"
"genre/Hamd/Khoda Tomar Gan.mp3","https://pub-d7aa2a1ce06c45019530da0ea90f67d8.r2.dev/genre/Hamd/Khoda%20Tomar%20Gan.mp3"
"genre/Hamd/La Ilaha Illallah.mp3","https://pub-d7aa2a1ce06c45019530da0ea90f67d8.r2.dev/genre/Hamd/La%20Ilaha%20Illallah.mp3"
"genre/Hamd/Nana Rong Fole.mp3","https://pub-d7aa2a1ce06c45019530da0ea90f67d8.r2.dev/genre/Hamd/Nana%20Rong%20Fole.mp3"
"genre/Hamd/Oi Pahar Aar Gachh.mp3","https://pub-d7aa2a1ce06c45019530da0ea90f67d8.r2.dev/genre/Hamd/Oi%20Pahar%20Aar%20Gachh.mp3"
"genre/Hamd/Tomar Name Jadi.mp3","https://pub-d7aa2a1ce06c45019530da0ea90f67d8.r2.dev/genre/Hamd/Tomar%20Name%20Jadi.mp3"
"genre/Hamd/Tomar Sristi Jadi.mp3","https://pub-d7aa2a1ce06c45019530da0ea90f67d8.r2.dev/genre/Hamd/Tomar%20Sristi%20Jadi.mp3"
"genre/Hamd/Tumi Rahaman.mp3","https://pub-d7aa2a1ce06c45019530da0ea90f67d8.r2.dev/genre/Hamd/Tumi%20Rahaman.mp3"
"genre/Hamd/bachaikrrit-hamd2/01allahke valobese.mp3","https://pub-d7aa2a1ce06c45019530da0ea90f67d8.r2.dev/genre/Hamd/bachaikrrit-hamd2/01allahke%20valobese.mp3"
"genre/Hamd/bachaikrrit-hamd2/10allah tumi boroi.mp3","https://pub-d7aa2a1ce06c45019530da0ea90f67d8.r2.dev/genre/Hamd/bachaikrrit-hamd2/10allah%20tumi%20boroi.mp3"
"genre/Hamd/bachaikrrit-hamd2/11keu bole boluk.mp3","https://pub-d7aa2a1ce06c45019530da0ea90f67d8.r2.dev/genre/Hamd/bachaikrrit-hamd2/11keu%20bole%20boluk.mp3"
"genre/Hamd/bachaikrrit-hamd2/12eso na boluk.mp3","https://pub-d7aa2a1ce06c45019530da0ea90f67d8.r2.dev/genre/Hamd/bachaikrrit-hamd2/12eso%20na%20boluk.mp3"
"genre/Hamd/bachaikrrit-hamd2/13he khoda he provu.mp3","https://pub-d7aa2a1ce06c45019530da0ea90f67d8.r2.dev/genre/Hamd/bachaikrrit-hamd2/13he%20khoda%20he%20provu.mp3"
"genre/Hamd/bachaikrrit-hamd2/14allah tomar shan.mp3","https://pub-d7aa2a1ce06c45019530da0ea90f67d8.r2.dev/genre/Hamd/bachaikrrit-hamd2/14allah%20tomar%20shan.mp3"
"genre/Hamd/bachaikrrit-hamd2/2allah tomar rohmot.mp3","https://pub-d7aa2a1ce06c45019530da0ea90f67d8.r2.dev/genre/Hamd/bachaikrrit-hamd2/2allah%20tomar%20rohmot.mp3"
"genre/Hamd/bachaikrrit-hamd2/3he korunar adhar.mp3","https://pub-d7aa2a1ce06c45019530da0ea90f67d8.r2.dev/genre/Hamd/bachaikrrit-hamd2/3he%20korunar%20adhar.mp3"
"genre/Hamd/bachaikrrit-hamd2/4ek pa du pa koria.mp3","https://pub-d7aa2a1ce06c45019530da0ea90f67d8.r2.dev/genre/Hamd/bachaikrrit-hamd2/4ek%20pa%20du%20pa%20koria.mp3"
"genre/Hamd/bachaikrrit-hamd2/5jochan dile cander.mp3","https://pub-d7aa2a1ce06c45019530da0ea90f67d8.r2.dev/genre/Hamd/bachaikrrit-hamd2/5jochan%20dile%20cander.mp3"
"genre/Hamd/bachaikrrit-hamd2/6ei prrithibi oi akash.mp3","https://pub-d7aa2a1ce06c45019530da0ea90f67d8.r2.dev/genre/Hamd/bachaikrrit-hamd2/6ei%20prrithibi%20oi%20akash.mp3"
"genre/Hamd/bachaikrrit-hamd2/7oi futeche.mp3","https://pub-d7aa2a1ce06c45019530da0ea90f67d8.r2.dev/genre/Hamd/bachaikrrit-hamd2/7oi%20futeche.mp3"
"genre/Hamd/bachaikrrit-hamd2/8O akash ken.mp3","https://pub-d7aa2a1ce06c45019530da0ea90f67d8.r2.dev/genre/Hamd/bachaikrrit-hamd2/8O%20akash%20ken.mp3"
"genre/Hamd/bachaikrrit-hamd2/9tumi amar malik.mp3","https://pub-d7aa2a1ce06c45019530da0ea90f67d8.r2.dev/genre/Hamd/bachaikrrit-hamd2/9tumi%20amar%20malik.mp3"
"genre/Jihadi/Berieche j Kafela.mp3","https://pub-d7aa2a1ce06c45019530da0ea90f67d8.r2.dev/genre/Jihadi/Berieche%20j%20Kafela.mp3"
"genre/Jihadi/Ei Oli Allar Bangladesh.mp3","https://pub-d7aa2a1ce06c45019530da0ea90f67d8.r2.dev/genre/Jihadi/Ei%20Oli%20Allar%20Bangladesh.mp3"
"genre/Jihadi/Ei jonotar michil.mp3","https://pub-d7aa2a1ce06c45019530da0ea90f67d8.r2.dev/genre/Jihadi/Ei%20jonotar%20michil.mp3"
"genre/Jihadi/Exclusive.mp3","https://pub-d7aa2a1ce06c45019530da0ea90f67d8.r2.dev/genre/Jihadi/Exclusive.mp3"
"genre/Jihadi/Mago Tumi Kadso keno.mp3","https://pub-d7aa2a1ce06c45019530da0ea90f67d8.r2.dev/genre/Jihadi/Mago%20Tumi%20Kadso%20keno.mp3"
"genre/Jihadi/al quran ke.mp3","https://pub-d7aa2a1ce06c45019530da0ea90f67d8.r2.dev/genre/Jihadi/al%20quran%20ke.mp3"
"genre/Jihadi/ami karagar.mp3","https://pub-d7aa2a1ce06c45019530da0ea90f67d8.r2.dev/genre/Jihadi/ami%20karagar.mp3"
"genre/Jihadi/asuk na joto.mp3","https://pub-d7aa2a1ce06c45019530da0ea90f67d8.r2.dev/genre/Jihadi/asuk%20na%20joto.mp3"
"genre/Jihadi/chokh.mp3","https://pub-d7aa2a1ce06c45019530da0ea90f67d8.r2.dev/genre/Jihadi/chokh.mp3"
"genre/Jihadi/destroy-farakka.mp3","https://pub-d7aa2a1ce06c45019530da0ea90f67d8.r2.dev/genre/Jihadi/destroy-farakka.mp3"
"genre/Jihadi/ghum venge.mp3","https://pub-d7aa2a1ce06c45019530da0ea90f67d8.r2.dev/genre/Jihadi/ghum%20venge.mp3"
"genre/Jihadi/he allah.mp3","https://pub-d7aa2a1ce06c45019530da0ea90f67d8.r2.dev/genre/Jihadi/he%20allah.mp3"
"genre/Jihadi/jele vore.mp3","https://pub-d7aa2a1ce06c45019530da0ea90f67d8.r2.dev/genre/Jihadi/jele%20vore.mp3"
"genre/Jihadi/jodi agamir.mp3","https://pub-d7aa2a1ce06c45019530da0ea90f67d8.r2.dev/genre/Jihadi/jodi%20agamir.mp3"
"genre/Jihadi/malek vaer ma.mp3","https://pub-d7aa2a1ce06c45019530da0ea90f67d8.r2.dev/genre/Jihadi/malek%20vaer%20ma.mp3"
"genre/Jihadi/morur booke futlo jedin.mp3","https://pub-d7aa2a1ce06c45019530da0ea90f67d8.r2.dev/genre/Jihadi/morur%20booke%20futlo%20jedin.mp3"
"genre/Jihadi/muslim ami.mp3","https://pub-d7aa2a1ce06c45019530da0ea90f67d8.r2.dev/genre/Jihadi/muslim%20ami.mp3"
"genre/Misc/Allah k jara.mp3","https://pub-d7aa2a1ce06c45019530da0ea90f67d8.r2.dev/genre/Misc/Allah%20k%20jara.mp3"
"genre/Misc/BadshahTumi.mp3","https://pub-d7aa2a1ce06c45019530da0ea90f67d8.r2.dev/genre/Misc/BadshahTumi.mp3"
"genre/Misc/Balte shuni.mp3","https://pub-d7aa2a1ce06c45019530da0ea90f67d8.r2.dev/genre/Misc/Balte%20shuni.mp3"
"genre/Misc/Din elo abar.mp3","https://pub-d7aa2a1ce06c45019530da0ea90f67d8.r2.dev/genre/Misc/Din%20elo%20abar.mp3"
"genre/Misc/Ekti munajat.mp3","https://pub-d7aa2a1ce06c45019530da0ea90f67d8.r2.dev/genre/Misc/Ekti%20munajat.mp3"
"genre/Misc/Esho na Allahr.mp3","https://pub-d7aa2a1ce06c45019530da0ea90f67d8.r2.dev/genre/Misc/Esho%20na%20Allahr.mp3"
"genre/Misc/He karunar adhar.mp3","https://pub-d7aa2a1ce06c45019530da0ea90f67d8.r2.dev/genre/Misc/He%20karunar%20adhar.mp3"
"genre/Misc/Jadi ami konodin.mp3","https://pub-d7aa2a1ce06c45019530da0ea90f67d8.r2.dev/genre/Misc/Jadi%20ami%20konodin.mp3"
"genre/Misc/Ke elore.mp3","https://pub-d7aa2a1ce06c45019530da0ea90f67d8.r2.dev/genre/Misc/Ke%20elore.mp3"
"genre/Misc/Konokaj.mp3","https://pub-d7aa2a1ce06c45019530da0ea90f67d8.r2.dev/genre/Misc/Konokaj.mp3"
"genre/Misc/Kothai tomar bashot.mp3","https://pub-d7aa2a1ce06c45019530da0ea90f67d8.r2.dev/genre/Misc/Kothai%20tomar%20bashot.mp3"
"genre/Misc/Maleq vaier.mp3","https://pub-d7aa2a1ce06c45019530da0ea90f67d8.r2.dev/genre/Misc/Maleq%20vaier.mp3"
"genre/Misc/Nijhum rate.mp3","https://pub-d7aa2a1ce06c45019530da0ea90f67d8.r2.dev/genre/Misc/Nijhum%20rate.mp3"
"genre/Misc/Proshonsha sobi.mp3","https://pub-d7aa2a1ce06c45019530da0ea90f67d8.r2.dev/genre/Misc/Proshonsha%20sobi.mp3"
"genre/Misc/Rajpathe pore.mp3","https://pub-d7aa2a1ce06c45019530da0ea90f67d8.r2.dev/genre/Misc/Rajpathe%20pore.mp3"
"genre/Misc/Rasul namer.mp3","https://pub-d7aa2a1ce06c45019530da0ea90f67d8.r2.dev/genre/Misc/Rasul%20namer.mp3"
"genre/Misc/Rasul tumi je.mp3","https://pub-d7aa2a1ce06c45019530da0ea90f67d8.r2.dev/genre/Misc/Rasul%20tumi%20je.mp3"
"genre/Misc/chole jay.mp3","https://pub-d7aa2a1ce06c45019530da0ea90f67d8.r2.dev/genre/Misc/chole%20jay.mp3"
"genre/Misc/ei sai ghor.mp3","https://pub-d7aa2a1ce06c45019530da0ea90f67d8.r2.dev/genre/Misc/ei%20sai%20ghor.mp3"
"genre/Misc/muslim aj utho jago.mp3","https://pub-d7aa2a1ce06c45019530da0ea90f67d8.r2.dev/genre/Misc/muslim%20aj%20utho%20jago.mp3"
"genre/More/More/2.mp3","https://pub-d7aa2a1ce06c45019530da0ea90f67d8.r2.dev/genre/More/More/2.mp3"
"genre/More/More/Noakhailla Bangla Song.mp3","https://pub-d7aa2a1ce06c45019530da0ea90f67d8.r2.dev/genre/More/More/Noakhailla%20Bangla%20Song.mp3"
"genre/More/More/ajo sei.mp3","https://pub-d7aa2a1ce06c45019530da0ea90f67d8.r2.dev/genre/More/More/ajo%20sei.mp3"
"genre/More/More/amaderkafela.mp3","https://pub-d7aa2a1ce06c45019530da0ea90f67d8.r2.dev/genre/More/More/amaderkafela.mp3"
"genre/More/More/cp.mp3","https://pub-d7aa2a1ce06c45019530da0ea90f67d8.r2.dev/genre/More/More/cp.mp3"
"genre/More/More/felanibymanik.mp3","https://pub-d7aa2a1ce06c45019530da0ea90f67d8.r2.dev/genre/More/More/felanibymanik.mp3"
"genre/More/More/icsjagoron.mp3","https://pub-d7aa2a1ce06c45019530da0ea90f67d8.r2.dev/genre/More/More/icsjagoron.mp3"
"genre/More/More/icsnotbcl.mp3","https://pub-d7aa2a1ce06c45019530da0ea90f67d8.r2.dev/genre/More/More/icsnotbcl.mp3"
"genre/More/More/jaglojowar.mp3","https://pub-d7aa2a1ce06c45019530da0ea90f67d8.r2.dev/genre/More/More/jaglojowar.mp3"
"genre/More/hasina awami/Bubu Noy.mp3","https://pub-d7aa2a1ce06c45019530da0ea90f67d8.r2.dev/genre/More/hasina%20awami/Bubu%20Noy.mp3"
"genre/More/hasina awami/Kotha sune nare bubu.mp3","https://pub-d7aa2a1ce06c45019530da0ea90f67d8.r2.dev/genre/More/hasina%20awami/Kotha%20sune%20nare%20bubu.mp3"
"genre/More/hasina awami/bubu go.mp3","https://pub-d7aa2a1ce06c45019530da0ea90f67d8.r2.dev/genre/More/hasina%20awami/bubu%20go.mp3"
"genre/More/hasina awami/bubu sasuri.mp3","https://pub-d7aa2a1ce06c45019530da0ea90f67d8.r2.dev/genre/More/hasina%20awami/bubu%20sasuri.mp3"
"genre/More/hasina awami/bubu voter age.mp3","https://pub-d7aa2a1ce06c45019530da0ea90f67d8.r2.dev/genre/More/hasina%20awami/bubu%20voter%20age.mp3"
"genre/More/hasina awami/bubujan bharot jan.mp3","https://pub-d7aa2a1ce06c45019530da0ea90f67d8.r2.dev/genre/More/hasina%20awami/bubujan%20bharot%20jan.mp3"
"genre/More/hasina awami/bubur potti.mp3","https://pub-d7aa2a1ce06c45019530da0ea90f67d8.r2.dev/genre/More/hasina%20awami/bubur%20potti.mp3"
"genre/More/hasina awami/hayre bubujan.mp3","https://pub-d7aa2a1ce06c45019530da0ea90f67d8.r2.dev/genre/More/hasina%20awami/hayre%20bubujan.mp3"
"genre/More/hasina awami/savar song.mp3","https://pub-d7aa2a1ce06c45019530da0ea90f67d8.r2.dev/genre/More/hasina%20awami/savar%20song.mp3"
"genre/More/hasina awami/shahbager biriani.mp3","https://pub-d7aa2a1ce06c45019530da0ea90f67d8.r2.dev/genre/More/hasina%20awami/shahbager%20biriani.mp3"
"genre/More/hasina awami/skype govt crazy.mp3","https://pub-d7aa2a1ce06c45019530da0ea90f67d8.r2.dev/genre/More/hasina%20awami/skype%20govt%20crazy.mp3"
"genre/More/hasina awami/suronjit gaan.mp3","https://pub-d7aa2a1ce06c45019530da0ea90f67d8.r2.dev/genre/More/hasina%20awami/suronjit%20gaan.mp3"
"genre/Nate Rasul/Bangladesher-Pranto-Hote-salam.mp3","https://pub-d7aa2a1ce06c45019530da0ea90f67d8.r2.dev/genre/Nate%20Rasul/Bangladesher-Pranto-Hote-salam.mp3"
"genre/Nate Rasul/Ogo Rasul Prio.mp3","https://pub-d7aa2a1ce06c45019530da0ea90f67d8.r2.dev/genre/Nate%20Rasul/Ogo%20Rasul%20Prio.mp3"
"genre/Nazrul/Allahte_Jaar.mp3","https://pub-d7aa2a1ce06c45019530da0ea90f67d8.r2.dev/genre/Nazrul/Allahte_Jaar.mp3"
"genre/Nazrul/Allahu Allahu.mp3","https://pub-d7aa2a1ce06c45019530da0ea90f67d8.r2.dev/genre/Nazrul/Allahu%20Allahu.mp3"
"genre/Nazrul/ami jodi arab.mp3","https://pub-d7aa2a1ce06c45019530da0ea90f67d8.r2.dev/genre/Nazrul/ami%20jodi%20arab.mp3"
"genre/Nazrul/bajiche damama.mp3","https://pub-d7aa2a1ce06c45019530da0ea90f67d8.r2.dev/genre/Nazrul/bajiche%20damama.mp3"
"genre/Nazrul/dhormer pothe.mp3","https://pub-d7aa2a1ce06c45019530da0ea90f67d8.r2.dev/genre/Nazrul/dhormer%20pothe.mp3"
"genre/Nazrul/e kon modhur.mp3","https://pub-d7aa2a1ce06c45019530da0ea90f67d8.r2.dev/genre/Nazrul/e%20kon%20modhur.mp3"
"genre/Nazrul/here hote ele.mp3","https://pub-d7aa2a1ce06c45019530da0ea90f67d8.r2.dev/genre/Nazrul/here%20hote%20ele.mp3"
"genre/Nazrul/khoda tomar.mp3","https://pub-d7aa2a1ce06c45019530da0ea90f67d8.r2.dev/genre/Nazrul/khoda%20tomar.mp3"
"genre/Nazrul/masjider e pashe.mp3","https://pub-d7aa2a1ce06c45019530da0ea90f67d8.r2.dev/genre/Nazrul/masjider%20e%20pashe.mp3"
"genre/Nazrul/mone boro.mp3","https://pub-d7aa2a1ce06c45019530da0ea90f67d8.r2.dev/genre/Nazrul/mone%20boro.mp3"
"genre/Nazrul/muhammad saw er.mp3","https://pub-d7aa2a1ce06c45019530da0ea90f67d8.r2.dev/genre/Nazrul/muhammad%20saw%20er.mp3"
"genre/Nazrul/nobi mor.mp3","https://pub-d7aa2a1ce06c45019530da0ea90f67d8.r2.dev/genre/Nazrul/nobi%20mor.mp3"
"genre/Nazrul/ogo nur nobi.mp3","https://pub-d7aa2a1ce06c45019530da0ea90f67d8.r2.dev/genre/Nazrul/ogo%20nur%20nobi.mp3"
"genre/Nazrul/saharate futlo.mp3","https://pub-d7aa2a1ce06c45019530da0ea90f67d8.r2.dev/genre/Nazrul/saharate%20futlo.mp3"
"genre/Nazrul/shono shono.mp3","https://pub-d7aa2a1ce06c45019530da0ea90f67d8.r2.dev/genre/Nazrul/shono%20shono.mp3"
"genre/Nazrul/tawheeder e.mp3","https://pub-d7aa2a1ce06c45019530da0ea90f67d8.r2.dev/genre/Nazrul/tawheeder%20e.mp3"
"genre/Nazrul/tora dekhe ja.mp3","https://pub-d7aa2a1ce06c45019530da0ea90f67d8.r2.dev/genre/Nazrul/tora%20dekhe%20ja.mp3"
"genre/Ramadan/sosas-ramadan/10 elo rahmat.mp3","https://pub-d7aa2a1ce06c45019530da0ea90f67d8.r2.dev/genre/Ramadan/sosas-ramadan/10%20elo%20rahmat.mp3"
"genre/Ramadan/sosas-ramadan/11hridoyer kalimate.mp3","https://pub-d7aa2a1ce06c45019530da0ea90f67d8.r2.dev/genre/Ramadan/sosas-ramadan/11hridoyer%20kalimate.mp3"
"genre/Ramadan/sosas-ramadan/12rohomer brrishti.mp3","https://pub-d7aa2a1ce06c45019530da0ea90f67d8.r2.dev/genre/Ramadan/sosas-ramadan/12rohomer%20brrishti.mp3"
"genre/Ramadan/sosas-ramadan/13romjan elo dhorate.mp3","https://pub-d7aa2a1ce06c45019530da0ea90f67d8.r2.dev/genre/Ramadan/sosas-ramadan/13romjan%20elo%20dhorate.mp3"
"genre/Ramadan/sosas-ramadan/14jano ki jano.mp3","https://pub-d7aa2a1ce06c45019530da0ea90f67d8.r2.dev/genre/Ramadan/sosas-ramadan/14jano%20ki%20jano.mp3"
"genre/Ramadan/sosas-ramadan/15 siyamer rong.mp3","https://pub-d7aa2a1ce06c45019530da0ea90f67d8.r2.dev/genre/Ramadan/sosas-ramadan/15%20siyamer%20rong.mp3"
"genre/Ramadan/sosas-ramadan/16aya romjan.mp3","https://pub-d7aa2a1ce06c45019530da0ea90f67d8.r2.dev/genre/Ramadan/sosas-ramadan/16aya%20romjan.mp3"
"genre/Ramadan/sosas-ramadan/17Eidul-fitr.mp3","https://pub-d7aa2a1ce06c45019530da0ea90f67d8.r2.dev/genre/Ramadan/sosas-ramadan/17Eidul-fitr.mp3"
"genre/Ramadan/sosas-ramadan/1bodorer mas.mp3","https://pub-d7aa2a1ce06c45019530da0ea90f67d8.r2.dev/genre/Ramadan/sosas-ramadan/1bodorer%20mas.mp3"
"genre/Ramadan/sosas-ramadan/2ghure ghure.mp3","https://pub-d7aa2a1ce06c45019530da0ea90f67d8.r2.dev/genre/Ramadan/sosas-ramadan/2ghure%20ghure.mp3"
"genre/Ramadan/sosas-ramadan/3zodi na tomar ontor.mp3","https://pub-d7aa2a1ce06c45019530da0ea90f67d8.r2.dev/genre/Ramadan/sosas-ramadan/3zodi%20na%20tomar%20ontor.mp3"
"genre/Ramadan/sosas-ramadan/4siyam elo aj.mp3","https://pub-d7aa2a1ce06c45019530da0ea90f67d8.r2.dev/genre/Ramadan/sosas-ramadan/4siyam%20elo%20aj.mp3"
"genre/Ramadan/sosas-ramadan/5prostuti nao mon.mp3","https://pub-d7aa2a1ce06c45019530da0ea90f67d8.r2.dev/genre/Ramadan/sosas-ramadan/5prostuti%20nao%20mon.mp3"
"genre/Ramadan/sosas-ramadan/6bochor ghure abar elo.mp3","https://pub-d7aa2a1ce06c45019530da0ea90f67d8.r2.dev/genre/Ramadan/sosas-ramadan/6bochor%20ghure%20abar%20elo.mp3"
"genre/Ramadan/sosas-ramadan/7zak dhuye zak.mp3","https://pub-d7aa2a1ce06c45019530da0ea90f67d8.r2.dev/genre/Ramadan/sosas-ramadan/7zak%20dhuye%20zak.mp3"
"genre/Ramadan/sosas-ramadan/8romjan mahe romjan.mp3","https://pub-d7aa2a1ce06c45019530da0ea90f67d8.r2.dev/genre/Ramadan/sosas-ramadan/8romjan%20mahe%20romjan.mp3"
"genre/Ramadan/sosas-ramadan/9elo muminer dware.mp3","https://pub-d7aa2a1ce06c45019530da0ea90f67d8.r2.dev/genre/Ramadan/sosas-ramadan/9elo%20muminer%20dware.mp3"
"genre/Random/Majhe-majhe-vul-kolorob","https://pub-d7aa2a1ce06c45019530da0ea90f67d8.r2.dev/genre/Random/Majhe-majhe-vul-kolorob"
"genre/Random/Se Kon Bondhu bolo (siyam).mp3","https://pub-d7aa2a1ce06c45019530da0ea90f67d8.r2.dev/genre/Random/Se%20Kon%20Bondhu%20bolo%20(siyam).mp3"
"genre/Random/amake-dao-sei.mp3","https://pub-d7aa2a1ce06c45019530da0ea90f67d8.r2.dev/genre/Random/amake-dao-sei.mp3"
"genre/Random/ami_kaba_ghorer.mp3","https://pub-d7aa2a1ce06c45019530da0ea90f67d8.r2.dev/genre/Random/ami_kaba_ghorer.mp3"
"genre/Random/dunia_sundor.mp3","https://pub-d7aa2a1ce06c45019530da0ea90f67d8.r2.dev/genre/Random/dunia_sundor.mp3"
"genre/Random/ei-sundor-sunil-akash.mp3","https://pub-d7aa2a1ce06c45019530da0ea90f67d8.r2.dev/genre/Random/ei-sundor-sunil-akash.mp3"
"genre/Random/ekti_pakhi_boslo.mp3","https://pub-d7aa2a1ce06c45019530da0ea90f67d8.r2.dev/genre/Random/ekti_pakhi_boslo.mp3"
"genre/Random/moner majhe ektai swopno.mp3","https://pub-d7aa2a1ce06c45019530da0ea90f67d8.r2.dev/genre/Random/moner%20majhe%20ektai%20swopno.mp3"
"genre/Random/nei-keho-nei-Allah-chara.mp3","https://pub-d7aa2a1ce06c45019530da0ea90f67d8.r2.dev/genre/Random/nei-keho-nei-Allah-chara.mp3"
"genre/Random/oi-nilimay-bolo.mp3","https://pub-d7aa2a1ce06c45019530da0ea90f67d8.r2.dev/genre/Random/oi-nilimay-bolo.mp3"
"genre/Random/other/Tumi_asmane_obaydullah.mp3","https://pub-d7aa2a1ce06c45019530da0ea90f67d8.r2.dev/genre/Random/other/Tumi_asmane_obaydullah.mp3"
"genre/Random/other/iqra kalamallah.mp3","https://pub-d7aa2a1ce06c45019530da0ea90f67d8.r2.dev/genre/Random/other/iqra%20kalamallah.mp3"
"genre/Random/other/koto rongo_2_6db.mp3","https://pub-d7aa2a1ce06c45019530da0ea90f67d8.r2.dev/genre/Random/other/koto%20rongo_2_6db.mp3"
"genre/Random/quranke bujhe porle.mp3","https://pub-d7aa2a1ce06c45019530da0ea90f67d8.r2.dev/genre/Random/quranke%20bujhe%20porle.mp3"
"genre/Shahidee gaan/Al Quran ke.mp3","https://pub-d7aa2a1ce06c45019530da0ea90f67d8.r2.dev/genre/Shahidee%20gaan/Al%20Quran%20ke.mp3"
"genre/Shahidee gaan/Allahar Pathe Jara.mp3","https://pub-d7aa2a1ce06c45019530da0ea90f67d8.r2.dev/genre/Shahidee%20gaan/Allahar%20Pathe%20Jara.mp3"
"genre/Shahidee gaan/Allahar Pothe.mp3","https://pub-d7aa2a1ce06c45019530da0ea90f67d8.r2.dev/genre/Shahidee%20gaan/Allahar%20Pothe.mp3"
"genre/Shahidee gaan/Allahke Jara.mp3","https://pub-d7aa2a1ce06c45019530da0ea90f67d8.r2.dev/genre/Shahidee%20gaan/Allahke%20Jara.mp3"
"genre/Shahidee gaan/Dao Khoda Dao.mp3","https://pub-d7aa2a1ce06c45019530da0ea90f67d8.r2.dev/genre/Shahidee%20gaan/Dao%20Khoda%20Dao.mp3"
"genre/Shahidee gaan/Din Alo Abar.mp3","https://pub-d7aa2a1ce06c45019530da0ea90f67d8.r2.dev/genre/Shahidee%20gaan/Din%20Alo%20Abar.mp3"
"genre/Shahidee gaan/Duar venge.mp3","https://pub-d7aa2a1ce06c45019530da0ea90f67d8.r2.dev/genre/Shahidee%20gaan/Duar%20venge.mp3"
"genre/Shahidee gaan/Protidin Surjo.mp3","https://pub-d7aa2a1ce06c45019530da0ea90f67d8.r2.dev/genre/Shahidee%20gaan/Protidin%20Surjo.mp3"
"genre/Shahidee gaan/Sei Songrami.mp3","https://pub-d7aa2a1ce06c45019530da0ea90f67d8.r2.dev/genre/Shahidee%20gaan/Sei%20Songrami.mp3"
"genre/Shahidee gaan/Shahide Shahide.mp3","https://pub-d7aa2a1ce06c45019530da0ea90f67d8.r2.dev/genre/Shahidee%20gaan/Shahide%20Shahide.mp3"
"genre/Shahidee gaan/Shoto shoto malek.mp3","https://pub-d7aa2a1ce06c45019530da0ea90f67d8.r2.dev/genre/Shahidee%20gaan/Shoto%20shoto%20malek.mp3"
"genre/Shahidee gaan/Tomra Jara Aj.mp3","https://pub-d7aa2a1ce06c45019530da0ea90f67d8.r2.dev/genre/Shahidee%20gaan/Tomra%20Jara%20Aj.mp3"
"genre/Shahidee gaan/ami amar e duti.mp3","https://pub-d7aa2a1ce06c45019530da0ea90f67d8.r2.dev/genre/Shahidee%20gaan/ami%20amar%20e%20duti.mp3"
"genre/Shahidee gaan/rokto-e Muloto.mp3","https://pub-d7aa2a1ce06c45019530da0ea90f67d8.r2.dev/genre/Shahidee%20gaan/rokto-e%20Muloto.mp3"
"genre/Siyam/paile roja chairo na.mp3","https://pub-d7aa2a1ce06c45019530da0ea90f67d8.r2.dev/genre/Siyam/paile%20roja%20chairo%20na.mp3"
"genre/Urdu/Janan Watan Song of Gilgit Baltistan.mp3","https://pub-d7aa2a1ce06c45019530da0ea90f67d8.r2.dev/genre/Urdu/Janan%20Watan%20Song%20of%20Gilgit%20Baltistan.mp3"
"genre/Urdu/ek_bar_jo_aye-.mp3","https://pub-d7aa2a1ce06c45019530da0ea90f67d8.r2.dev/genre/Urdu/ek_bar_jo_aye-.mp3"
"genre/biplobi/A-Pother-O-Pothiker.mp3","https://pub-d7aa2a1ce06c45019530da0ea90f67d8.r2.dev/genre/biplobi/A-Pother-O-Pothiker.mp3"
"genre/biplobi/Abul-Kashem.mp3","https://pub-d7aa2a1ce06c45019530da0ea90f67d8.r2.dev/genre/biplobi/Abul-Kashem.mp3"
"genre/biplobi/Ai-Hate-O.mp3","https://pub-d7aa2a1ce06c45019530da0ea90f67d8.r2.dev/genre/biplobi/Ai-Hate-O.mp3"
"genre/biplobi/Aj-Noi-Kal-1.mp3","https://pub-d7aa2a1ce06c45019530da0ea90f67d8.r2.dev/genre/biplobi/Aj-Noi-Kal-1.mp3"
"genre/biplobi/Aj-Noi-Kal-2.mp3","https://pub-d7aa2a1ce06c45019530da0ea90f67d8.r2.dev/genre/biplobi/Aj-Noi-Kal-2.mp3"
"genre/biplobi/Ak-Dol-Valo.mp3","https://pub-d7aa2a1ce06c45019530da0ea90f67d8.r2.dev/genre/biplobi/Ak-Dol-Valo.mp3"
"genre/biplobi/Akjon-Shahider.mp3","https://pub-d7aa2a1ce06c45019530da0ea90f67d8.r2.dev/genre/biplobi/Akjon-Shahider.mp3"
"genre/biplobi/Allaher rahe.mp3","https://pub-d7aa2a1ce06c45019530da0ea90f67d8.r2.dev/genre/biplobi/Allaher%20rahe.mp3"
"genre/biplobi/Allaher-Ain-Ar.mp3","https://pub-d7aa2a1ce06c45019530da0ea90f67d8.r2.dev/genre/biplobi/Allaher-Ain-Ar.mp3"
"genre/biplobi/Allahu-Akbar-Takbir.mp3","https://pub-d7aa2a1ce06c45019530da0ea90f67d8.r2.dev/genre/biplobi/Allahu-Akbar-Takbir.mp3"
"genre/biplobi/Allahu-Akbar.mp3","https://pub-d7aa2a1ce06c45019530da0ea90f67d8.r2.dev/genre/biplobi/Allahu-Akbar.mp3"
"genre/biplobi/Alquraner-Poth.mp3","https://pub-d7aa2a1ce06c45019530da0ea90f67d8.r2.dev/genre/biplobi/Alquraner-Poth.mp3"
"genre/biplobi/Ar-Hotasha-Noi.mp3","https://pub-d7aa2a1ce06c45019530da0ea90f67d8.r2.dev/genre/biplobi/Ar-Hotasha-Noi.mp3"
"genre/biplobi/Ar-Kono-Gun-Noi.mp3","https://pub-d7aa2a1ce06c45019530da0ea90f67d8.r2.dev/genre/biplobi/Ar-Kono-Gun-Noi.mp3"
"genre/biplobi/Asho-Ak-Jamate.mp3","https://pub-d7aa2a1ce06c45019530da0ea90f67d8.r2.dev/genre/biplobi/Asho-Ak-Jamate.mp3"
"genre/biplobi/Asho-Bhai-Aj-Amra.mp3","https://pub-d7aa2a1ce06c45019530da0ea90f67d8.r2.dev/genre/biplobi/Asho-Bhai-Aj-Amra.mp3"
"genre/biplobi/Az-Joto-Proyojon-Gun-Gazaler.mp3","https://pub-d7aa2a1ce06c45019530da0ea90f67d8.r2.dev/genre/biplobi/Az-Joto-Proyojon-Gun-Gazaler.mp3"
"genre/biplobi/Islam chara.mp3","https://pub-d7aa2a1ce06c45019530da0ea90f67d8.r2.dev/genre/biplobi/Islam%20chara.mp3"
"genre/biplobi/Kon-Deshere.mp3","https://pub-d7aa2a1ce06c45019530da0ea90f67d8.r2.dev/genre/biplobi/Kon-Deshere.mp3"
"genre/biplobi/adhar-chire.mp3","https://pub-d7aa2a1ce06c45019530da0ea90f67d8.r2.dev/genre/biplobi/adhar-chire.mp3"
"genre/biplobi/ajker-ei-prithibite.mp3","https://pub-d7aa2a1ce06c45019530da0ea90f67d8.r2.dev/genre/biplobi/ajker-ei-prithibite.mp3"
"genre/biplobi/amader bijoy.mp3","https://pub-d7aa2a1ce06c45019530da0ea90f67d8.r2.dev/genre/biplobi/amader%20bijoy.mp3"
"genre/biplobi/amader book.mp3","https://pub-d7aa2a1ce06c45019530da0ea90f67d8.r2.dev/genre/biplobi/amader%20book.mp3"
"genre/biplobi/amader ek kore.mp3","https://pub-d7aa2a1ce06c45019530da0ea90f67d8.r2.dev/genre/biplobi/amader%20ek%20kore.mp3"
"genre/biplobi/amader keu nei.mp3","https://pub-d7aa2a1ce06c45019530da0ea90f67d8.r2.dev/genre/biplobi/amader%20keu%20nei.mp3"
"genre/biplobi/amader prottoy.mp3","https://pub-d7aa2a1ce06c45019530da0ea90f67d8.r2.dev/genre/biplobi/amader%20prottoy.mp3"
"genre/biplobi/amader rukhtey.mp3","https://pub-d7aa2a1ce06c45019530da0ea90f67d8.r2.dev/genre/biplobi/amader%20rukhtey.mp3"
"genre/biplobi/amader samne.mp3","https://pub-d7aa2a1ce06c45019530da0ea90f67d8.r2.dev/genre/biplobi/amader%20samne.mp3"
"genre/biplobi/amar jibon.mp3","https://pub-d7aa2a1ce06c45019530da0ea90f67d8.r2.dev/genre/biplobi/amar%20jibon.mp3"
"genre/biplobi/amay ekti 2.mp3","https://pub-d7aa2a1ce06c45019530da0ea90f67d8.r2.dev/genre/biplobi/amay%20ekti%202.mp3"
"genre/biplobi/ami bolbo.mp3","https://pub-d7aa2a1ce06c45019530da0ea90f67d8.r2.dev/genre/biplobi/ami%20bolbo.mp3"
"genre/biplobi/ami hote chai.mp3","https://pub-d7aa2a1ce06c45019530da0ea90f67d8.r2.dev/genre/biplobi/ami%20hote%20chai.mp3"
"genre/biplobi/ami onek vorosar.mp3","https://pub-d7aa2a1ce06c45019530da0ea90f67d8.r2.dev/genre/biplobi/ami%20onek%20vorosar.mp3"
"genre/biplobi/amma bolen2.mp3","https://pub-d7aa2a1ce06c45019530da0ea90f67d8.r2.dev/genre/biplobi/amma%20bolen2.mp3"
"genre/biplobi/amra chilam.mp3","https://pub-d7aa2a1ce06c45019530da0ea90f67d8.r2.dev/genre/biplobi/amra%20chilam.mp3"
"genre/biplobi/amra hobo bir.mp3","https://pub-d7aa2a1ce06c45019530da0ea90f67d8.r2.dev/genre/biplobi/amra%20hobo%20bir.mp3"
"genre/biplobi/amra jegechi.mp3","https://pub-d7aa2a1ce06c45019530da0ea90f67d8.r2.dev/genre/biplobi/amra%20jegechi.mp3"
"genre/biplobi/ashadeep jodi.mp3","https://pub-d7aa2a1ce06c45019530da0ea90f67d8.r2.dev/genre/biplobi/ashadeep%20jodi.mp3"
"genre/biplobi/ay ay chand.mp3","https://pub-d7aa2a1ce06c45019530da0ea90f67d8.r2.dev/genre/biplobi/ay%20ay%20chand.mp3"
"genre/biplobi/ei-jonotar.mp3","https://pub-d7aa2a1ce06c45019530da0ea90f67d8.r2.dev/genre/biplobi/ei-jonotar.mp3"
"genre/biplobi/ek hau muslim.mp3","https://pub-d7aa2a1ce06c45019530da0ea90f67d8.r2.dev/genre/biplobi/ek%20hau%20muslim.mp3"
"genre/biplobi/ekdin Jonota.mp3","https://pub-d7aa2a1ce06c45019530da0ea90f67d8.r2.dev/genre/biplobi/ekdin%20Jonota.mp3"
"genre/biplobi/he mujaheed.mp3","https://pub-d7aa2a1ce06c45019530da0ea90f67d8.r2.dev/genre/biplobi/he%20mujaheed.mp3"
"genre/biplobi/more/Deshe-Biddut-Nai.mp3","https://pub-d7aa2a1ce06c45019530da0ea90f67d8.r2.dev/genre/biplobi/more/Deshe-Biddut-Nai.mp3"
"genre/biplobi/more/dola lage.mp3","https://pub-d7aa2a1ce06c45019530da0ea90f67d8.r2.dev/genre/biplobi/more/dola%20lage.mp3"
"genre/biplobi/more/durgom giri.mp3","https://pub-d7aa2a1ce06c45019530da0ea90f67d8.r2.dev/genre/biplobi/more/durgom%20giri.mp3"
"genre/biplobi/more/ekhono manush.mp3","https://pub-d7aa2a1ce06c45019530da0ea90f67d8.r2.dev/genre/biplobi/more/ekhono%20manush.mp3"
"genre/biplobi/more/gori chole.mp3","https://pub-d7aa2a1ce06c45019530da0ea90f67d8.r2.dev/genre/biplobi/more/gori%20chole.mp3"
"genre/biplobi/more/kobi farrukh.mp3","https://pub-d7aa2a1ce06c45019530da0ea90f67d8.r2.dev/genre/biplobi/more/kobi%20farrukh.mp3"
"genre/biplobi/more/pon korechi.mp3","https://pub-d7aa2a1ce06c45019530da0ea90f67d8.r2.dev/genre/biplobi/more/pon%20korechi.mp3"
"genre/biplobi/onek ashay.mp3","https://pub-d7aa2a1ce06c45019530da0ea90f67d8.r2.dev/genre/biplobi/onek%20ashay.mp3"
"genre/biplobi/special/alquraner soinik.mp3","https://pub-d7aa2a1ce06c45019530da0ea90f67d8.r2.dev/genre/biplobi/special/alquraner%20soinik.mp3"
"genre/ma/make mone pore/10 Maa go maa.mp3","https://pub-d7aa2a1ce06c45019530da0ea90f67d8.r2.dev/genre/ma/make%20mone%20pore/10%20Maa%20go%20maa.mp3"
"genre/ma/make mone pore/11-aj khub poRche.mp3","https://pub-d7aa2a1ce06c45019530da0ea90f67d8.r2.dev/genre/ma/make%20mone%20pore/11-aj%20khub%20poRche.mp3"
"genre/ma/make mone pore/12amma bolen ghor.mp3","https://pub-d7aa2a1ce06c45019530da0ea90f67d8.r2.dev/genre/ma/make%20mone%20pore/12amma%20bolen%20ghor.mp3"
"genre/ma/make mone pore/1make mone pore.mp3","https://pub-d7aa2a1ce06c45019530da0ea90f67d8.r2.dev/genre/ma/make%20mone%20pore/1make%20mone%20pore.mp3"
"genre/ma/make mone pore/2tumi shunecho ki.mp3","https://pub-d7aa2a1ce06c45019530da0ea90f67d8.r2.dev/genre/ma/make%20mone%20pore/2tumi%20shunecho%20ki.mp3"
"genre/ma/make mone pore/3kotodin dehina.mp3","https://pub-d7aa2a1ce06c45019530da0ea90f67d8.r2.dev/genre/ma/make%20mone%20pore/3kotodin%20dehina.mp3"
"genre/ma/make mone pore/4amaroi ma jononi.mp3","https://pub-d7aa2a1ce06c45019530da0ea90f67d8.r2.dev/genre/ma/make%20mone%20pore/4amaroi%20ma%20jononi.mp3"
"genre/ma/make mone pore/5ogo ma tumi ei.mp3","https://pub-d7aa2a1ce06c45019530da0ea90f67d8.r2.dev/genre/ma/make%20mone%20pore/5ogo%20ma%20tumi%20ei.mp3"
"genre/ma/make mone pore/6tumi ki aj shudhu.mp3","https://pub-d7aa2a1ce06c45019530da0ea90f67d8.r2.dev/genre/ma/make%20mone%20pore/6tumi%20ki%20aj%20shudhu.mp3"
"genre/ma/make mone pore/7amar ma.mp3","https://pub-d7aa2a1ce06c45019530da0ea90f67d8.r2.dev/genre/ma/make%20mone%20pore/7amar%20ma.mp3"
"genre/ma/make mone pore/8chotto somoy.mp3","https://pub-d7aa2a1ce06c45019530da0ea90f67d8.r2.dev/genre/ma/make%20mone%20pore/8chotto%20somoy.mp3"
"genre/ma/make mone pore/9e songsare mayer.mp3","https://pub-d7aa2a1ce06c45019530da0ea90f67d8.r2.dev/genre/ma/make%20mone%20pore/9e%20songsare%20mayer.mp3"
"genre/ma/make mone pore/desktop.ini","https://pub-d7aa2a1ce06c45019530da0ea90f67d8.r2.dev/genre/ma/make%20mone%20pore/desktop.ini"
"genre/malek vai/03maleker_swapnera.mp3","https://pub-d7aa2a1ce06c45019530da0ea90f67d8.r2.dev/genre/malek%20vai/03maleker_swapnera.mp3"
"genre/malek vai/11_malek_tomar_rokte.mp3","https://pub-d7aa2a1ce06c45019530da0ea90f67d8.r2.dev/genre/malek%20vai/11_malek_tomar_rokte.mp3"
"genre/malek vai/2ankhi jole.mp3","https://pub-d7aa2a1ce06c45019530da0ea90f67d8.r2.dev/genre/malek%20vai/2ankhi%20jole.mp3"
"genre/malek vai/9janina ar.mp3","https://pub-d7aa2a1ce06c45019530da0ea90f67d8.r2.dev/genre/malek%20vai/9janina%20ar.mp3"
"genre/malek vai/Maleq vaier.mp3","https://pub-d7aa2a1ce06c45019530da0ea90f67d8.r2.dev/genre/malek%20vai/Maleq%20vaier.mp3"
"genre/malek vai/Shoto shoto malek.mp3","https://pub-d7aa2a1ce06c45019530da0ea90f67d8.r2.dev/genre/malek%20vai/Shoto%20shoto%20malek.mp3"
"genre/malek vai/maleker sathira.mp3","https://pub-d7aa2a1ce06c45019530da0ea90f67d8.r2.dev/genre/malek%20vai/maleker%20sathira.mp3"
"genre/malek vai/sei_kalo_mukh.mp3","https://pub-d7aa2a1ce06c45019530da0ea90f67d8.r2.dev/genre/malek%20vai/sei_kalo_mukh.mp3"
"genre/malek vai/tomra vule gecho.mp3","https://pub-d7aa2a1ce06c45019530da0ea90f67d8.r2.dev/genre/malek%20vai/tomra%20vule%20gecho.mp3"
"genre/patriotic/Ai-Desh-Shah.amr","https://pub-d7aa2a1ce06c45019530da0ea90f67d8.r2.dev/genre/patriotic/Ai-Desh-Shah.amr"
"genre/patriotic/Akti-Shonar-Desh.amr","https://pub-d7aa2a1ce06c45019530da0ea90f67d8.r2.dev/genre/patriotic/Akti-Shonar-Desh.amr"
"genre/patriotic/Vashar-Kodor.amr","https://pub-d7aa2a1ce06c45019530da0ea90f67d8.r2.dev/genre/patriotic/Vashar-Kodor.amr"
"genre/patriotic/albm-desher gan/10fojorer adhan.mp3","https://pub-d7aa2a1ce06c45019530da0ea90f67d8.r2.dev/genre/patriotic/albm-desher%20gan/10fojorer%20adhan.mp3"
"genre/patriotic/albm-desher gan/11ghaser buke.mp3","https://pub-d7aa2a1ce06c45019530da0ea90f67d8.r2.dev/genre/patriotic/albm-desher%20gan/11ghaser%20buke.mp3"
"genre/patriotic/albm-desher gan/12pakhi deke zaie.mp3","https://pub-d7aa2a1ce06c45019530da0ea90f67d8.r2.dev/genre/patriotic/albm-desher%20gan/12pakhi%20deke%20zaie.mp3"
"genre/patriotic/albm-desher gan/13ekti desher.mp3","https://pub-d7aa2a1ce06c45019530da0ea90f67d8.r2.dev/genre/patriotic/albm-desher%20gan/13ekti%20desher.mp3"
"genre/patriotic/albm-desher gan/14bagane koto.mp3","https://pub-d7aa2a1ce06c45019530da0ea90f67d8.r2.dev/genre/patriotic/albm-desher%20gan/14bagane%20koto.mp3"
"genre/patriotic/albm-desher gan/15vorer sonali.mp3","https://pub-d7aa2a1ce06c45019530da0ea90f67d8.r2.dev/genre/patriotic/albm-desher%20gan/15vorer%20sonali.mp3"
"genre/patriotic/albm-desher gan/1amay emon ek.mp3","https://pub-d7aa2a1ce06c45019530da0ea90f67d8.r2.dev/genre/patriotic/albm-desher%20gan/1amay%20emon%20ek.mp3"
"genre/patriotic/albm-desher gan/2bder matite.mp3","https://pub-d7aa2a1ce06c45019530da0ea90f67d8.r2.dev/genre/patriotic/albm-desher%20gan/2bder%20matite.mp3"
"genre/patriotic/albm-desher gan/3colona zaiee.mp3","https://pub-d7aa2a1ce06c45019530da0ea90f67d8.r2.dev/genre/patriotic/albm-desher%20gan/3colona%20zaiee.mp3"
"genre/patriotic/albm-desher gan/4ei desh amar.mp3","https://pub-d7aa2a1ce06c45019530da0ea90f67d8.r2.dev/genre/patriotic/albm-desher%20gan/4ei%20desh%20amar.mp3"
"genre/patriotic/albm-desher gan/5ekbar zete.mp3","https://pub-d7aa2a1ce06c45019530da0ea90f67d8.r2.dev/genre/patriotic/albm-desher%20gan/5ekbar%20zete.mp3"
"genre/patriotic/albm-desher gan/6ze desh amar.mp3","https://pub-d7aa2a1ce06c45019530da0ea90f67d8.r2.dev/genre/patriotic/albm-desher%20gan/6ze%20desh%20amar.mp3"
"genre/patriotic/albm-desher gan/7cikimiki.mp3","https://pub-d7aa2a1ce06c45019530da0ea90f67d8.r2.dev/genre/patriotic/albm-desher%20gan/7cikimiki.mp3"
"genre/patriotic/albm-desher gan/8ei deshta ekta.mp3","https://pub-d7aa2a1ce06c45019530da0ea90f67d8.r2.dev/genre/patriotic/albm-desher%20gan/8ei%20deshta%20ekta.mp3"
"genre/patriotic/albm-desher gan/9ogo provu.mp3","https://pub-d7aa2a1ce06c45019530da0ea90f67d8.r2.dev/genre/patriotic/albm-desher%20gan/9ogo%20provu.mp3"
"genre/patriotic/ek niyome.MKV","https://pub-d7aa2a1ce06c45019530da0ea90f67d8.r2.dev/genre/patriotic/ek%20niyome.MKV"
"genre/random collection/gan-shona-valo.mp3","https://pub-d7aa2a1ce06c45019530da0ea90f67d8.r2.dev/genre/random%20collection/gan-shona-valo.mp3"
"genre/regional/ango bari noakhali.mp3","https://pub-d7aa2a1ce06c45019530da0ea90f67d8.r2.dev/genre/regional/ango%20bari%20noakhali.mp3"
"genre/regional/dubai geche.mp3","https://pub-d7aa2a1ce06c45019530da0ea90f67d8.r2.dev/genre/regional/dubai%20geche.mp3"
"genre/regional/kocu hatar hani.mp3","https://pub-d7aa2a1ce06c45019530da0ea90f67d8.r2.dev/genre/regional/kocu%20hatar%20hani.mp3"
"genre/regional/noakhailla madi.mp3","https://pub-d7aa2a1ce06c45019530da0ea90f67d8.r2.dev/genre/regional/noakhailla%20madi.mp3"
"genre/regional/o amar siloti vy.mp3","https://pub-d7aa2a1ce06c45019530da0ea90f67d8.r2.dev/genre/regional/o%20amar%20siloti%20vy.mp3"
"genre/regional/rickshawala kuckai cala.mp3","https://pub-d7aa2a1ce06c45019530da0ea90f67d8.r2.dev/genre/regional/rickshawala%20kuckai%20cala.mp3"
"genre/sosas/dake raiyan/10rahmate cheye.mp3","https://pub-d7aa2a1ce06c45019530da0ea90f67d8.r2.dev/genre/sosas/dake%20raiyan/10rahmate%20cheye.mp3"
"genre/sosas/dake raiyan/11shono mumin.mp3","https://pub-d7aa2a1ce06c45019530da0ea90f67d8.r2.dev/genre/sosas/dake%20raiyan/11shono%20mumin.mp3"
"genre/sosas/dake raiyan/12mahe romjan eseche.mp3","https://pub-d7aa2a1ce06c45019530da0ea90f67d8.r2.dev/genre/sosas/dake%20raiyan/12mahe%20romjan%20eseche.mp3"
"genre/sosas/dake raiyan/13sara diner upos.mp3","https://pub-d7aa2a1ce06c45019530da0ea90f67d8.r2.dev/genre/sosas/dake%20raiyan/13sara%20diner%20upos.mp3"
"genre/sosas/dake raiyan/14nijeke shodhoni.mp3","https://pub-d7aa2a1ce06c45019530da0ea90f67d8.r2.dev/genre/sosas/dake%20raiyan/14nijeke%20shodhoni.mp3"
"genre/sosas/dake raiyan/15romjan mas muminer.mp3","https://pub-d7aa2a1ce06c45019530da0ea90f67d8.r2.dev/genre/sosas/dake%20raiyan/15romjan%20mas%20muminer.mp3"
"genre/sosas/dake raiyan/16emon ek mas.mp3","https://pub-d7aa2a1ce06c45019530da0ea90f67d8.r2.dev/genre/sosas/dake%20raiyan/16emon%20ek%20mas.mp3"
"genre/sosas/dake raiyan/17abar elo mahe.mp3","https://pub-d7aa2a1ce06c45019530da0ea90f67d8.r2.dev/genre/sosas/dake%20raiyan/17abar%20elo%20mahe.mp3"
"genre/sosas/dake raiyan/18taqwar muminer.mp3","https://pub-d7aa2a1ce06c45019530da0ea90f67d8.r2.dev/genre/sosas/dake%20raiyan/18taqwar%20muminer.mp3"
"genre/sosas/dake raiyan/19srijile he rohoman.mp3","https://pub-d7aa2a1ce06c45019530da0ea90f67d8.r2.dev/genre/sosas/dake%20raiyan/19srijile%20he%20rohoman.mp3"
"genre/sosas/dake raiyan/1provu tarar horof.mp3","https://pub-d7aa2a1ce06c45019530da0ea90f67d8.r2.dev/genre/sosas/dake%20raiyan/1provu%20tarar%20horof.mp3"
"genre/sosas/dake raiyan/20Allah tomar.mp3","https://pub-d7aa2a1ce06c45019530da0ea90f67d8.r2.dev/genre/sosas/dake%20raiyan/20Allah%20tomar.mp3"
"genre/sosas/dake raiyan/2jag rojadar.mp3","https://pub-d7aa2a1ce06c45019530da0ea90f67d8.r2.dev/genre/sosas/dake%20raiyan/2jag%20rojadar.mp3"
"genre/sosas/dake raiyan/3-roja rakhbo.mp3","https://pub-d7aa2a1ce06c45019530da0ea90f67d8.r2.dev/genre/sosas/dake%20raiyan/3-roja%20rakhbo.mp3"
"genre/sosas/dake raiyan/4zodi siyamer.mp3","https://pub-d7aa2a1ce06c45019530da0ea90f67d8.r2.dev/genre/sosas/dake%20raiyan/4zodi%20siyamer.mp3"
"genre/sosas/dake raiyan/5tui zakat de re.mp3","https://pub-d7aa2a1ce06c45019530da0ea90f67d8.r2.dev/genre/sosas/dake%20raiyan/5tui%20zakat%20de%20re.mp3"
"genre/sosas/dake raiyan/7elo romjan.mp3","https://pub-d7aa2a1ce06c45019530da0ea90f67d8.r2.dev/genre/sosas/dake%20raiyan/7elo%20romjan.mp3"
"genre/sosas/dake raiyan/8jannater oi sonar.mp3","https://pub-d7aa2a1ce06c45019530da0ea90f67d8.r2.dev/genre/sosas/dake%20raiyan/8jannater%20oi%20sonar.mp3"
"genre/sosas/dake raiyan/9bagane notun ful.mp3","https://pub-d7aa2a1ce06c45019530da0ea90f67d8.r2.dev/genre/sosas/dake%20raiyan/9bagane%20notun%20ful.mp3"
"genre/sosas/dake raiyan/AlbumArtSmall.jpg","https://pub-d7aa2a1ce06c45019530da0ea90f67d8.r2.dev/genre/sosas/dake%20raiyan/AlbumArtSmall.jpg"
"genre/sosas/dake raiyan/AlbumArt_{28CEAADB-DC61-44DB-AB23-8DFA5C591949}_Large.jpg","https://pub-d7aa2a1ce06c45019530da0ea90f67d8.r2.dev/genre/sosas/dake%20raiyan/AlbumArt_{28CEAADB-DC61-44DB-AB23-8DFA5C591949}_Large.jpg"
"genre/sosas/dake raiyan/AlbumArt_{28CEAADB-DC61-44DB-AB23-8DFA5C591949}_Small.jpg","https://pub-d7aa2a1ce06c45019530da0ea90f67d8.r2.dev/genre/sosas/dake%20raiyan/AlbumArt_{28CEAADB-DC61-44DB-AB23-8DFA5C591949}_Small.jpg"
"genre/sosas/dake raiyan/CD-02.jpg","https://pub-d7aa2a1ce06c45019530da0ea90f67d8.r2.dev/genre/sosas/dake%20raiyan/CD-02.jpg"
"genre/sosas/dake raiyan/Folder.jpg","https://pub-d7aa2a1ce06c45019530da0ea90f67d8.r2.dev/genre/sosas/dake%20raiyan/Folder.jpg"
"genre/sosas/dake raiyan/Ramadan ALBUM Prossod .doc","https://pub-d7aa2a1ce06c45019530da0ea90f67d8.r2.dev/genre/sosas/dake%20raiyan/Ramadan%20ALBUM%20Prossod%20.doc"
"genre/sosas/dake raiyan/desktop.ini","https://pub-d7aa2a1ce06c45019530da0ea90f67d8.r2.dev/genre/sosas/dake%20raiyan/desktop.ini"
"group/CHP/Minarer Sur/01. Rob Ke Tomar.MP3","https://pub-d7aa2a1ce06c45019530da0ea90f67d8.r2.dev/group/CHP/Minarer%20Sur/01.%20Rob%20Ke%20Tomar.MP3"
"group/CHP/Minarer Sur/02. Eso Quraner.MP3","https://pub-d7aa2a1ce06c45019530da0ea90f67d8.r2.dev/group/CHP/Minarer%20Sur/02.%20Eso%20Quraner.MP3"
"group/CHP/Minarer Sur/03. Sonali Sei.MP3","https://pub-d7aa2a1ce06c45019530da0ea90f67d8.r2.dev/group/CHP/Minarer%20Sur/03.%20Sonali%20Sei.MP3"
"group/CHP/Minarer Sur/04. Jolchhe Kashmir.MP3","https://pub-d7aa2a1ce06c45019530da0ea90f67d8.r2.dev/group/CHP/Minarer%20Sur/04.%20Jolchhe%20Kashmir.MP3"
"group/CHP/Minarer Sur/05. Aaj Somoyta.MP3","https://pub-d7aa2a1ce06c45019530da0ea90f67d8.r2.dev/group/CHP/Minarer%20Sur/05.%20Aaj%20Somoyta.MP3"
"group/CHP/Minarer Sur/06. Jara Allah-r.MP3","https://pub-d7aa2a1ce06c45019530da0ea90f67d8.r2.dev/group/CHP/Minarer%20Sur/06.%20Jara%20Allah-r.MP3"
"group/CHP/Minarer Sur/07. Raat Ketechhe.MP3","https://pub-d7aa2a1ce06c45019530da0ea90f67d8.r2.dev/group/CHP/Minarer%20Sur/07.%20Raat%20Ketechhe.MP3"
"group/CHP/Minarer Sur/08. Allah Chhara.MP3","https://pub-d7aa2a1ce06c45019530da0ea90f67d8.r2.dev/group/CHP/Minarer%20Sur/08.%20Allah%20Chhara.MP3"
"group/CHP/Minarer Sur/09. Chhere Dao.MP3","https://pub-d7aa2a1ce06c45019530da0ea90f67d8.r2.dev/group/CHP/Minarer%20Sur/09.%20Chhere%20Dao.MP3"
"group/CHP/Minarer Sur/10. Adhar Raate.MP3","https://pub-d7aa2a1ce06c45019530da0ea90f67d8.r2.dev/group/CHP/Minarer%20Sur/10.%20Adhar%20Raate.MP3"
"group/CHP/Minarer Sur/11. Allah Tumi.MP3","https://pub-d7aa2a1ce06c45019530da0ea90f67d8.r2.dev/group/CHP/Minarer%20Sur/11.%20Allah%20Tumi.MP3"
"group/CHP/Minarer Sur/12. Ek Ho Muslim.MP3","https://pub-d7aa2a1ce06c45019530da0ea90f67d8.r2.dev/group/CHP/Minarer%20Sur/12.%20Ek%20Ho%20Muslim.MP3"
"group/CHP/Muslim Aj Utho/01_jege_utho_muslim.mp3","https://pub-d7aa2a1ce06c45019530da0ea90f67d8.r2.dev/group/CHP/Muslim%20Aj%20Utho/01_jege_utho_muslim.mp3"
"group/CHP/Muslim Aj Utho/02_o_amar_filistin.mp3","https://pub-d7aa2a1ce06c45019530da0ea90f67d8.r2.dev/group/CHP/Muslim%20Aj%20Utho/02_o_amar_filistin.mp3"
"group/CHP/Muslim Aj Utho/03_bishwo_bibek.mp3","https://pub-d7aa2a1ce06c45019530da0ea90f67d8.r2.dev/group/CHP/Muslim%20Aj%20Utho/03_bishwo_bibek.mp3"
"group/CHP/Muslim Aj Utho/04_ihudi_nasarar_buleter.mp3","https://pub-d7aa2a1ce06c45019530da0ea90f67d8.r2.dev/group/CHP/Muslim%20Aj%20Utho/04_ihudi_nasarar_buleter.mp3"
"group/CHP/Muslim Aj Utho/05_mago_amay.mp3","https://pub-d7aa2a1ce06c45019530da0ea90f67d8.r2.dev/group/CHP/Muslim%20Aj%20Utho/05_mago_amay.mp3"
"group/CHP/Muslim Aj Utho/06_afghan_amader_imaner.mp3","https://pub-d7aa2a1ce06c45019530da0ea90f67d8.r2.dev/group/CHP/Muslim%20Aj%20Utho/06_afghan_amader_imaner.mp3"
"group/CHP/Muslim Aj Utho/07_filistini_mayer.mp3","https://pub-d7aa2a1ce06c45019530da0ea90f67d8.r2.dev/group/CHP/Muslim%20Aj%20Utho/07_filistini_mayer.mp3"
"group/CHP/Muslim Aj Utho/08_prithibir_protiti_jonopode.mp3","https://pub-d7aa2a1ce06c45019530da0ea90f67d8.r2.dev/group/CHP/Muslim%20Aj%20Utho/08_prithibir_protiti_jonopode.mp3"
"group/CHP/Muslim Aj Utho/09_ghumonto_jononir.mp3","https://pub-d7aa2a1ce06c45019530da0ea90f67d8.r2.dev/group/CHP/Muslim%20Aj%20Utho/09_ghumonto_jononir.mp3"
"group/CHP/Muslim Aj Utho/10_zuddhe_zabar_somoy.mp3","https://pub-d7aa2a1ce06c45019530da0ea90f67d8.r2.dev/group/CHP/Muslim%20Aj%20Utho/10_zuddhe_zabar_somoy.mp3"
"group/CHP/Muslim Aj Utho/11_bodorer_prantore.mp3","https://pub-d7aa2a1ce06c45019530da0ea90f67d8.r2.dev/group/CHP/Muslim%20Aj%20Utho/11_bodorer_prantore.mp3"
"group/CHP/Muslim Aj Utho/12_shahider_lash_dekho.mp3","https://pub-d7aa2a1ce06c45019530da0ea90f67d8.r2.dev/group/CHP/Muslim%20Aj%20Utho/12_shahider_lash_dekho.mp3"
"group/CHP/Muslim Aj Utho/13_bodorer_zuddho_dekhi.mp3","https://pub-d7aa2a1ce06c45019530da0ea90f67d8.r2.dev/group/CHP/Muslim%20Aj%20Utho/13_bodorer_zuddho_dekhi.mp3"
"group/CHP/Muslim Aj Utho/14_zihader_moydan.mp3","https://pub-d7aa2a1ce06c45019530da0ea90f67d8.r2.dev/group/CHP/Muslim%20Aj%20Utho/14_zihader_moydan.mp3"
"group/CHP/Muslim Aj Utho/15_dhormer_pothe_shahid.mp3","https://pub-d7aa2a1ce06c45019530da0ea90f67d8.r2.dev/group/CHP/Muslim%20Aj%20Utho/15_dhormer_pothe_shahid.mp3"
"group/CHP/Sommilon_clean.mp3","https://pub-d7aa2a1ce06c45019530da0ea90f67d8.r2.dev/group/CHP/Sommilon_clean.mp3"
"group/CHP/sommilon.mp3","https://pub-d7aa2a1ce06c45019530da0ea90f67d8.r2.dev/group/CHP/sommilon.mp3"
"group/Disahri/01 Swopno Vasha Chokhe/1-tomar-name-zoto.mp3","https://pub-d7aa2a1ce06c45019530da0ea90f67d8.r2.dev/group/Disahri/01%20Swopno%20Vasha%20Chokhe/1-tomar-name-zoto.mp3"
"group/Disahri/01 Swopno Vasha Chokhe/10-man-na-badha.mp3","https://pub-d7aa2a1ce06c45019530da0ea90f67d8.r2.dev/group/Disahri/01%20Swopno%20Vasha%20Chokhe/10-man-na-badha.mp3"
"group/Disahri/01 Swopno Vasha Chokhe/11-e-desh-amar.mp3","https://pub-d7aa2a1ce06c45019530da0ea90f67d8.r2.dev/group/Disahri/01%20Swopno%20Vasha%20Chokhe/11-e-desh-amar.mp3"
"group/Disahri/01 Swopno Vasha Chokhe/12-shahadat-shorab.mp3","https://pub-d7aa2a1ce06c45019530da0ea90f67d8.r2.dev/group/Disahri/01%20Swopno%20Vasha%20Chokhe/12-shahadat-shorab.mp3"
"group/Disahri/01 Swopno Vasha Chokhe/13-edesher-akashe.mp3","https://pub-d7aa2a1ce06c45019530da0ea90f67d8.r2.dev/group/Disahri/01%20Swopno%20Vasha%20Chokhe/13-edesher-akashe.mp3"
"group/Disahri/01 Swopno Vasha Chokhe/2-hridoye-bangladesh.mp3","https://pub-d7aa2a1ce06c45019530da0ea90f67d8.r2.dev/group/Disahri/01%20Swopno%20Vasha%20Chokhe/2-hridoye-bangladesh.mp3"
"group/Disahri/01 Swopno Vasha Chokhe/3-dhire-dhire-boye.mp3","https://pub-d7aa2a1ce06c45019530da0ea90f67d8.r2.dev/group/Disahri/01%20Swopno%20Vasha%20Chokhe/3-dhire-dhire-boye.mp3"
"group/Disahri/01 Swopno Vasha Chokhe/4-kal-rate-swopno.mp3","https://pub-d7aa2a1ce06c45019530da0ea90f67d8.r2.dev/group/Disahri/01%20Swopno%20Vasha%20Chokhe/4-kal-rate-swopno.mp3"
"group/Disahri/01 Swopno Vasha Chokhe/5-o-majhi-vai.mp3","https://pub-d7aa2a1ce06c45019530da0ea90f67d8.r2.dev/group/Disahri/01%20Swopno%20Vasha%20Chokhe/5-o-majhi-vai.mp3"
"group/Disahri/01 Swopno Vasha Chokhe/6-pakhider-kolahol.mp3","https://pub-d7aa2a1ce06c45019530da0ea90f67d8.r2.dev/group/Disahri/01%20Swopno%20Vasha%20Chokhe/6-pakhider-kolahol.mp3"
"group/Disahri/01 Swopno Vasha Chokhe/7-oi-chondro-surjo.mp3","https://pub-d7aa2a1ce06c45019530da0ea90f67d8.r2.dev/group/Disahri/01%20Swopno%20Vasha%20Chokhe/7-oi-chondro-surjo.mp3"
"group/Disahri/01 Swopno Vasha Chokhe/8-asiachen-habibe.mp3","https://pub-d7aa2a1ce06c45019530da0ea90f67d8.r2.dev/group/Disahri/01%20Swopno%20Vasha%20Chokhe/8-asiachen-habibe.mp3"
"group/Disahri/01 Swopno Vasha Chokhe/9-amar-gaonte.mp3","https://pub-d7aa2a1ce06c45019530da0ea90f67d8.r2.dev/group/Disahri/01%20Swopno%20Vasha%20Chokhe/9-amar-gaonte.mp3"
"group/Disahri/01 Swopno Vasha Chokhe/AlbumArtSmall.jpg","https://pub-d7aa2a1ce06c45019530da0ea90f67d8.r2.dev/group/Disahri/01%20Swopno%20Vasha%20Chokhe/AlbumArtSmall.jpg"
"group/Disahri/01 Swopno Vasha Chokhe/Folder.jpg","https://pub-d7aa2a1ce06c45019530da0ea90f67d8.r2.dev/group/Disahri/01%20Swopno%20Vasha%20Chokhe/Folder.jpg"
"group/Disahri/02 Swopner Mukure/0-kangkhito-thikana.mp3","https://pub-d7aa2a1ce06c45019530da0ea90f67d8.r2.dev/group/Disahri/02%20Swopner%20Mukure/0-kangkhito-thikana.mp3"
"group/Disahri/02 Swopner Mukure/1-shah-jalaler.mp3","https://pub-d7aa2a1ce06c45019530da0ea90f67d8.r2.dev/group/Disahri/02%20Swopner%20Mukure/1-shah-jalaler.mp3"
"group/Disahri/02 Swopner Mukure/10-manush-zodi-na.mp3","https://pub-d7aa2a1ce06c45019530da0ea90f67d8.r2.dev/group/Disahri/02%20Swopner%20Mukure/10-manush-zodi-na.mp3"
"group/Disahri/02 Swopner Mukure/11-fereshtara-nimesh.mp3","https://pub-d7aa2a1ce06c45019530da0ea90f67d8.r2.dev/group/Disahri/02%20Swopner%20Mukure/11-fereshtara-nimesh.mp3"
"group/Disahri/02 Swopner Mukure/12-rahmater-baridhara.mp3","https://pub-d7aa2a1ce06c45019530da0ea90f67d8.r2.dev/group/Disahri/02%20Swopner%20Mukure/12-rahmater-baridhara.mp3"
"group/Disahri/02 Swopner Mukure/13-quraner-hukumat.mp3","https://pub-d7aa2a1ce06c45019530da0ea90f67d8.r2.dev/group/Disahri/02%20Swopner%20Mukure/13-quraner-hukumat.mp3"
"group/Disahri/02 Swopner Mukure/2-amar-ganer-bani.mp3","https://pub-d7aa2a1ce06c45019530da0ea90f67d8.r2.dev/group/Disahri/02%20Swopner%20Mukure/2-amar-ganer-bani.mp3"
"group/Disahri/02 Swopner Mukure/3-e-moydane-ke.mp3","https://pub-d7aa2a1ce06c45019530da0ea90f67d8.r2.dev/group/Disahri/02%20Swopner%20Mukure/3-e-moydane-ke.mp3"
"group/Disahri/02 Swopner Mukure/4-naoa-nei-khaoa.mp3","https://pub-d7aa2a1ce06c45019530da0ea90f67d8.r2.dev/group/Disahri/02%20Swopner%20Mukure/4-naoa-nei-khaoa.mp3"
"group/Disahri/02 Swopner Mukure/5-dushomoyer-mukhomukhi.mp3","https://pub-d7aa2a1ce06c45019530da0ea90f67d8.r2.dev/group/Disahri/02%20Swopner%20Mukure/5-dushomoyer-mukhomukhi.mp3"
"group/Disahri/02 Swopner Mukure/7-voy-ki-bondhu.mp3","https://pub-d7aa2a1ce06c45019530da0ea90f67d8.r2.dev/group/Disahri/02%20Swopner%20Mukure/7-voy-ki-bondhu.mp3"
"group/Disahri/02 Swopner Mukure/8-ekti-ganer-sworolipi.mp3","https://pub-d7aa2a1ce06c45019530da0ea90f67d8.r2.dev/group/Disahri/02%20Swopner%20Mukure/8-ekti-ganer-sworolipi.mp3"
"group/Disahri/02 Swopner Mukure/9-nirob-pahar.mp3","https://pub-d7aa2a1ce06c45019530da0ea90f67d8.r2.dev/group/Disahri/02%20Swopner%20Mukure/9-nirob-pahar.mp3"
"group/Disahri/02 Swopner Mukure/old/song -2.mp3","https://pub-d7aa2a1ce06c45019530da0ea90f67d8.r2.dev/group/Disahri/02%20Swopner%20Mukure/old/song%20-2.mp3"
"group/Disahri/1.1 Shah jalaler.mp3","https://pub-d7aa2a1ce06c45019530da0ea90f67d8.r2.dev/group/Disahri/1.1%20Shah%20jalaler.mp3"
"group/Disahri/Surma Parar Gan (Disari -3)/10_morile_kandis_na.mp3","https://pub-d7aa2a1ce06c45019530da0ea90f67d8.r2.dev/group/Disahri/Surma%20Parar%20Gan%20(Disari%20-3)/10_morile_kandis_na.mp3"
"group/Disahri/Surma Parar Gan (Disari -3)/11_surma_gangor.mp3","https://pub-d7aa2a1ce06c45019530da0ea90f67d8.r2.dev/group/Disahri/Surma%20Parar%20Gan%20(Disari%20-3)/11_surma_gangor.mp3"
"group/Disahri/Surma Parar Gan (Disari -3)/12_electori.mp3","https://pub-d7aa2a1ce06c45019530da0ea90f67d8.r2.dev/group/Disahri/Surma%20Parar%20Gan%20(Disari%20-3)/12_electori.mp3"
"group/Disahri/Surma Parar Gan (Disari -3)/13_ailare_noya_daman.mp3","https://pub-d7aa2a1ce06c45019530da0ea90f67d8.r2.dev/group/Disahri/Surma%20Parar%20Gan%20(Disari%20-3)/13_ailare_noya_daman.mp3"
"group/Disahri/Surma Parar Gan (Disari -3)/14_gramer_nawjoan.mp3","https://pub-d7aa2a1ce06c45019530da0ea90f67d8.r2.dev/group/Disahri/Surma%20Parar%20Gan%20(Disari%20-3)/14_gramer_nawjoan.mp3"
"group/Disahri/Surma Parar Gan (Disari -3)/1_amra_dishari.mp3","https://pub-d7aa2a1ce06c45019530da0ea90f67d8.r2.dev/group/Disahri/Surma%20Parar%20Gan%20(Disari%20-3)/1_amra_dishari.mp3"
"group/Disahri/Surma Parar Gan (Disari -3)/2_ze_matite_sumra.mp3","https://pub-d7aa2a1ce06c45019530da0ea90f67d8.r2.dev/group/Disahri/Surma%20Parar%20Gan%20(Disari%20-3)/2_ze_matite_sumra.mp3"
"group/Disahri/Surma Parar Gan (Disari -3)/3_o_driver.mp3","https://pub-d7aa2a1ce06c45019530da0ea90f67d8.r2.dev/group/Disahri/Surma%20Parar%20Gan%20(Disari%20-3)/3_o_driver.mp3"
"group/Disahri/Surma Parar Gan (Disari -3)/4_amar_gaonte.mp3","https://pub-d7aa2a1ce06c45019530da0ea90f67d8.r2.dev/group/Disahri/Surma%20Parar%20Gan%20(Disari%20-3)/4_amar_gaonte.mp3"
"group/Disahri/Surma Parar Gan (Disari -3)/5_loke_bole.mp3","https://pub-d7aa2a1ce06c45019530da0ea90f67d8.r2.dev/group/Disahri/Surma%20Parar%20Gan%20(Disari%20-3)/5_loke_bole.mp3"
"group/Disahri/Surma Parar Gan (Disari -3)/6-giyachilam_washington.mp3","https://pub-d7aa2a1ce06c45019530da0ea90f67d8.r2.dev/group/Disahri/Surma%20Parar%20Gan%20(Disari%20-3)/6-giyachilam_washington.mp3"
"group/Disahri/Surma Parar Gan (Disari -3)/7_matir_pinjira.mp3","https://pub-d7aa2a1ce06c45019530da0ea90f67d8.r2.dev/group/Disahri/Surma%20Parar%20Gan%20(Disari%20-3)/7_matir_pinjira.mp3"
"group/Disahri/Surma Parar Gan (Disari -3)/8_sylhet_paile.mp3","https://pub-d7aa2a1ce06c45019530da0ea90f67d8.r2.dev/group/Disahri/Surma%20Parar%20Gan%20(Disari%20-3)/8_sylhet_paile.mp3"
"group/Disahri/Surma Parar Gan (Disari -3)/9_ayre_tora.mp3","https://pub-d7aa2a1ce06c45019530da0ea90f67d8.r2.dev/group/Disahri/Surma%20Parar%20Gan%20(Disari%20-3)/9_ayre_tora.mp3"
"group/Hillol/10noakhali bari ango.mp3","https://pub-d7aa2a1ce06c45019530da0ea90f67d8.r2.dev/group/Hillol/10noakhali%20bari%20ango.mp3"
"group/Hillol/11manobota kandche.mp3","https://pub-d7aa2a1ce06c45019530da0ea90f67d8.r2.dev/group/Hillol/11manobota%20kandche.mp3"
"group/Hillol/12hridoyer canvase.mp3","https://pub-d7aa2a1ce06c45019530da0ea90f67d8.r2.dev/group/Hillol/12hridoyer%20canvase.mp3"
"group/Hillol/13amader utsobe.mp3","https://pub-d7aa2a1ce06c45019530da0ea90f67d8.r2.dev/group/Hillol/13amader%20utsobe.mp3"
"group/Hillol/1ki oporup sristi.mp3","https://pub-d7aa2a1ce06c45019530da0ea90f67d8.r2.dev/group/Hillol/1ki%20oporup%20sristi.mp3"
"group/Hillol/2allahr pothe.mp3","https://pub-d7aa2a1ce06c45019530da0ea90f67d8.r2.dev/group/Hillol/2allahr%20pothe.mp3"
"group/Hillol/3hariye geche.mp3","https://pub-d7aa2a1ce06c45019530da0ea90f67d8.r2.dev/group/Hillol/3hariye%20geche.mp3"
"group/Hillol/4chotto theke boro.mp3","https://pub-d7aa2a1ce06c45019530da0ea90f67d8.r2.dev/group/Hillol/4chotto%20theke%20boro.mp3"
"group/Hillol/5sobuj shyamol ei bd.mp3","https://pub-d7aa2a1ce06c45019530da0ea90f67d8.r2.dev/group/Hillol/5sobuj%20shyamol%20ei%20bd.mp3"
"group/Hillol/6allahr pothe zara.mp3","https://pub-d7aa2a1ce06c45019530da0ea90f67d8.r2.dev/group/Hillol/6allahr%20pothe%20zara.mp3"
"group/Hillol/7hridoy gohine.mp3","https://pub-d7aa2a1ce06c45019530da0ea90f67d8.r2.dev/group/Hillol/7hridoy%20gohine.mp3"
"group/Hillol/8chotto ami.mp3","https://pub-d7aa2a1ce06c45019530da0ea90f67d8.r2.dev/group/Hillol/8chotto%20ami.mp3"
"group/Hillol/9ma ze amar ei.mp3","https://pub-d7aa2a1ce06c45019530da0ea90f67d8.r2.dev/group/Hillol/9ma%20ze%20amar%20ei.mp3"
"group/Jagoron/1-Surer Lohori/10matrivasha bangla.mp3","https://pub-d7aa2a1ce06c45019530da0ea90f67d8.r2.dev/group/Jagoron/1-Surer%20Lohori/10matrivasha%20bangla.mp3"
"group/Jagoron/1-Surer Lohori/11belay belay.mp3","https://pub-d7aa2a1ce06c45019530da0ea90f67d8.r2.dev/group/Jagoron/1-Surer%20Lohori/11belay%20belay.mp3"
"group/Jagoron/1-Surer Lohori/12bojro aghate.mp3","https://pub-d7aa2a1ce06c45019530da0ea90f67d8.r2.dev/group/Jagoron/1-Surer%20Lohori/12bojro%20aghate.mp3"
"group/Jagoron/1-Surer Lohori/13nodir parhe.mp3","https://pub-d7aa2a1ce06c45019530da0ea90f67d8.r2.dev/group/Jagoron/1-Surer%20Lohori/13nodir%20parhe.mp3"
"group/Jagoron/1-Surer Lohori/14nazrul farrukh.mp3","https://pub-d7aa2a1ce06c45019530da0ea90f67d8.r2.dev/group/Jagoron/1-Surer%20Lohori/14nazrul%20farrukh.mp3"
"group/Jagoron/1-Surer Lohori/1Shilper vubone.mp3","https://pub-d7aa2a1ce06c45019530da0ea90f67d8.r2.dev/group/Jagoron/1-Surer%20Lohori/1Shilper%20vubone.mp3"
"group/Jagoron/1-Surer Lohori/2dekhle sobujer.mp3","https://pub-d7aa2a1ce06c45019530da0ea90f67d8.r2.dev/group/Jagoron/1-Surer%20Lohori/2dekhle%20sobujer.mp3"
"group/Jagoron/1-Surer Lohori/3sunnat.mp3","https://pub-d7aa2a1ce06c45019530da0ea90f67d8.r2.dev/group/Jagoron/1-Surer%20Lohori/3sunnat.mp3"
"group/Jagoron/1-Surer Lohori/4ami akashe.mp3","https://pub-d7aa2a1ce06c45019530da0ea90f67d8.r2.dev/group/Jagoron/1-Surer%20Lohori/4ami%20akashe.mp3"
"group/Jagoron/1-Surer Lohori/5tomar doyar.mp3","https://pub-d7aa2a1ce06c45019530da0ea90f67d8.r2.dev/group/Jagoron/1-Surer%20Lohori/5tomar%20doyar.mp3"
"group/Jagoron/1-Surer Lohori/6amar monta ure.mp3","https://pub-d7aa2a1ce06c45019530da0ea90f67d8.r2.dev/group/Jagoron/1-Surer%20Lohori/6amar%20monta%20ure.mp3"
"group/Jagoron/1-Surer Lohori/7polashir amrokanone.mp3","https://pub-d7aa2a1ce06c45019530da0ea90f67d8.r2.dev/group/Jagoron/1-Surer%20Lohori/7polashir%20amrokanone.mp3"
"group/Jagoron/1-Surer Lohori/8sushovito swornali.mp3","https://pub-d7aa2a1ce06c45019530da0ea90f67d8.r2.dev/group/Jagoron/1-Surer%20Lohori/8sushovito%20swornali.mp3"
"group/Jagoron/1-Surer Lohori/9amader rokte.mp3","https://pub-d7aa2a1ce06c45019530da0ea90f67d8.r2.dev/group/Jagoron/1-Surer%20Lohori/9amader%20rokte.mp3"
"group/Jagoron/1-Surer Lohori/Surer Lohori/10matrivasha bangla.mp3","https://pub-d7aa2a1ce06c45019530da0ea90f67d8.r2.dev/group/Jagoron/1-Surer%20Lohori/Surer%20Lohori/10matrivasha%20bangla.mp3"
"group/Jagoron/1-Surer Lohori/Surer Lohori/11belay belay.mp3","https://pub-d7aa2a1ce06c45019530da0ea90f67d8.r2.dev/group/Jagoron/1-Surer%20Lohori/Surer%20Lohori/11belay%20belay.mp3"
"group/Jagoron/1-Surer Lohori/Surer Lohori/12bojro aghate.mp3","https://pub-d7aa2a1ce06c45019530da0ea90f67d8.r2.dev/group/Jagoron/1-Surer%20Lohori/Surer%20Lohori/12bojro%20aghate.mp3"
"group/Jagoron/1-Surer Lohori/Surer Lohori/13nodir parhe.mp3","https://pub-d7aa2a1ce06c45019530da0ea90f67d8.r2.dev/group/Jagoron/1-Surer%20Lohori/Surer%20Lohori/13nodir%20parhe.mp3"
"group/Jagoron/1-Surer Lohori/Surer Lohori/14nazrul farrukh.mp3","https://pub-d7aa2a1ce06c45019530da0ea90f67d8.r2.dev/group/Jagoron/1-Surer%20Lohori/Surer%20Lohori/14nazrul%20farrukh.mp3"
"group/Jagoron/1-Surer Lohori/Surer Lohori/1Shilper vubone.mp3","https://pub-d7aa2a1ce06c45019530da0ea90f67d8.r2.dev/group/Jagoron/1-Surer%20Lohori/Surer%20Lohori/1Shilper%20vubone.mp3"
"group/Jagoron/1-Surer Lohori/Surer Lohori/2dekhle sobujer.mp3","https://pub-d7aa2a1ce06c45019530da0ea90f67d8.r2.dev/group/Jagoron/1-Surer%20Lohori/Surer%20Lohori/2dekhle%20sobujer.mp3"
"group/Jagoron/1-Surer Lohori/Surer Lohori/3Sunnat noy.mp3","https://pub-d7aa2a1ce06c45019530da0ea90f67d8.r2.dev/group/Jagoron/1-Surer%20Lohori/Surer%20Lohori/3Sunnat%20noy.mp3"
"group/Jagoron/1-Surer Lohori/Surer Lohori/4ami akashe.mp3","https://pub-d7aa2a1ce06c45019530da0ea90f67d8.r2.dev/group/Jagoron/1-Surer%20Lohori/Surer%20Lohori/4ami%20akashe.mp3"
"group/Jagoron/1-Surer Lohori/Surer Lohori/5tomar doyar.mp3","https://pub-d7aa2a1ce06c45019530da0ea90f67d8.r2.dev/group/Jagoron/1-Surer%20Lohori/Surer%20Lohori/5tomar%20doyar.mp3"
"group/Jagoron/1-Surer Lohori/Surer Lohori/6amar monta ure.mp3","https://pub-d7aa2a1ce06c45019530da0ea90f67d8.r2.dev/group/Jagoron/1-Surer%20Lohori/Surer%20Lohori/6amar%20monta%20ure.mp3"
"group/Jagoron/1-Surer Lohori/Surer Lohori/7polashir amrokanone.mp3","https://pub-d7aa2a1ce06c45019530da0ea90f67d8.r2.dev/group/Jagoron/1-Surer%20Lohori/Surer%20Lohori/7polashir%20amrokanone.mp3"
"group/Jagoron/1-Surer Lohori/Surer Lohori/8sushovito swornali.mp3","https://pub-d7aa2a1ce06c45019530da0ea90f67d8.r2.dev/group/Jagoron/1-Surer%20Lohori/Surer%20Lohori/8sushovito%20swornali.mp3"
"group/Jagoron/1-Surer Lohori/Surer Lohori/9amader rokte.mp3","https://pub-d7aa2a1ce06c45019530da0ea90f67d8.r2.dev/group/Jagoron/1-Surer%20Lohori/Surer%20Lohori/9amader%20rokte.mp3"
"group/Jagoron/2-notun kichu koro/01notun kichu koro.mp3","https://pub-d7aa2a1ce06c45019530da0ea90f67d8.r2.dev/group/Jagoron/2-notun%20kichu%20koro/01notun%20kichu%20koro.mp3"
"group/Jagoron/2-notun kichu koro/10 o bideshi bolo na.mp3","https://pub-d7aa2a1ce06c45019530da0ea90f67d8.r2.dev/group/Jagoron/2-notun%20kichu%20koro/10%20o%20bideshi%20bolo%20na.mp3"
"group/Jagoron/2-notun kichu koro/11zare za ure za.mp3","https://pub-d7aa2a1ce06c45019530da0ea90f67d8.r2.dev/group/Jagoron/2-notun%20kichu%20koro/11zare%20za%20ure%20za.mp3"
"group/Jagoron/2-notun kichu koro/12niswo tara bishwe.mp3","https://pub-d7aa2a1ce06c45019530da0ea90f67d8.r2.dev/group/Jagoron/2-notun%20kichu%20koro/12niswo%20tara%20bishwe.mp3"
"group/Jagoron/2-notun kichu koro/2Allah rasule joper gune.mp3","https://pub-d7aa2a1ce06c45019530da0ea90f67d8.r2.dev/group/Jagoron/2-notun%20kichu%20koro/2Allah%20rasule%20joper%20gune.mp3"
"group/Jagoron/2-notun kichu koro/3amra sobai sotyo nyayer.mp3","https://pub-d7aa2a1ce06c45019530da0ea90f67d8.r2.dev/group/Jagoron/2-notun%20kichu%20koro/3amra%20sobai%20sotyo%20nyayer.mp3"
"group/Jagoron/2-notun kichu koro/4has dake.mp3","https://pub-d7aa2a1ce06c45019530da0ea90f67d8.r2.dev/group/Jagoron/2-notun%20kichu%20koro/4has%20dake.mp3"
"group/Jagoron/2-notun kichu koro/5trivuboner priyo.mp3","https://pub-d7aa2a1ce06c45019530da0ea90f67d8.r2.dev/group/Jagoron/2-notun%20kichu%20koro/5trivuboner%20priyo.mp3"
"group/Jagoron/2-notun kichu koro/6ya rabbi lakal hamd.mp3","https://pub-d7aa2a1ce06c45019530da0ea90f67d8.r2.dev/group/Jagoron/2-notun%20kichu%20koro/6ya%20rabbi%20lakal%20hamd.mp3"
"group/Jagoron/2-notun kichu koro/7majhi dheu khele.mp3","https://pub-d7aa2a1ce06c45019530da0ea90f67d8.r2.dev/group/Jagoron/2-notun%20kichu%20koro/7majhi%20dheu%20khele.mp3"
"group/Jagoron/2-notun kichu koro/8bon bonair gohine.mp3","https://pub-d7aa2a1ce06c45019530da0ea90f67d8.r2.dev/group/Jagoron/2-notun%20kichu%20koro/8bon%20bonair%20gohine.mp3"
"group/Jagoron/2-notun kichu koro/9shiuli bokul.mp3","https://pub-d7aa2a1ce06c45019530da0ea90f67d8.r2.dev/group/Jagoron/2-notun%20kichu%20koro/9shiuli%20bokul.mp3"
"group/Jagoron/2-notun kichu koro/desktop.ini","https://pub-d7aa2a1ce06c45019530da0ea90f67d8.r2.dev/group/Jagoron/2-notun%20kichu%20koro/desktop.ini"
"group/Jagoron/2-notun kichu koro/ending.amr","https://pub-d7aa2a1ce06c45019530da0ea90f67d8.r2.dev/group/Jagoron/2-notun%20kichu%20koro/ending.amr"
"group/Jagoron/2-notun kichu koro/ending.mp3","https://pub-d7aa2a1ce06c45019530da0ea90f67d8.r2.dev/group/Jagoron/2-notun%20kichu%20koro/ending.mp3"
"group/Jagoron/2-notun kichu koro/starting.mp3","https://pub-d7aa2a1ce06c45019530da0ea90f67d8.r2.dev/group/Jagoron/2-notun%20kichu%20koro/starting.mp3"
"group/Nibedon/Jiban joyer gan (nibadon)/song -1.mp3","https://pub-d7aa2a1ce06c45019530da0ea90f67d8.r2.dev/group/Nibedon/Jiban%20joyer%20gan%20(nibadon)/song%20-1.mp3"
"group/Nibedon/Jiban joyer gan (nibadon)/song -10.mp3","https://pub-d7aa2a1ce06c45019530da0ea90f67d8.r2.dev/group/Nibedon/Jiban%20joyer%20gan%20(nibadon)/song%20-10.mp3"
"group/Nibedon/Jiban joyer gan (nibadon)/song -11.mp3","https://pub-d7aa2a1ce06c45019530da0ea90f67d8.r2.dev/group/Nibedon/Jiban%20joyer%20gan%20(nibadon)/song%20-11.mp3"
"group/Nibedon/Jiban joyer gan (nibadon)/song -12.mp3","https://pub-d7aa2a1ce06c45019530da0ea90f67d8.r2.dev/group/Nibedon/Jiban%20joyer%20gan%20(nibadon)/song%20-12.mp3"
"group/Nibedon/Jiban joyer gan (nibadon)/song -13.mp3","https://pub-d7aa2a1ce06c45019530da0ea90f67d8.r2.dev/group/Nibedon/Jiban%20joyer%20gan%20(nibadon)/song%20-13.mp3"
"group/Nibedon/Jiban joyer gan (nibadon)/song -14.mp3","https://pub-d7aa2a1ce06c45019530da0ea90f67d8.r2.dev/group/Nibedon/Jiban%20joyer%20gan%20(nibadon)/song%20-14.mp3"
"group/Nibedon/Jiban joyer gan (nibadon)/song -2.mp3","https://pub-d7aa2a1ce06c45019530da0ea90f67d8.r2.dev/group/Nibedon/Jiban%20joyer%20gan%20(nibadon)/song%20-2.mp3"
"group/Nibedon/Jiban joyer gan (nibadon)/song -3.mp3","https://pub-d7aa2a1ce06c45019530da0ea90f67d8.r2.dev/group/Nibedon/Jiban%20joyer%20gan%20(nibadon)/song%20-3.mp3"
"group/Nibedon/Jiban joyer gan (nibadon)/song -4.mp3","https://pub-d7aa2a1ce06c45019530da0ea90f67d8.r2.dev/group/Nibedon/Jiban%20joyer%20gan%20(nibadon)/song%20-4.mp3"
"group/Nibedon/Jiban joyer gan (nibadon)/song -5.mp3","https://pub-d7aa2a1ce06c45019530da0ea90f67d8.r2.dev/group/Nibedon/Jiban%20joyer%20gan%20(nibadon)/song%20-5.mp3"
"group/Nibedon/Jiban joyer gan (nibadon)/song -6.mp3","https://pub-d7aa2a1ce06c45019530da0ea90f67d8.r2.dev/group/Nibedon/Jiban%20joyer%20gan%20(nibadon)/song%20-6.mp3"
"group/Nibedon/Jiban joyer gan (nibadon)/song -7.mp3","https://pub-d7aa2a1ce06c45019530da0ea90f67d8.r2.dev/group/Nibedon/Jiban%20joyer%20gan%20(nibadon)/song%20-7.mp3"
"group/Nibedon/Jiban joyer gan (nibadon)/song -8.mp3","https://pub-d7aa2a1ce06c45019530da0ea90f67d8.r2.dev/group/Nibedon/Jiban%20joyer%20gan%20(nibadon)/song%20-8.mp3"
"group/Nibedon/Jiban joyer gan (nibadon)/song -9.mp3","https://pub-d7aa2a1ce06c45019530da0ea90f67d8.r2.dev/group/Nibedon/Jiban%20joyer%20gan%20(nibadon)/song%20-9.mp3"
"group/Onupom/3-Shironam/০১. আমাদের কৈশোর .mp3","https://pub-d7aa2a1ce06c45019530da0ea90f67d8.r2.dev/group/Onupom/3-Shironam/০১.%20আমাদের%20কৈশোর%20.mp3"
"group/Onupom/3-Shironam/০২. আল্লাহ তোমার দরবারে .mp3","https://pub-d7aa2a1ce06c45019530da0ea90f67d8.r2.dev/group/Onupom/3-Shironam/০২.%20আল্লাহ%20তোমার%20দরবারে%20.mp3"
"group/Onupom/3-Shironam/০৩. বল তো এমন কোন পাখির নাম .mp3","https://pub-d7aa2a1ce06c45019530da0ea90f67d8.r2.dev/group/Onupom/3-Shironam/০৩.%20বল%20তো%20এমন%20কোন%20পাখির%20নাম%20.mp3"
"group/Onupom/3-Shironam/০৪. চাসকি বন্ধু তুই .mp3","https://pub-d7aa2a1ce06c45019530da0ea90f67d8.r2.dev/group/Onupom/3-Shironam/০৪.%20চাসকি%20বন্ধু%20তুই%20.mp3"
"group/Onupom/3-Shironam/০৫. ঐ রক্ত ছোড়ার ঢালে ঢালে .mp3","https://pub-d7aa2a1ce06c45019530da0ea90f67d8.r2.dev/group/Onupom/3-Shironam/০৫.%20ঐ%20রক্ত%20ছোড়ার%20ঢালে%20ঢালে%20.mp3"
"group/Onupom/3-Shironam/০৬. এ দেশ আমার সোনার  গড়া .mp3","https://pub-d7aa2a1ce06c45019530da0ea90f67d8.r2.dev/group/Onupom/3-Shironam/০৬.%20এ%20দেশ%20আমার%20সোনার%20%20গড়া%20.mp3"
"group/Onupom/3-Shironam/০৭. আজান শুনে মন জুড়িয়ে .mp3","https://pub-d7aa2a1ce06c45019530da0ea90f67d8.r2.dev/group/Onupom/3-Shironam/০৭.%20আজান%20শুনে%20মন%20জুড়িয়ে%20.mp3"
"group/Onupom/3-Shironam/০৮. নামবে আধার তাই বলে কি .mp3","https://pub-d7aa2a1ce06c45019530da0ea90f67d8.r2.dev/group/Onupom/3-Shironam/০৮.%20নামবে%20আধার%20তাই%20বলে%20কি%20.mp3"
"group/Onupom/3-Shironam/০৯ সবুজে ছোঁয়ে যাওয়া .mp3","https://pub-d7aa2a1ce06c45019530da0ea90f67d8.r2.dev/group/Onupom/3-Shironam/০৯%20সবুজে%20ছোঁয়ে%20যাওয়া%20.mp3"
"group/Onupom/3-Shironam/১০. ঝন ঝনা ঝন বাজনা তোলে .mp3","https://pub-d7aa2a1ce06c45019530da0ea90f67d8.r2.dev/group/Onupom/3-Shironam/১০.%20ঝন%20ঝনা%20ঝন%20বাজনা%20তোলে%20.mp3"
"group/Onupom/3-Shironam/১১. তক্ত মরু বুকে .mp3","https://pub-d7aa2a1ce06c45019530da0ea90f67d8.r2.dev/group/Onupom/3-Shironam/১১.%20তক্ত%20মরু%20বুকে%20.mp3"
"group/Onupom/3-Shironam/১২. ফিরে এসো হে ফারুকে আজম .mp3","https://pub-d7aa2a1ce06c45019530da0ea90f67d8.r2.dev/group/Onupom/3-Shironam/১২.%20ফিরে%20এসো%20হে%20ফারুকে%20আজম%20.mp3"
"group/Onupom/3-Shironam/১৩. আকাশ কেন নীল ছড়ানো .mp3","https://pub-d7aa2a1ce06c45019530da0ea90f67d8.r2.dev/group/Onupom/3-Shironam/১৩.%20আকাশ%20কেন%20নীল%20ছড়ানো%20.mp3"
"group/Onupom/3-Shironam/১৪. একটি কুসুম কলির মত .mp3","https://pub-d7aa2a1ce06c45019530da0ea90f67d8.r2.dev/group/Onupom/3-Shironam/১৪.%20একটি%20কুসুম%20কলির%20মত%20.mp3"
"group/Onupom/Bornomalar Gan/10koto vasha.mp3","https://pub-d7aa2a1ce06c45019530da0ea90f67d8.r2.dev/group/Onupom/Bornomalar%20Gan/10koto%20vasha.mp3"
"group/Onupom/Bornomalar Gan/11bangla vasha.mp3","https://pub-d7aa2a1ce06c45019530da0ea90f67d8.r2.dev/group/Onupom/Bornomalar%20Gan/11bangla%20vasha.mp3"
"group/Onupom/Bornomalar Gan/12matrivasha.mp3","https://pub-d7aa2a1ce06c45019530da0ea90f67d8.r2.dev/group/Onupom/Bornomalar%20Gan/12matrivasha.mp3"
"group/Onupom/Bornomalar Gan/13banglar podma nodi.mp3","https://pub-d7aa2a1ce06c45019530da0ea90f67d8.r2.dev/group/Onupom/Bornomalar%20Gan/13banglar%20podma%20nodi.mp3"
"group/Onupom/Bornomalar Gan/1salam likheche.mp3","https://pub-d7aa2a1ce06c45019530da0ea90f67d8.r2.dev/group/Onupom/Bornomalar%20Gan/1salam%20likheche.mp3"
"group/Onupom/Bornomalar Gan/2sonali horofe.mp3","https://pub-d7aa2a1ce06c45019530da0ea90f67d8.r2.dev/group/Onupom/Bornomalar%20Gan/2sonali%20horofe.mp3"
"group/Onupom/Bornomalar Gan/3O te ozu.mp3","https://pub-d7aa2a1ce06c45019530da0ea90f67d8.r2.dev/group/Onupom/Bornomalar%20Gan/3O%20te%20ozu.mp3"
"group/Onupom/Bornomalar Gan/4ekush.mp3","https://pub-d7aa2a1ce06c45019530da0ea90f67d8.r2.dev/group/Onupom/Bornomalar%20Gan/4ekush.mp3"
"group/Onupom/Bornomalar Gan/6amar vasha.mp3","https://pub-d7aa2a1ce06c45019530da0ea90f67d8.r2.dev/group/Onupom/Bornomalar%20Gan/6amar%20vasha.mp3"
"group/Onupom/Bornomalar Gan/7ekta asha.mp3","https://pub-d7aa2a1ce06c45019530da0ea90f67d8.r2.dev/group/Onupom/Bornomalar%20Gan/7ekta%20asha.mp3"
"group/Onupom/Bornomalar Gan/9mayer mukher vasha.mp3","https://pub-d7aa2a1ce06c45019530da0ea90f67d8.r2.dev/group/Onupom/Bornomalar%20Gan/9mayer%20mukher%20vasha.mp3"
"group/Onupom/Bornomalar Gan/bangla vashar nam.mp3","https://pub-d7aa2a1ce06c45019530da0ea90f67d8.r2.dev/group/Onupom/Bornomalar%20Gan/bangla%20vashar%20nam.mp3"
"group/Panjeri/Agamir Avishek (Panjeri -4)/song -1.mp3","https://pub-d7aa2a1ce06c45019530da0ea90f67d8.r2.dev/group/Panjeri/Agamir%20Avishek%20(Panjeri%20-4)/song%20-1.mp3"
"group/Panjeri/Agamir Avishek (Panjeri -4)/song -10.mp3","https://pub-d7aa2a1ce06c45019530da0ea90f67d8.r2.dev/group/Panjeri/Agamir%20Avishek%20(Panjeri%20-4)/song%20-10.mp3"
"group/Panjeri/Agamir Avishek (Panjeri -4)/song -11.mp3","https://pub-d7aa2a1ce06c45019530da0ea90f67d8.r2.dev/group/Panjeri/Agamir%20Avishek%20(Panjeri%20-4)/song%20-11.mp3"
"group/Panjeri/Agamir Avishek (Panjeri -4)/song -12.mp3","https://pub-d7aa2a1ce06c45019530da0ea90f67d8.r2.dev/group/Panjeri/Agamir%20Avishek%20(Panjeri%20-4)/song%20-12.mp3"
"group/Panjeri/Agamir Avishek (Panjeri -4)/song -13.mp3","https://pub-d7aa2a1ce06c45019530da0ea90f67d8.r2.dev/group/Panjeri/Agamir%20Avishek%20(Panjeri%20-4)/song%20-13.mp3"
"group/Panjeri/Agamir Avishek (Panjeri -4)/song -14.mp3","https://pub-d7aa2a1ce06c45019530da0ea90f67d8.r2.dev/group/Panjeri/Agamir%20Avishek%20(Panjeri%20-4)/song%20-14.mp3"
"group/Panjeri/Agamir Avishek (Panjeri -4)/song -2.mp3","https://pub-d7aa2a1ce06c45019530da0ea90f67d8.r2.dev/group/Panjeri/Agamir%20Avishek%20(Panjeri%20-4)/song%20-2.mp3"
"group/Panjeri/Agamir Avishek (Panjeri -4)/song -3.mp3","https://pub-d7aa2a1ce06c45019530da0ea90f67d8.r2.dev/group/Panjeri/Agamir%20Avishek%20(Panjeri%20-4)/song%20-3.mp3"
"group/Panjeri/Agamir Avishek (Panjeri -4)/song -4.mp3","https://pub-d7aa2a1ce06c45019530da0ea90f67d8.r2.dev/group/Panjeri/Agamir%20Avishek%20(Panjeri%20-4)/song%20-4.mp3"
"group/Panjeri/Agamir Avishek (Panjeri -4)/song -5.mp3","https://pub-d7aa2a1ce06c45019530da0ea90f67d8.r2.dev/group/Panjeri/Agamir%20Avishek%20(Panjeri%20-4)/song%20-5.mp3"
"group/Panjeri/Agamir Avishek (Panjeri -4)/song -6.mp3","https://pub-d7aa2a1ce06c45019530da0ea90f67d8.r2.dev/group/Panjeri/Agamir%20Avishek%20(Panjeri%20-4)/song%20-6.mp3"
"group/Panjeri/Agamir Avishek (Panjeri -4)/song -7.mp3","https://pub-d7aa2a1ce06c45019530da0ea90f67d8.r2.dev/group/Panjeri/Agamir%20Avishek%20(Panjeri%20-4)/song%20-7.mp3"
"group/Panjeri/Agamir Avishek (Panjeri -4)/song -8.mp3","https://pub-d7aa2a1ce06c45019530da0ea90f67d8.r2.dev/group/Panjeri/Agamir%20Avishek%20(Panjeri%20-4)/song%20-8.mp3"
"group/Panjeri/Agamir Avishek (Panjeri -4)/song -9.mp3","https://pub-d7aa2a1ce06c45019530da0ea90f67d8.r2.dev/group/Panjeri/Agamir%20Avishek%20(Panjeri%20-4)/song%20-9.mp3"
"group/Probaho/8jannater nishan/01 Track 1.mp3","https://pub-d7aa2a1ce06c45019530da0ea90f67d8.r2.dev/group/Probaho/8jannater%20nishan/01%20Track%201.mp3"
"group/Probaho/8jannater nishan/10sotyo se hok zoto.mp3","https://pub-d7aa2a1ce06c45019530da0ea90f67d8.r2.dev/group/Probaho/8jannater%20nishan/10sotyo%20se%20hok%20zoto.mp3"
"group/Probaho/8jannater nishan/11rasuler sahabara.mp3","https://pub-d7aa2a1ce06c45019530da0ea90f67d8.r2.dev/group/Probaho/8jannater%20nishan/11rasuler%20sahabara.mp3"
"group/Probaho/8jannater nishan/12cokher pani.mp3","https://pub-d7aa2a1ce06c45019530da0ea90f67d8.r2.dev/group/Probaho/8jannater%20nishan/12cokher%20pani.mp3"
"group/Probaho/8jannater nishan/13provu shesh biday.mp3","https://pub-d7aa2a1ce06c45019530da0ea90f67d8.r2.dev/group/Probaho/8jannater%20nishan/13provu%20shesh%20biday.mp3"
"group/Probaho/8jannater nishan/14A new day.mp3","https://pub-d7aa2a1ce06c45019530da0ea90f67d8.r2.dev/group/Probaho/8jannater%20nishan/14A%20new%20day.mp3"
"group/Probaho/8jannater nishan/16 Track 16.mp3","https://pub-d7aa2a1ce06c45019530da0ea90f67d8.r2.dev/group/Probaho/8jannater%20nishan/16%20Track%2016.mp3"
"group/Probaho/8jannater nishan/1ojut tarar.mp3","https://pub-d7aa2a1ce06c45019530da0ea90f67d8.r2.dev/group/Probaho/8jannater%20nishan/1ojut%20tarar.mp3"
"group/Probaho/8jannater nishan/2dike dike aj.mp3","https://pub-d7aa2a1ce06c45019530da0ea90f67d8.r2.dev/group/Probaho/8jannater%20nishan/2dike%20dike%20aj.mp3"
"group/Probaho/8jannater nishan/3kon kanoner.mp3","https://pub-d7aa2a1ce06c45019530da0ea90f67d8.r2.dev/group/Probaho/8jannater%20nishan/3kon%20kanoner.mp3"
"group/Probaho/8jannater nishan/4ei prithibir.mp3","https://pub-d7aa2a1ce06c45019530da0ea90f67d8.r2.dev/group/Probaho/8jannater%20nishan/4ei%20prithibir.mp3"
"group/Probaho/8jannater nishan/5mago amay ar.mp3","https://pub-d7aa2a1ce06c45019530da0ea90f67d8.r2.dev/group/Probaho/8jannater%20nishan/5mago%20amay%20ar.mp3"
"group/Probaho/8jannater nishan/6obujh mon niye.mp3","https://pub-d7aa2a1ce06c45019530da0ea90f67d8.r2.dev/group/Probaho/8jannater%20nishan/6obujh%20mon%20niye.mp3"
"group/Probaho/8jannater nishan/7jibon mane noy.mp3","https://pub-d7aa2a1ce06c45019530da0ea90f67d8.r2.dev/group/Probaho/8jannater%20nishan/7jibon%20mane%20noy.mp3"
"group/Probaho/8jannater nishan/8tumi allah mabud.mp3","https://pub-d7aa2a1ce06c45019530da0ea90f67d8.r2.dev/group/Probaho/8jannater%20nishan/8tumi%20allah%20mabud.mp3"
"group/Probaho/8jannater nishan/9ajo mone pore.mp3","https://pub-d7aa2a1ce06c45019530da0ea90f67d8.r2.dev/group/Probaho/8jannater%20nishan/9ajo%20mone%20pore.mp3"
"group/Probaho/8jannater nishan/hd/14-a-new-day.mp3","https://pub-d7aa2a1ce06c45019530da0ea90f67d8.r2.dev/group/Probaho/8jannater%20nishan/hd/14-a-new-day.mp3"
"group/Probaho/bikeler soikot/amar_ai_konthe.mp3","https://pub-d7aa2a1ce06c45019530da0ea90f67d8.r2.dev/group/Probaho/bikeler%20soikot/amar_ai_konthe.mp3"
"group/Probaho/bikeler soikot/bikeler_soikote.mp3","https://pub-d7aa2a1ce06c45019530da0ea90f67d8.r2.dev/group/Probaho/bikeler%20soikot/bikeler_soikote.mp3"
"group/Probaho/bikeler soikot/bohudin dhore.mp3","https://pub-d7aa2a1ce06c45019530da0ea90f67d8.r2.dev/group/Probaho/bikeler%20soikot/bohudin%20dhore.mp3"
"group/Probaho/bikeler soikot/chaybi koto.mp3","https://pub-d7aa2a1ce06c45019530da0ea90f67d8.r2.dev/group/Probaho/bikeler%20soikot/chaybi%20koto.mp3"
"group/Probaho/bikeler soikot/harano_din_gulo.mp3","https://pub-d7aa2a1ce06c45019530da0ea90f67d8.r2.dev/group/Probaho/bikeler%20soikot/harano_din_gulo.mp3"
"group/Probaho/bikeler soikot/mon ke bolechi.mp3","https://pub-d7aa2a1ce06c45019530da0ea90f67d8.r2.dev/group/Probaho/bikeler%20soikot/mon%20ke%20bolechi.mp3"
"group/Probaho/bikeler soikot/moru_saharay.mp3","https://pub-d7aa2a1ce06c45019530da0ea90f67d8.r2.dev/group/Probaho/bikeler%20soikot/moru_saharay.mp3"
"group/Probaho/bikeler soikot/nitir_bolga_gorata.mp3","https://pub-d7aa2a1ce06c45019530da0ea90f67d8.r2.dev/group/Probaho/bikeler%20soikot/nitir_bolga_gorata.mp3"
"group/Probaho/bikeler soikot/oi_dekha_jai.mp3","https://pub-d7aa2a1ce06c45019530da0ea90f67d8.r2.dev/group/Probaho/bikeler%20soikot/oi_dekha_jai.mp3"
"group/Probaho/bikeler soikot/prithibi_jokhon.mp3","https://pub-d7aa2a1ce06c45019530da0ea90f67d8.r2.dev/group/Probaho/bikeler%20soikot/prithibi_jokhon.mp3"
"group/Probaho/bikeler soikot/rater_adar.mp3","https://pub-d7aa2a1ce06c45019530da0ea90f67d8.r2.dev/group/Probaho/bikeler%20soikot/rater_adar.mp3"
"group/Probaho/bikeler soikot/zannat_likhe.mp3","https://pub-d7aa2a1ce06c45019530da0ea90f67d8.r2.dev/group/Probaho/bikeler%20soikot/zannat_likhe.mp3"
"group/Probaho/cokh melechi/02_batiler_aghate.mp3","https://pub-d7aa2a1ce06c45019530da0ea90f67d8.r2.dev/group/Probaho/cokh%20melechi/02_batiler_aghate.mp3"
"group/Probaho/cokh melechi/03maleker_swapnera.mp3","https://pub-d7aa2a1ce06c45019530da0ea90f67d8.r2.dev/group/Probaho/cokh%20melechi/03maleker_swapnera.mp3"
"group/Probaho/cokh melechi/05khodar jonno.mp3","https://pub-d7aa2a1ce06c45019530da0ea90f67d8.r2.dev/group/Probaho/cokh%20melechi/05khodar%20jonno.mp3"
"group/Probaho/cokh melechi/07_amader_nei_kono.mp3","https://pub-d7aa2a1ce06c45019530da0ea90f67d8.r2.dev/group/Probaho/cokh%20melechi/07_amader_nei_kono.mp3"
"group/Probaho/cokh melechi/10_amar_mayer_chokhe.mp3","https://pub-d7aa2a1ce06c45019530da0ea90f67d8.r2.dev/group/Probaho/cokh%20melechi/10_amar_mayer_chokhe.mp3"
"group/Probaho/cokh melechi/11_malek_tomar_rokte.mp3","https://pub-d7aa2a1ce06c45019530da0ea90f67d8.r2.dev/group/Probaho/cokh%20melechi/11_malek_tomar_rokte.mp3"
"group/Probaho/cokh melechi/12sotter kotokotha.mp3","https://pub-d7aa2a1ce06c45019530da0ea90f67d8.r2.dev/group/Probaho/cokh%20melechi/12sotter%20kotokotha.mp3"
"group/Probaho/cokh melechi/12sotter kotokotha.wma","https://pub-d7aa2a1ce06c45019530da0ea90f67d8.r2.dev/group/Probaho/cokh%20melechi/12sotter%20kotokotha.wma"
"group/Probaho/cokh melechi/1shilpito ak tumi.mp3","https://pub-d7aa2a1ce06c45019530da0ea90f67d8.r2.dev/group/Probaho/cokh%20melechi/1shilpito%20ak%20tumi.mp3"
"group/Probaho/cokh melechi/1shilpito ak tumi.wma","https://pub-d7aa2a1ce06c45019530da0ea90f67d8.r2.dev/group/Probaho/cokh%20melechi/1shilpito%20ak%20tumi.wma"
"group/Probaho/cokh melechi/4diner pothe chola.mp3","https://pub-d7aa2a1ce06c45019530da0ea90f67d8.r2.dev/group/Probaho/cokh%20melechi/4diner%20pothe%20chola.mp3"
"group/Probaho/cokh melechi/4diner pothe chola.wma","https://pub-d7aa2a1ce06c45019530da0ea90f67d8.r2.dev/group/Probaho/cokh%20melechi/4diner%20pothe%20chola.wma"
"group/Probaho/cokh melechi/6praner vetor pran.mp3","https://pub-d7aa2a1ce06c45019530da0ea90f67d8.r2.dev/group/Probaho/cokh%20melechi/6praner%20vetor%20pran.mp3"
"group/Probaho/cokh melechi/6praner vetor pran.wma","https://pub-d7aa2a1ce06c45019530da0ea90f67d8.r2.dev/group/Probaho/cokh%20melechi/6praner%20vetor%20pran.wma"
"group/Probaho/cokh melechi/8morojhor saimum.mp3","https://pub-d7aa2a1ce06c45019530da0ea90f67d8.r2.dev/group/Probaho/cokh%20melechi/8morojhor%20saimum.mp3"
"group/Probaho/cokh melechi/8morojhor saimum.wma","https://pub-d7aa2a1ce06c45019530da0ea90f67d8.r2.dev/group/Probaho/cokh%20melechi/8morojhor%20saimum.wma"
"group/Probaho/cokh melechi/9notun surjo uthbere.mp3","https://pub-d7aa2a1ce06c45019530da0ea90f67d8.r2.dev/group/Probaho/cokh%20melechi/9notun%20surjo%20uthbere.mp3"
"group/Probaho/cokh melechi/9notun surjo uthbere.wma","https://pub-d7aa2a1ce06c45019530da0ea90f67d8.r2.dev/group/Probaho/cokh%20melechi/9notun%20surjo%20uthbere.wma"
"group/Probaho/kabar pothik/agonito_jonoter.mp3","https://pub-d7aa2a1ce06c45019530da0ea90f67d8.r2.dev/group/Probaho/kabar%20pothik/agonito_jonoter.mp3"
"group/Probaho/kabar pothik/akas_digonto.mp3","https://pub-d7aa2a1ce06c45019530da0ea90f67d8.r2.dev/group/Probaho/kabar%20pothik/akas_digonto.mp3"
"group/Probaho/kabar pothik/alo_batas.mp3","https://pub-d7aa2a1ce06c45019530da0ea90f67d8.r2.dev/group/Probaho/kabar%20pothik/alo_batas.mp3"
"group/Probaho/kabar pothik/din_doniare.mp3","https://pub-d7aa2a1ce06c45019530da0ea90f67d8.r2.dev/group/Probaho/kabar%20pothik/din_doniare.mp3"
"group/Probaho/kabar pothik/dodari.mp3","https://pub-d7aa2a1ce06c45019530da0ea90f67d8.r2.dev/group/Probaho/kabar%20pothik/dodari.mp3"
"group/Probaho/kabar pothik/dore_thaki.mp3","https://pub-d7aa2a1ce06c45019530da0ea90f67d8.r2.dev/group/Probaho/kabar%20pothik/dore_thaki.mp3"
"group/Probaho/kabar pothik/jibon_khater.mp3","https://pub-d7aa2a1ce06c45019530da0ea90f67d8.r2.dev/group/Probaho/kabar%20pothik/jibon_khater.mp3"
"group/Probaho/kabar pothik/morur_doli.mp3","https://pub-d7aa2a1ce06c45019530da0ea90f67d8.r2.dev/group/Probaho/kabar%20pothik/morur_doli.mp3"
"group/Probaho/kabar pothik/nil_sagorer.mp3","https://pub-d7aa2a1ce06c45019530da0ea90f67d8.r2.dev/group/Probaho/kabar%20pothik/nil_sagorer.mp3"
"group/Probaho/kabar pothik/o_torir_naiya.mp3","https://pub-d7aa2a1ce06c45019530da0ea90f67d8.r2.dev/group/Probaho/kabar%20pothik/o_torir_naiya.mp3"
"group/Probaho/kabar pothik/ogonito_jonoter.mp3","https://pub-d7aa2a1ce06c45019530da0ea90f67d8.r2.dev/group/Probaho/kabar%20pothik/ogonito_jonoter.mp3"
"group/Probaho/kabar pothik/sai_kalo_mukh.mp3","https://pub-d7aa2a1ce06c45019530da0ea90f67d8.r2.dev/group/Probaho/kabar%20pothik/sai_kalo_mukh.mp3"
"group/Probaho/kabar pothik/tomar_shilphi.mp3","https://pub-d7aa2a1ce06c45019530da0ea90f67d8.r2.dev/group/Probaho/kabar%20pothik/tomar_shilphi.mp3"
"group/Probaho/roder jhilik/akas_batas.mp3","https://pub-d7aa2a1ce06c45019530da0ea90f67d8.r2.dev/group/Probaho/roder%20jhilik/akas_batas.mp3"
"group/Probaho/roder jhilik/akas_jure_koto.mp3","https://pub-d7aa2a1ce06c45019530da0ea90f67d8.r2.dev/group/Probaho/roder%20jhilik/akas_jure_koto.mp3"
"group/Probaho/roder jhilik/amar_khoker.mp3","https://pub-d7aa2a1ce06c45019530da0ea90f67d8.r2.dev/group/Probaho/roder%20jhilik/amar_khoker.mp3"
"group/Probaho/roder jhilik/ami_rasuler.mp3","https://pub-d7aa2a1ce06c45019530da0ea90f67d8.r2.dev/group/Probaho/roder%20jhilik/ami_rasuler.mp3"
"group/Probaho/roder jhilik/amora_aki.mp3","https://pub-d7aa2a1ce06c45019530da0ea90f67d8.r2.dev/group/Probaho/roder%20jhilik/amora_aki.mp3"
"group/Probaho/roder jhilik/bangladesh_to_noy.mp3","https://pub-d7aa2a1ce06c45019530da0ea90f67d8.r2.dev/group/Probaho/roder%20jhilik/bangladesh_to_noy.mp3"
"group/Probaho/roder jhilik/chaya_gera.mp3","https://pub-d7aa2a1ce06c45019530da0ea90f67d8.r2.dev/group/Probaho/roder%20jhilik/chaya_gera.mp3"
"group/Probaho/roder jhilik/khother_ganze.mp3","https://pub-d7aa2a1ce06c45019530da0ea90f67d8.r2.dev/group/Probaho/roder%20jhilik/khother_ganze.mp3"
"group/Probaho/roder jhilik/oi_dekha_jai_masjide_nobobi.mp3","https://pub-d7aa2a1ce06c45019530da0ea90f67d8.r2.dev/group/Probaho/roder%20jhilik/oi_dekha_jai_masjide_nobobi.mp3"
"group/Probaho/roder jhilik/rohmoter_malik_tomi.mp3","https://pub-d7aa2a1ce06c45019530da0ea90f67d8.r2.dev/group/Probaho/roder%20jhilik/rohmoter_malik_tomi.mp3"
"group/Probaho/roder jhilik/zotoi_tomay.mp3","https://pub-d7aa2a1ce06c45019530da0ea90f67d8.r2.dev/group/Probaho/roder%20jhilik/zotoi_tomay.mp3"
"group/Probaho/shilpir tuli/allahte_zar.mp3","https://pub-d7aa2a1ce06c45019530da0ea90f67d8.r2.dev/group/Probaho/shilpir%20tuli/allahte_zar.mp3"
"group/Probaho/shilpir tuli/allahu allahu.mp3","https://pub-d7aa2a1ce06c45019530da0ea90f67d8.r2.dev/group/Probaho/shilpir%20tuli/allahu%20allahu.mp3"
"group/Probaho/shilpir tuli/boye_chola_nodi.mp3","https://pub-d7aa2a1ce06c45019530da0ea90f67d8.r2.dev/group/Probaho/shilpir%20tuli/boye_chola_nodi.mp3"
"group/Probaho/shilpir tuli/diner_pothe.mp3","https://pub-d7aa2a1ce06c45019530da0ea90f67d8.r2.dev/group/Probaho/shilpir%20tuli/diner_pothe.mp3"
"group/Probaho/shilpir tuli/koto_karukaj.mp3","https://pub-d7aa2a1ce06c45019530da0ea90f67d8.r2.dev/group/Probaho/shilpir%20tuli/koto_karukaj.mp3"
"group/Probaho/shilpir tuli/ridoy_akash.mp3","https://pub-d7aa2a1ce06c45019530da0ea90f67d8.r2.dev/group/Probaho/shilpir%20tuli/ridoy_akash.mp3"
"group/Probaho/shilpir tuli/rong_dhonu.mp3","https://pub-d7aa2a1ce06c45019530da0ea90f67d8.r2.dev/group/Probaho/shilpir%20tuli/rong_dhonu.mp3"
"group/Probaho/shilpir tuli/seesa dhala.mp3","https://pub-d7aa2a1ce06c45019530da0ea90f67d8.r2.dev/group/Probaho/shilpir%20tuli/seesa%20dhala.mp3"
"group/Probaho/shilpir tuli/shilpir_tulite.mp3","https://pub-d7aa2a1ce06c45019530da0ea90f67d8.r2.dev/group/Probaho/shilpir%20tuli/shilpir_tulite.mp3"
"group/Probaho/shilpir tuli/sob_manusher.mp3","https://pub-d7aa2a1ce06c45019530da0ea90f67d8.r2.dev/group/Probaho/shilpir%20tuli/sob_manusher.mp3"
"group/Probaho/shilpir tuli/sobujer dhew.mp3","https://pub-d7aa2a1ce06c45019530da0ea90f67d8.r2.dev/group/Probaho/shilpir%20tuli/sobujer%20dhew.mp3"
"group/Probaho/shilpir tuli/swadhinota.mp3","https://pub-d7aa2a1ce06c45019530da0ea90f67d8.r2.dev/group/Probaho/shilpir%20tuli/swadhinota.mp3"
"group/Probaho/shilpir tuli/tomar_name.mp3","https://pub-d7aa2a1ce06c45019530da0ea90f67d8.r2.dev/group/Probaho/shilpir%20tuli/tomar_name.mp3"
"group/Probaho/shilpir tuli/tumi ele tay.mp3","https://pub-d7aa2a1ce06c45019530da0ea90f67d8.r2.dev/group/Probaho/shilpir%20tuli/tumi%20ele%20tay.mp3"
"group/Protyasha/1nojrana/01 oporup sristi.mp3","https://pub-d7aa2a1ce06c45019530da0ea90f67d8.r2.dev/group/Protyasha/1nojrana/01%20oporup%20sristi.mp3"
"group/Protyasha/1nojrana/02 dukho diyo na.mp3","https://pub-d7aa2a1ce06c45019530da0ea90f67d8.r2.dev/group/Protyasha/1nojrana/02%20dukho%20diyo%20na.mp3"
"group/Protyasha/1nojrana/03 amar valobasa.mp3","https://pub-d7aa2a1ce06c45019530da0ea90f67d8.r2.dev/group/Protyasha/1nojrana/03%20amar%20valobasa.mp3"
"group/Protyasha/1nojrana/04 tomar doyar nai re.mp3","https://pub-d7aa2a1ce06c45019530da0ea90f67d8.r2.dev/group/Protyasha/1nojrana/04%20tomar%20doyar%20nai%20re.mp3"
"group/Protyasha/1nojrana/05 tomar apon thikana.mp3","https://pub-d7aa2a1ce06c45019530da0ea90f67d8.r2.dev/group/Protyasha/1nojrana/05%20tomar%20apon%20thikana.mp3"
"group/Protyasha/1nojrana/06 jiboner malik.mp3","https://pub-d7aa2a1ce06c45019530da0ea90f67d8.r2.dev/group/Protyasha/1nojrana/06%20jiboner%20malik.mp3"
"group/Protyasha/1nojrana/07 kotha se musolman.mp3","https://pub-d7aa2a1ce06c45019530da0ea90f67d8.r2.dev/group/Protyasha/1nojrana/07%20kotha%20se%20musolman.mp3"
"group/Protyasha/1nojrana/08 azan shune.mp3","https://pub-d7aa2a1ce06c45019530da0ea90f67d8.r2.dev/group/Protyasha/1nojrana/08%20azan%20shune.mp3"
"group/Protyasha/1nojrana/09 amar desher.mp3","https://pub-d7aa2a1ce06c45019530da0ea90f67d8.r2.dev/group/Protyasha/1nojrana/09%20amar%20desher.mp3"
"group/Protyasha/1nojrana/10 shukria tomar.mp3","https://pub-d7aa2a1ce06c45019530da0ea90f67d8.r2.dev/group/Protyasha/1nojrana/10%20shukria%20tomar.mp3"
"group/Protyasha/1nojrana/11 ajke amar buk.mp3","https://pub-d7aa2a1ce06c45019530da0ea90f67d8.r2.dev/group/Protyasha/1nojrana/11%20ajke%20amar%20buk.mp3"
"group/Protyasha/1nojrana/12 ekti tarar.mp3","https://pub-d7aa2a1ce06c45019530da0ea90f67d8.r2.dev/group/Protyasha/1nojrana/12%20ekti%20tarar.mp3"
"group/Protyasha/1nojrana/13 al herate.mp3","https://pub-d7aa2a1ce06c45019530da0ea90f67d8.r2.dev/group/Protyasha/1nojrana/13%20al%20herate.mp3"
"group/Protyasha/1nojrana/14 amar jonmo vumi.mp3","https://pub-d7aa2a1ce06c45019530da0ea90f67d8.r2.dev/group/Protyasha/1nojrana/14%20amar%20jonmo%20vumi.mp3"
"group/Protyasha/1nojrana/15 here zay jamnuar.mp3","https://pub-d7aa2a1ce06c45019530da0ea90f67d8.r2.dev/group/Protyasha/1nojrana/15%20here%20zay%20jamnuar.mp3"
"group/Protyasha/1nojrana/16 dui diner.mp3","https://pub-d7aa2a1ce06c45019530da0ea90f67d8.r2.dev/group/Protyasha/1nojrana/16%20dui%20diner.mp3"
"group/Protyoy/5 Chetona/1-ek-pa-du-pa.mp3","https://pub-d7aa2a1ce06c45019530da0ea90f67d8.r2.dev/group/Protyoy/5%20Chetona/1-ek-pa-du-pa.mp3"
"group/Protyoy/5 Chetona/10-ontore-take-dakte.mp3","https://pub-d7aa2a1ce06c45019530da0ea90f67d8.r2.dev/group/Protyoy/5%20Chetona/10-ontore-take-dakte.mp3"
"group/Protyoy/5 Chetona/11-amar-din-chole.mp3","https://pub-d7aa2a1ce06c45019530da0ea90f67d8.r2.dev/group/Protyoy/5%20Chetona/11-amar-din-chole.mp3"
"group/Protyoy/5 Chetona/12-kono-ekdin-edesher.mp3","https://pub-d7aa2a1ce06c45019530da0ea90f67d8.r2.dev/group/Protyoy/5%20Chetona/12-kono-ekdin-edesher.mp3"
"group/Protyoy/5 Chetona/13-bangla-snigdho-shyamol.mp3","https://pub-d7aa2a1ce06c45019530da0ea90f67d8.r2.dev/group/Protyoy/5%20Chetona/13-bangla-snigdho-shyamol.mp3"
"group/Protyoy/5 Chetona/14-zodtoi-de-o-vola.mp3","https://pub-d7aa2a1ce06c45019530da0ea90f67d8.r2.dev/group/Protyoy/5%20Chetona/14-zodtoi-de-o-vola.mp3"
"group/Protyoy/5 Chetona/15-teri-jaat.mp3","https://pub-d7aa2a1ce06c45019530da0ea90f67d8.r2.dev/group/Protyoy/5%20Chetona/15-teri-jaat.mp3"
"group/Protyoy/5 Chetona/2-nil-akashe-lokkho.mp3","https://pub-d7aa2a1ce06c45019530da0ea90f67d8.r2.dev/group/Protyoy/5%20Chetona/2-nil-akashe-lokkho.mp3"
"group/Protyoy/5 Chetona/3-motto-hoibi-na.mp3","https://pub-d7aa2a1ce06c45019530da0ea90f67d8.r2.dev/group/Protyoy/5%20Chetona/3-motto-hoibi-na.mp3"
"group/Protyoy/5 Chetona/4-odhom-vober.mp3","https://pub-d7aa2a1ce06c45019530da0ea90f67d8.r2.dev/group/Protyoy/5%20Chetona/4-odhom-vober.mp3"
"group/Protyoy/5 Chetona/5-ora-amay-bujhlo-na.mp3","https://pub-d7aa2a1ce06c45019530da0ea90f67d8.r2.dev/group/Protyoy/5%20Chetona/5-ora-amay-bujhlo-na.mp3"
"group/Protyoy/5 Chetona/6-chere-dao-onyay.mp3","https://pub-d7aa2a1ce06c45019530da0ea90f67d8.r2.dev/group/Protyoy/5%20Chetona/6-chere-dao-onyay.mp3"
"group/Protyoy/5 Chetona/7-keu-bole-bol.mp3","https://pub-d7aa2a1ce06c45019530da0ea90f67d8.r2.dev/group/Protyoy/5%20Chetona/7-keu-bole-bol.mp3"
"group/Protyoy/5 Chetona/8-ore-tui-chara.mp3","https://pub-d7aa2a1ce06c45019530da0ea90f67d8.r2.dev/group/Protyoy/5%20Chetona/8-ore-tui-chara.mp3"
"group/Protyoy/5 Chetona/9-kothay-pele-jotsna.mp3","https://pub-d7aa2a1ce06c45019530da0ea90f67d8.r2.dev/group/Protyoy/5%20Chetona/9-kothay-pele-jotsna.mp3"
"group/Protyoy/ankhi jole vasi/10dhoirzo shokti.mp3","https://pub-d7aa2a1ce06c45019530da0ea90f67d8.r2.dev/group/Protyoy/ankhi%20jole%20vasi/10dhoirzo%20shokti.mp3"
"group/Protyoy/ankhi jole vasi/11din bodole.mp3","https://pub-d7aa2a1ce06c45019530da0ea90f67d8.r2.dev/group/Protyoy/ankhi%20jole%20vasi/11din%20bodole.mp3"
"group/Protyoy/ankhi jole vasi/12somriddho bd.mp3","https://pub-d7aa2a1ce06c45019530da0ea90f67d8.r2.dev/group/Protyoy/ankhi%20jole%20vasi/12somriddho%20bd.mp3"
"group/Protyoy/ankhi jole vasi/1summa.mp3","https://pub-d7aa2a1ce06c45019530da0ea90f67d8.r2.dev/group/Protyoy/ankhi%20jole%20vasi/1summa.mp3"
"group/Protyoy/ankhi jole vasi/2ankhi jole.mp3","https://pub-d7aa2a1ce06c45019530da0ea90f67d8.r2.dev/group/Protyoy/ankhi%20jole%20vasi/2ankhi%20jole.mp3"
"group/Protyoy/ankhi jole vasi/3emon kichu.mp3","https://pub-d7aa2a1ce06c45019530da0ea90f67d8.r2.dev/group/Protyoy/ankhi%20jole%20vasi/3emon%20kichu.mp3"
"group/Protyoy/ankhi jole vasi/4meghero arale.mp3","https://pub-d7aa2a1ce06c45019530da0ea90f67d8.r2.dev/group/Protyoy/ankhi%20jole%20vasi/4meghero%20arale.mp3"
"group/Protyoy/ankhi jole vasi/5ma jononi.mp3","https://pub-d7aa2a1ce06c45019530da0ea90f67d8.r2.dev/group/Protyoy/ankhi%20jole%20vasi/5ma%20jononi.mp3"
"group/Protyoy/ankhi jole vasi/6jhorna dhara.mp3","https://pub-d7aa2a1ce06c45019530da0ea90f67d8.r2.dev/group/Protyoy/ankhi%20jole%20vasi/6jhorna%20dhara.mp3"
"group/Protyoy/ankhi jole vasi/7allahummagfirli.mp3","https://pub-d7aa2a1ce06c45019530da0ea90f67d8.r2.dev/group/Protyoy/ankhi%20jole%20vasi/7allahummagfirli.mp3"
"group/Protyoy/ankhi jole vasi/8swopne vora.mp3","https://pub-d7aa2a1ce06c45019530da0ea90f67d8.r2.dev/group/Protyoy/ankhi%20jole%20vasi/8swopne%20vora.mp3"
"group/Protyoy/ankhi jole vasi/9keu keu.mp3","https://pub-d7aa2a1ce06c45019530da0ea90f67d8.r2.dev/group/Protyoy/ankhi%20jole%20vasi/9keu%20keu.mp3"
"group/Saimum/02 Uro Megher Ghuri/01. Amar Mon Chute Jay.mp3","https://pub-d7aa2a1ce06c45019530da0ea90f67d8.r2.dev/group/Saimum/02%20Uro%20Megher%20Ghuri/01.%20Amar%20Mon%20Chute%20Jay.mp3"
"group/Saimum/02 Uro Megher Ghuri/02. Bismillah Bismillah.mp3","https://pub-d7aa2a1ce06c45019530da0ea90f67d8.r2.dev/group/Saimum/02%20Uro%20Megher%20Ghuri/02.%20Bismillah%20Bismillah.mp3"
"group/Saimum/02 Uro Megher Ghuri/03. Chotto Amar Desh.mp3","https://pub-d7aa2a1ce06c45019530da0ea90f67d8.r2.dev/group/Saimum/02%20Uro%20Megher%20Ghuri/03.%20Chotto%20Amar%20Desh.mp3"
"group/Saimum/02 Uro Megher Ghuri/04. Ghum Theke Ma Deke Dio.mp3","https://pub-d7aa2a1ce06c45019530da0ea90f67d8.r2.dev/group/Saimum/02%20Uro%20Megher%20Ghuri/04.%20Ghum%20Theke%20Ma%20Deke%20Dio.mp3"
"group/Saimum/02 Uro Megher Ghuri/05. Kharap Kothata Na Bolata.mp3","https://pub-d7aa2a1ce06c45019530da0ea90f67d8.r2.dev/group/Saimum/02%20Uro%20Megher%20Ghuri/05.%20Kharap%20Kothata%20Na%20Bolata.mp3"
"group/Saimum/02 Uro Megher Ghuri/06. Charidike Furti Anondo Ullash.mp3","https://pub-d7aa2a1ce06c45019530da0ea90f67d8.r2.dev/group/Saimum/02%20Uro%20Megher%20Ghuri/06.%20Charidike%20Furti%20Anondo%20Ullash.mp3"
"group/Saimum/02 Uro Megher Ghuri/07. Ami Juddho Ki Bujhina.mp3","https://pub-d7aa2a1ce06c45019530da0ea90f67d8.r2.dev/group/Saimum/02%20Uro%20Megher%20Ghuri/07.%20Ami%20Juddho%20Ki%20Bujhina.mp3"
"group/Saimum/02 Uro Megher Ghuri/08. Uro Megher Ghurire Tui.mp3","https://pub-d7aa2a1ce06c45019530da0ea90f67d8.r2.dev/group/Saimum/02%20Uro%20Megher%20Ghuri/08.%20Uro%20Megher%20Ghurire%20Tui.mp3"
"group/Saimum/02 Uro Megher Ghuri/09. Valo Kaj Korle.mp3","https://pub-d7aa2a1ce06c45019530da0ea90f67d8.r2.dev/group/Saimum/02%20Uro%20Megher%20Ghuri/09.%20Valo%20Kaj%20Korle.mp3"
"group/Saimum/02 Uro Megher Ghuri/10. Azan Holo Oi Shuna Jay.MP3","https://pub-d7aa2a1ce06c45019530da0ea90f67d8.r2.dev/group/Saimum/02%20Uro%20Megher%20Ghuri/10.%20Azan%20Holo%20Oi%20Shuna%20Jay.MP3"
"group/Saimum/11-swopner rongdhonu/10tumi malik tumi.mp3","https://pub-d7aa2a1ce06c45019530da0ea90f67d8.r2.dev/group/Saimum/11-swopner%20rongdhonu/10tumi%20malik%20tumi.mp3"
"group/Saimum/11-swopner rongdhonu/11sarata prithibi aj.mp3","https://pub-d7aa2a1ce06c45019530da0ea90f67d8.r2.dev/group/Saimum/11-swopner%20rongdhonu/11sarata%20prithibi%20aj.mp3"
"group/Saimum/11-swopner rongdhonu/12nodire tui.mp3","https://pub-d7aa2a1ce06c45019530da0ea90f67d8.r2.dev/group/Saimum/11-swopner%20rongdhonu/12nodire%20tui.mp3"
"group/Saimum/11-swopner rongdhonu/13ya sayeedi.mp3","https://pub-d7aa2a1ce06c45019530da0ea90f67d8.r2.dev/group/Saimum/11-swopner%20rongdhonu/13ya%20sayeedi.mp3"
"group/Saimum/11-swopner rongdhonu/14ei wali-allahr.mp3","https://pub-d7aa2a1ce06c45019530da0ea90f67d8.r2.dev/group/Saimum/11-swopner%20rongdhonu/14ei%20wali-allahr.mp3"
"group/Saimum/11-swopner rongdhonu/1ei dhorini oi nil.mp3","https://pub-d7aa2a1ce06c45019530da0ea90f67d8.r2.dev/group/Saimum/11-swopner%20rongdhonu/1ei%20dhorini%20oi%20nil.mp3"
"group/Saimum/11-swopner rongdhonu/2dhorate agomone.mp3","https://pub-d7aa2a1ce06c45019530da0ea90f67d8.r2.dev/group/Saimum/11-swopner%20rongdhonu/2dhorate%20agomone.mp3"
"group/Saimum/11-swopner rongdhonu/3 ei desh amar.mp3","https://pub-d7aa2a1ce06c45019530da0ea90f67d8.r2.dev/group/Saimum/11-swopner%20rongdhonu/3%20ei%20desh%20amar.mp3"
"group/Saimum/11-swopner rongdhonu/4o amar ma.mp3","https://pub-d7aa2a1ce06c45019530da0ea90f67d8.r2.dev/group/Saimum/11-swopner%20rongdhonu/4o%20amar%20ma.mp3"
"group/Saimum/11-swopner rongdhonu/5amra sobai -ek.mp3","https://pub-d7aa2a1ce06c45019530da0ea90f67d8.r2.dev/group/Saimum/11-swopner%20rongdhonu/5amra%20sobai%20-ek.mp3"
"group/Saimum/11-swopner rongdhonu/6kichu kichu.mp3","https://pub-d7aa2a1ce06c45019530da0ea90f67d8.r2.dev/group/Saimum/11-swopner%20rongdhonu/6kichu%20kichu.mp3"
"group/Saimum/11-swopner rongdhonu/7ore banglar muslim.mp3","https://pub-d7aa2a1ce06c45019530da0ea90f67d8.r2.dev/group/Saimum/11-swopner%20rongdhonu/7ore%20banglar%20muslim.mp3"
"group/Saimum/11-swopner rongdhonu/8sagor nodi chute.mp3","https://pub-d7aa2a1ce06c45019530da0ea90f67d8.r2.dev/group/Saimum/11-swopner%20rongdhonu/8sagor%20nodi%20chute.mp3"
"group/Saimum/11-swopner rongdhonu/9janina ar.mp3","https://pub-d7aa2a1ce06c45019530da0ea90f67d8.r2.dev/group/Saimum/11-swopner%20rongdhonu/9janina%20ar.mp3"
"group/Saimum/17-Eider Gan/10eid elo.mp3","https://pub-d7aa2a1ce06c45019530da0ea90f67d8.r2.dev/group/Saimum/17-Eider%20Gan/10eid%20elo.mp3"
"group/Saimum/17-Eider Gan/11eider khushi.mp3","https://pub-d7aa2a1ce06c45019530da0ea90f67d8.r2.dev/group/Saimum/17-Eider%20Gan/11eider%20khushi.mp3"
"group/Saimum/17-Eider Gan/12eid mane.mp3","https://pub-d7aa2a1ce06c45019530da0ea90f67d8.r2.dev/group/Saimum/17-Eider%20Gan/12eid%20mane.mp3"
"group/Saimum/17-Eider Gan/13eid niye ase.mp3","https://pub-d7aa2a1ce06c45019530da0ea90f67d8.r2.dev/group/Saimum/17-Eider%20Gan/13eid%20niye%20ase.mp3"
"group/Saimum/17-Eider Gan/14aj anondo.mp3","https://pub-d7aa2a1ce06c45019530da0ea90f67d8.r2.dev/group/Saimum/17-Eider%20Gan/14aj%20anondo.mp3"
"group/Saimum/17-Eider Gan/1mukhe mukhe.mp3","https://pub-d7aa2a1ce06c45019530da0ea90f67d8.r2.dev/group/Saimum/17-Eider%20Gan/1mukhe%20mukhe.mp3"
"group/Saimum/17-Eider Gan/2dol bedhe sob.mp3","https://pub-d7aa2a1ce06c45019530da0ea90f67d8.r2.dev/group/Saimum/17-Eider%20Gan/2dol%20bedhe%20sob.mp3"
"group/Saimum/17-Eider Gan/3eid elore.mp3","https://pub-d7aa2a1ce06c45019530da0ea90f67d8.r2.dev/group/Saimum/17-Eider%20Gan/3eid%20elore.mp3"
"group/Saimum/17-Eider Gan/4onurange rongin.mp3","https://pub-d7aa2a1ce06c45019530da0ea90f67d8.r2.dev/group/Saimum/17-Eider%20Gan/4onurange%20rongin.mp3"
"group/Saimum/17-Eider Gan/5eid eseche.mp3","https://pub-d7aa2a1ce06c45019530da0ea90f67d8.r2.dev/group/Saimum/17-Eider%20Gan/5eid%20eseche.mp3"
"group/Saimum/17-Eider Gan/6qurbani dao.mp3","https://pub-d7aa2a1ce06c45019530da0ea90f67d8.r2.dev/group/Saimum/17-Eider%20Gan/6qurbani%20dao.mp3"
"group/Saimum/17-Eider Gan/7ayre mumin.mp3","https://pub-d7aa2a1ce06c45019530da0ea90f67d8.r2.dev/group/Saimum/17-Eider%20Gan/7ayre%20mumin.mp3"
"group/Saimum/17-Eider Gan/8o mon romojaner.mp3","https://pub-d7aa2a1ce06c45019530da0ea90f67d8.r2.dev/group/Saimum/17-Eider%20Gan/8o%20mon%20romojaner.mp3"
"group/Saimum/17-Eider Gan/9eid mane to.mp3","https://pub-d7aa2a1ce06c45019530da0ea90f67d8.r2.dev/group/Saimum/17-Eider%20Gan/9eid%20mane%20to.mp3"
"group/Saimum/1shishu kishorder gan/01 Track 1.mp3","https://pub-d7aa2a1ce06c45019530da0ea90f67d8.r2.dev/group/Saimum/1shishu%20kishorder%20gan/01%20Track%201.mp3"
"group/Saimum/1shishu kishorder gan/02 Track 2.mp3","https://pub-d7aa2a1ce06c45019530da0ea90f67d8.r2.dev/group/Saimum/1shishu%20kishorder%20gan/02%20Track%202.mp3"
"group/Saimum/1shishu kishorder gan/03 Track 3.mp3","https://pub-d7aa2a1ce06c45019530da0ea90f67d8.r2.dev/group/Saimum/1shishu%20kishorder%20gan/03%20Track%203.mp3"
"group/Saimum/1shishu kishorder gan/04 Track 4.mp3","https://pub-d7aa2a1ce06c45019530da0ea90f67d8.r2.dev/group/Saimum/1shishu%20kishorder%20gan/04%20Track%204.mp3"
"group/Saimum/1shishu kishorder gan/05 Track 5.mp3","https://pub-d7aa2a1ce06c45019530da0ea90f67d8.r2.dev/group/Saimum/1shishu%20kishorder%20gan/05%20Track%205.mp3"
"group/Saimum/1shishu kishorder gan/06 Track 6.mp3","https://pub-d7aa2a1ce06c45019530da0ea90f67d8.r2.dev/group/Saimum/1shishu%20kishorder%20gan/06%20Track%206.mp3"
"group/Saimum/1shishu kishorder gan/07 Track 7.mp3","https://pub-d7aa2a1ce06c45019530da0ea90f67d8.r2.dev/group/Saimum/1shishu%20kishorder%20gan/07%20Track%207.mp3"
"group/Saimum/1shishu kishorder gan/08 Track 8.mp3","https://pub-d7aa2a1ce06c45019530da0ea90f67d8.r2.dev/group/Saimum/1shishu%20kishorder%20gan/08%20Track%208.mp3"
"group/Saimum/1shishu kishorder gan/09 Track 9.mp3","https://pub-d7aa2a1ce06c45019530da0ea90f67d8.r2.dev/group/Saimum/1shishu%20kishorder%20gan/09%20Track%209.mp3"
"group/Saimum/1shishu kishorder gan/10 Track 10.mp3","https://pub-d7aa2a1ce06c45019530da0ea90f67d8.r2.dev/group/Saimum/1shishu%20kishorder%20gan/10%20Track%2010.mp3"
"group/Saimum/1shishu kishorder gan/11 Track 11.mp3","https://pub-d7aa2a1ce06c45019530da0ea90f67d8.r2.dev/group/Saimum/1shishu%20kishorder%20gan/11%20Track%2011.mp3"
"group/Saimum/1shishu kishorder gan/12 Track 12.mp3","https://pub-d7aa2a1ce06c45019530da0ea90f67d8.r2.dev/group/Saimum/1shishu%20kishorder%20gan/12%20Track%2012.mp3"
"group/Saimum/1shishu kishorder gan/13 Track 13.mp3","https://pub-d7aa2a1ce06c45019530da0ea90f67d8.r2.dev/group/Saimum/1shishu%20kishorder%20gan/13%20Track%2013.mp3"
"group/Saimum/1shishu kishorder gan/14 Track 14.mp3","https://pub-d7aa2a1ce06c45019530da0ea90f67d8.r2.dev/group/Saimum/1shishu%20kishorder%20gan/14%20Track%2014.mp3"
"group/Saimum/22 Jozba/0-intro.mp3","https://pub-d7aa2a1ce06c45019530da0ea90f67d8.r2.dev/group/Saimum/22%20Jozba/0-intro.mp3"
"group/Saimum/22 Jozba/1-ami-ki-jaynamaze.mp3","https://pub-d7aa2a1ce06c45019530da0ea90f67d8.r2.dev/group/Saimum/22%20Jozba/1-ami-ki-jaynamaze.mp3"
"group/Saimum/22 Jozba/10-save-mujahid.mp3","https://pub-d7aa2a1ce06c45019530da0ea90f67d8.r2.dev/group/Saimum/22%20Jozba/10-save-mujahid.mp3"
"group/Saimum/22 Jozba/11-swoyong-nije-bujhe.mp3","https://pub-d7aa2a1ce06c45019530da0ea90f67d8.r2.dev/group/Saimum/22%20Jozba/11-swoyong-nije-bujhe.mp3"
"group/Saimum/22 Jozba/12-ei-prithibite.mp3","https://pub-d7aa2a1ce06c45019530da0ea90f67d8.r2.dev/group/Saimum/22%20Jozba/12-ei-prithibite.mp3"
"group/Saimum/22 Jozba/13-shohidi-moron.mp3","https://pub-d7aa2a1ce06c45019530da0ea90f67d8.r2.dev/group/Saimum/22%20Jozba/13-shohidi-moron.mp3"
"group/Saimum/22 Jozba/14-watasimu-bi-habli.mp3","https://pub-d7aa2a1ce06c45019530da0ea90f67d8.r2.dev/group/Saimum/22%20Jozba/14-watasimu-bi-habli.mp3"
"group/Saimum/22 Jozba/15-ending.mp3","https://pub-d7aa2a1ce06c45019530da0ea90f67d8.r2.dev/group/Saimum/22%20Jozba/15-ending.mp3"
"group/Saimum/22 Jozba/2-nobiji-amar.mp3","https://pub-d7aa2a1ce06c45019530da0ea90f67d8.r2.dev/group/Saimum/22%20Jozba/2-nobiji-amar.mp3"
"group/Saimum/22 Jozba/3-kun-anfusakum.mp3","https://pub-d7aa2a1ce06c45019530da0ea90f67d8.r2.dev/group/Saimum/22%20Jozba/3-kun-anfusakum.mp3"
"group/Saimum/22 Jozba/4-tumi-ki-eeman.mp3","https://pub-d7aa2a1ce06c45019530da0ea90f67d8.r2.dev/group/Saimum/22%20Jozba/4-tumi-ki-eeman.mp3"
"group/Saimum/22 Jozba/5-dome-dome-proti.mp3","https://pub-d7aa2a1ce06c45019530da0ea90f67d8.r2.dev/group/Saimum/22%20Jozba/5-dome-dome-proti.mp3"
"group/Saimum/22 Jozba/6-Allah loves.mp3","https://pub-d7aa2a1ce06c45019530da0ea90f67d8.r2.dev/group/Saimum/22%20Jozba/6-Allah%20loves.mp3"
"group/Saimum/22 Jozba/7-tamuruna-bil.mp3","https://pub-d7aa2a1ce06c45019530da0ea90f67d8.r2.dev/group/Saimum/22%20Jozba/7-tamuruna-bil.mp3"
"group/Saimum/22 Jozba/8-o-amar-allah.mp3","https://pub-d7aa2a1ce06c45019530da0ea90f67d8.r2.dev/group/Saimum/22%20Jozba/8-o-amar-allah.mp3"
"group/Saimum/22 Jozba/9-caridike-jwolche.mp3","https://pub-d7aa2a1ce06c45019530da0ea90f67d8.r2.dev/group/Saimum/22%20Jozba/9-caridike-jwolche.mp3"
"group/Saimum/41 Ruper Nodi/01. Takbir Tolo.mp3","https://pub-d7aa2a1ce06c45019530da0ea90f67d8.r2.dev/group/Saimum/41%20Ruper%20Nodi/01.%20Takbir%20Tolo.mp3"
"group/Saimum/41 Ruper Nodi/02. Amar Je kotha Kaje Sobai Khusi.mp3","https://pub-d7aa2a1ce06c45019530da0ea90f67d8.r2.dev/group/Saimum/41%20Ruper%20Nodi/02.%20Amar%20Je%20kotha%20Kaje%20Sobai%20Khusi.mp3"
"group/Saimum/41 Ruper Nodi/03. Amra Shishu Fuler Koli.mp3","https://pub-d7aa2a1ce06c45019530da0ea90f67d8.r2.dev/group/Saimum/41%20Ruper%20Nodi/03.%20Amra%20Shishu%20Fuler%20Koli.mp3"
"group/Saimum/41 Ruper Nodi/04. Baganer Fulgulo Provur Name.mp3","https://pub-d7aa2a1ce06c45019530da0ea90f67d8.r2.dev/group/Saimum/41%20Ruper%20Nodi/04.%20Baganer%20Fulgulo%20Provur%20Name.mp3"
"group/Saimum/41 Ruper Nodi/05. Ei Je Mogo Garame Mora Valo Achi.mp3","https://pub-d7aa2a1ce06c45019530da0ea90f67d8.r2.dev/group/Saimum/41%20Ruper%20Nodi/05.%20Ei%20Je%20Mogo%20Garame%20Mora%20Valo%20Achi.mp3"
"group/Saimum/41 Ruper Nodi/06. Hridoy Gohine Apon Kore.mp3","https://pub-d7aa2a1ce06c45019530da0ea90f67d8.r2.dev/group/Saimum/41%20Ruper%20Nodi/06.%20Hridoy%20Gohine%20Apon%20Kore.mp3"
"group/Saimum/41 Ruper Nodi/07. Kolo Kolo Kore Ruper Nodi.mp3","https://pub-d7aa2a1ce06c45019530da0ea90f67d8.r2.dev/group/Saimum/41%20Ruper%20Nodi/07.%20Kolo%20Kolo%20Kore%20Ruper%20Nodi.mp3"
"group/Saimum/41 Ruper Nodi/08. Latan Sa.mp3","https://pub-d7aa2a1ce06c45019530da0ea90f67d8.r2.dev/group/Saimum/41%20Ruper%20Nodi/08.%20Latan%20Sa.mp3"
"group/Saimum/41 Ruper Nodi/09. Lokkho Ganer Shilpi.mp3","https://pub-d7aa2a1ce06c45019530da0ea90f67d8.r2.dev/group/Saimum/41%20Ruper%20Nodi/09.%20Lokkho%20Ganer%20Shilpi.mp3"
"group/Saimum/41 Ruper Nodi/10. Ma Holo Shanti Sukher.mp3","https://pub-d7aa2a1ce06c45019530da0ea90f67d8.r2.dev/group/Saimum/41%20Ruper%20Nodi/10.%20Ma%20Holo%20Shanti%20Sukher.mp3"
"group/Saimum/41 Ruper Nodi/11. Moumachi Moumachi.mp3","https://pub-d7aa2a1ce06c45019530da0ea90f67d8.r2.dev/group/Saimum/41%20Ruper%20Nodi/11.%20Moumachi%20Moumachi.mp3"
"group/Saimum/41 Ruper Nodi/12. My Mother Is My.mp3","https://pub-d7aa2a1ce06c45019530da0ea90f67d8.r2.dev/group/Saimum/41%20Ruper%20Nodi/12.%20My%20Mother%20Is%20My.mp3"
"group/Saimum/41 Ruper Nodi/13. Nodir Kolotane.mp3","https://pub-d7aa2a1ce06c45019530da0ea90f67d8.r2.dev/group/Saimum/41%20Ruper%20Nodi/13.%20Nodir%20Kolotane.mp3"
"group/Saimum/41 Ruper Nodi/14. hBolo Kare Tumi.mp3","https://pub-d7aa2a1ce06c45019530da0ea90f67d8.r2.dev/group/Saimum/41%20Ruper%20Nodi/14.%20hBolo%20Kare%20Tumi.mp3"
"group/Saimum/41 Ruper Nodi/AlbumArtSmall.jpg","https://pub-d7aa2a1ce06c45019530da0ea90f67d8.r2.dev/group/Saimum/41%20Ruper%20Nodi/AlbumArtSmall.jpg"
"group/Saimum/41 Ruper Nodi/Folder.jpg","https://pub-d7aa2a1ce06c45019530da0ea90f67d8.r2.dev/group/Saimum/41%20Ruper%20Nodi/Folder.jpg"
"group/Saimum/41 Ruper Nodi/at last.mp3","https://pub-d7aa2a1ce06c45019530da0ea90f67d8.r2.dev/group/Saimum/41%20Ruper%20Nodi/at%20last.mp3"
"group/Saimum/43siyamer gan/10bochor ghure.mp3","https://pub-d7aa2a1ce06c45019530da0ea90f67d8.r2.dev/group/Saimum/43siyamer%20gan/10bochor%20ghure.mp3"
"group/Saimum/43siyamer gan/11iftar sommukhe.mp3","https://pub-d7aa2a1ce06c45019530da0ea90f67d8.r2.dev/group/Saimum/43siyamer%20gan/11iftar%20sommukhe.mp3"
"group/Saimum/43siyamer gan/12shobe qodor.mp3","https://pub-d7aa2a1ce06c45019530da0ea90f67d8.r2.dev/group/Saimum/43siyamer%20gan/12shobe%20qodor.mp3"
"group/Saimum/43siyamer gan/1bodorer mas elo.mp3","https://pub-d7aa2a1ce06c45019530da0ea90f67d8.r2.dev/group/Saimum/43siyamer%20gan/1bodorer%20mas%20elo.mp3"
"group/Saimum/43siyamer gan/2rahmate ar.mp3","https://pub-d7aa2a1ce06c45019530da0ea90f67d8.r2.dev/group/Saimum/43siyamer%20gan/2rahmate%20ar.mp3"
"group/Saimum/43siyamer gan/3swagotom ramajan.mp3","https://pub-d7aa2a1ce06c45019530da0ea90f67d8.r2.dev/group/Saimum/43siyamer%20gan/3swagotom%20ramajan.mp3"
"group/Saimum/43siyamer gan/4notun cander.mp3","https://pub-d7aa2a1ce06c45019530da0ea90f67d8.r2.dev/group/Saimum/43siyamer%20gan/4notun%20cander.mp3"
"group/Saimum/43siyamer gan/5brrikkho kalima.mp3","https://pub-d7aa2a1ce06c45019530da0ea90f67d8.r2.dev/group/Saimum/43siyamer%20gan/5brrikkho%20kalima.mp3"
"group/Saimum/43siyamer gan/6aslo fire eider.mp3","https://pub-d7aa2a1ce06c45019530da0ea90f67d8.r2.dev/group/Saimum/43siyamer%20gan/6aslo%20fire%20eider.mp3"
"group/Saimum/43siyamer gan/7quran poro.mp3","https://pub-d7aa2a1ce06c45019530da0ea90f67d8.r2.dev/group/Saimum/43siyamer%20gan/7quran%20poro.mp3"
"group/Saimum/43siyamer gan/8akasher kol ghese.mp3","https://pub-d7aa2a1ce06c45019530da0ea90f67d8.r2.dev/group/Saimum/43siyamer%20gan/8akasher%20kol%20ghese.mp3"
"group/Saimum/43siyamer gan/9bochor bochor.mp3","https://pub-d7aa2a1ce06c45019530da0ea90f67d8.r2.dev/group/Saimum/43siyamer%20gan/9bochor%20bochor.mp3"
"group/Saimum/5 Saimum.mp3","https://pub-d7aa2a1ce06c45019530da0ea90f67d8.r2.dev/group/Saimum/5%20Saimum.mp3"
"group/Saimum/5saimum-5/10fuler.mp3","https://pub-d7aa2a1ce06c45019530da0ea90f67d8.r2.dev/group/Saimum/5saimum-5/10fuler.mp3"
"group/Saimum/5saimum-5/11khoda tomar nameri.mp3","https://pub-d7aa2a1ce06c45019530da0ea90f67d8.r2.dev/group/Saimum/5saimum-5/11khoda%20tomar%20nameri.mp3"
"group/Saimum/5saimum-5/12sokal holo.mp3","https://pub-d7aa2a1ce06c45019530da0ea90f67d8.r2.dev/group/Saimum/5saimum-5/12sokal%20holo.mp3"
"group/Saimum/5saimum-5/13tomar deya.mp3","https://pub-d7aa2a1ce06c45019530da0ea90f67d8.r2.dev/group/Saimum/5saimum-5/13tomar%20deya.mp3"
"group/Saimum/5saimum-5/14dui noyon khuliya.mp3","https://pub-d7aa2a1ce06c45019530da0ea90f67d8.r2.dev/group/Saimum/5saimum-5/14dui%20noyon%20khuliya.mp3"
"group/Saimum/5saimum-5/1nana rong.mp3","https://pub-d7aa2a1ce06c45019530da0ea90f67d8.r2.dev/group/Saimum/5saimum-5/1nana%20rong.mp3"
"group/Saimum/5saimum-5/2ami zodi arab.mp3","https://pub-d7aa2a1ce06c45019530da0ea90f67d8.r2.dev/group/Saimum/5saimum-5/2ami%20zodi%20arab.mp3"
"group/Saimum/5saimum-5/3shrorritur ei.mp3","https://pub-d7aa2a1ce06c45019530da0ea90f67d8.r2.dev/group/Saimum/5saimum-5/3shrorritur%20ei.mp3"
"group/Saimum/5saimum-5/4ore majhir dol.mp3","https://pub-d7aa2a1ce06c45019530da0ea90f67d8.r2.dev/group/Saimum/5saimum-5/4ore%20majhir%20dol.mp3"
"group/Saimum/5saimum-5/5sukher jibon.mp3","https://pub-d7aa2a1ce06c45019530da0ea90f67d8.r2.dev/group/Saimum/5saimum-5/5sukher%20jibon.mp3"
"group/Saimum/5saimum-5/6tumi achor hridoyer.mp3","https://pub-d7aa2a1ce06c45019530da0ea90f67d8.r2.dev/group/Saimum/5saimum-5/6tumi%20achor%20hridoyer.mp3"
"group/Saimum/5saimum-5/7itihas theke.mp3","https://pub-d7aa2a1ce06c45019530da0ea90f67d8.r2.dev/group/Saimum/5saimum-5/7itihas%20theke.mp3"
"group/Saimum/5saimum-5/8o amar filistan.mp3","https://pub-d7aa2a1ce06c45019530da0ea90f67d8.r2.dev/group/Saimum/5saimum-5/8o%20amar%20filistan.mp3"
"group/Saimum/5saimum-5/9tora zare moron.mp3","https://pub-d7aa2a1ce06c45019530da0ea90f67d8.r2.dev/group/Saimum/5saimum-5/9tora%20zare%20moron.mp3"
"group/Saimum/5saimum-5/Saimum 5 HD/01-nana-rong-fule.mp3","https://pub-d7aa2a1ce06c45019530da0ea90f67d8.r2.dev/group/Saimum/5saimum-5/Saimum%205%20HD/01-nana-rong-fule.mp3"
"group/Saimum/5saimum-5/Saimum 5 HD/02-ami-zodi-arab-hotam.mp3","https://pub-d7aa2a1ce06c45019530da0ea90f67d8.r2.dev/group/Saimum/5saimum-5/Saimum%205%20HD/02-ami-zodi-arab-hotam.mp3"
"group/Saimum/5saimum-5/Saimum 5 HD/03-shoro-hritor-ei-deshe.mp3","https://pub-d7aa2a1ce06c45019530da0ea90f67d8.r2.dev/group/Saimum/5saimum-5/Saimum%205%20HD/03-shoro-hritor-ei-deshe.mp3"
"group/Saimum/5saimum-5/Saimum 5 HD/05-sukher-jibon.mp3","https://pub-d7aa2a1ce06c45019530da0ea90f67d8.r2.dev/group/Saimum/5saimum-5/Saimum%205%20HD/05-sukher-jibon.mp3"
"group/Saimum/5saimum-5/Saimum 5 HD/06-tumi-acho-hridoyer.mp3","https://pub-d7aa2a1ce06c45019530da0ea90f67d8.r2.dev/group/Saimum/5saimum-5/Saimum%205%20HD/06-tumi-acho-hridoyer.mp3"
"group/Saimum/5saimum-5/Saimum 5 HD/07-itihash-theke-mora.mp3","https://pub-d7aa2a1ce06c45019530da0ea90f67d8.r2.dev/group/Saimum/5saimum-5/Saimum%205%20HD/07-itihash-theke-mora.mp3"
"group/Saimum/5saimum-5/Saimum 5 HD/08-filistin.mp3","https://pub-d7aa2a1ce06c45019530da0ea90f67d8.r2.dev/group/Saimum/5saimum-5/Saimum%205%20HD/08-filistin.mp3"
"group/Saimum/5saimum-5/Saimum 5 HD/09-tora-zare-moron.mp3","https://pub-d7aa2a1ce06c45019530da0ea90f67d8.r2.dev/group/Saimum/5saimum-5/Saimum%205%20HD/09-tora-zare-moron.mp3"
"group/Saimum/5saimum-5/Saimum 5 HD/10-ogo-ful-shiuli.mp3","https://pub-d7aa2a1ce06c45019530da0ea90f67d8.r2.dev/group/Saimum/5saimum-5/Saimum%205%20HD/10-ogo-ful-shiuli.mp3"
"group/Saimum/5saimum-5/Saimum 5 HD/11-khoda-tomar.mp3","https://pub-d7aa2a1ce06c45019530da0ea90f67d8.r2.dev/group/Saimum/5saimum-5/Saimum%205%20HD/11-khoda-tomar.mp3"
"group/Saimum/5saimum-5/Saimum 5 HD/12-sokal-holo.mp3","https://pub-d7aa2a1ce06c45019530da0ea90f67d8.r2.dev/group/Saimum/5saimum-5/Saimum%205%20HD/12-sokal-holo.mp3"
"group/Saimum/5saimum-5/Saimum 5 HD/13-tomar-deya-ei.mp3","https://pub-d7aa2a1ce06c45019530da0ea90f67d8.r2.dev/group/Saimum/5saimum-5/Saimum%205%20HD/13-tomar-deya-ei.mp3"
"group/Saimum/5saimum-5/Saimum 5 HD/14-dui-noyon.mp3","https://pub-d7aa2a1ce06c45019530da0ea90f67d8.r2.dev/group/Saimum/5saimum-5/Saimum%205%20HD/14-dui-noyon.mp3"
"group/Saimum/6 Alor Prova/1-ami-tomar-premer.mp3","https://pub-d7aa2a1ce06c45019530da0ea90f67d8.r2.dev/group/Saimum/6%20Alor%20Prova/1-ami-tomar-premer.mp3"
"group/Saimum/6 Alor Prova/10-ferestara-nimesh.mp3","https://pub-d7aa2a1ce06c45019530da0ea90f67d8.r2.dev/group/Saimum/6%20Alor%20Prova/10-ferestara-nimesh.mp3"
"group/Saimum/6 Alor Prova/11-hajar-nodi-math.mp3","https://pub-d7aa2a1ce06c45019530da0ea90f67d8.r2.dev/group/Saimum/6%20Alor%20Prova/11-hajar-nodi-math.mp3"
"group/Saimum/6 Alor Prova/12-Allah-mohan.mp3","https://pub-d7aa2a1ce06c45019530da0ea90f67d8.r2.dev/group/Saimum/6%20Alor%20Prova/12-Allah-mohan.mp3"
"group/Saimum/6 Alor Prova/2-hajar-desher-ei.mp3","https://pub-d7aa2a1ce06c45019530da0ea90f67d8.r2.dev/group/Saimum/6%20Alor%20Prova/2-hajar-desher-ei.mp3"
"group/Saimum/6 Alor Prova/3-name-tomar-modhu.mp3","https://pub-d7aa2a1ce06c45019530da0ea90f67d8.r2.dev/group/Saimum/6%20Alor%20Prova/3-name-tomar-modhu.mp3"
"group/Saimum/6 Alor Prova/4-koto-thikanahin.mp3","https://pub-d7aa2a1ce06c45019530da0ea90f67d8.r2.dev/group/Saimum/6%20Alor%20Prova/4-koto-thikanahin.mp3"
"group/Saimum/6 Alor Prova/5-priyo-amar-desher.mp3","https://pub-d7aa2a1ce06c45019530da0ea90f67d8.r2.dev/group/Saimum/6%20Alor%20Prova/5-priyo-amar-desher.mp3"
"group/Saimum/6 Alor Prova/6-porer-jonyo-korle.mp3","https://pub-d7aa2a1ce06c45019530da0ea90f67d8.r2.dev/group/Saimum/6%20Alor%20Prova/6-porer-jonyo-korle.mp3"
"group/Saimum/6 Alor Prova/7-ma-tomake-niye.mp3","https://pub-d7aa2a1ce06c45019530da0ea90f67d8.r2.dev/group/Saimum/6%20Alor%20Prova/7-ma-tomake-niye.mp3"
"group/Saimum/6 Alor Prova/8-shikkhar-alo.mp3","https://pub-d7aa2a1ce06c45019530da0ea90f67d8.r2.dev/group/Saimum/6%20Alor%20Prova/8-shikkhar-alo.mp3"
"group/Saimum/6 Alor Prova/9-ami-zodi-konodin.mp3","https://pub-d7aa2a1ce06c45019530da0ea90f67d8.r2.dev/group/Saimum/6%20Alor%20Prova/9-ami-zodi-konodin.mp3"
"group/Saimum/6 Alor Prova/alor-prova.jpg","https://pub-d7aa2a1ce06c45019530da0ea90f67d8.r2.dev/group/Saimum/6%20Alor%20Prova/alor-prova.jpg"
"group/Saimum/Allahke Sotyi Valobase Ze/10tomar name.mp3","https://pub-d7aa2a1ce06c45019530da0ea90f67d8.r2.dev/group/Saimum/Allahke%20Sotyi%20Valobase%20Ze/10tomar%20name.mp3"
"group/Saimum/Allahke Sotyi Valobase Ze/11Allah namer.mp3","https://pub-d7aa2a1ce06c45019530da0ea90f67d8.r2.dev/group/Saimum/Allahke%20Sotyi%20Valobase%20Ze/11Allah%20namer.mp3"
"group/Saimum/Allahke Sotyi Valobase Ze/12tumi arhal.mp3","https://pub-d7aa2a1ce06c45019530da0ea90f67d8.r2.dev/group/Saimum/Allahke%20Sotyi%20Valobase%20Ze/12tumi%20arhal.mp3"
"group/Saimum/Allahke Sotyi Valobase Ze/13ma je amar.mp3","https://pub-d7aa2a1ce06c45019530da0ea90f67d8.r2.dev/group/Saimum/Allahke%20Sotyi%20Valobase%20Ze/13ma%20je%20amar.mp3"
"group/Saimum/Allahke Sotyi Valobase Ze/1allahke je sotyi.mp3","https://pub-d7aa2a1ce06c45019530da0ea90f67d8.r2.dev/group/Saimum/Allahke%20Sotyi%20Valobase%20Ze/1allahke%20je%20sotyi.mp3"
"group/Saimum/Allahke Sotyi Valobase Ze/2ekti nodi.mp3","https://pub-d7aa2a1ce06c45019530da0ea90f67d8.r2.dev/group/Saimum/Allahke%20Sotyi%20Valobase%20Ze/2ekti%20nodi.mp3"
"group/Saimum/Allahke Sotyi Valobase Ze/3jotodin ei.mp3","https://pub-d7aa2a1ce06c45019530da0ea90f67d8.r2.dev/group/Saimum/Allahke%20Sotyi%20Valobase%20Ze/3jotodin%20ei.mp3"
"group/Saimum/Allahke Sotyi Valobase Ze/4ki je modhur.mp3","https://pub-d7aa2a1ce06c45019530da0ea90f67d8.r2.dev/group/Saimum/Allahke%20Sotyi%20Valobase%20Ze/4ki%20je%20modhur.mp3"
"group/Saimum/Allahke Sotyi Valobase Ze/5dhewer pore.mp3","https://pub-d7aa2a1ce06c45019530da0ea90f67d8.r2.dev/group/Saimum/Allahke%20Sotyi%20Valobase%20Ze/5dhewer%20pore.mp3"
"group/Saimum/Allahke Sotyi Valobase Ze/6abar pran.mp3","https://pub-d7aa2a1ce06c45019530da0ea90f67d8.r2.dev/group/Saimum/Allahke%20Sotyi%20Valobase%20Ze/6abar%20pran.mp3"
"group/Saimum/Allahke Sotyi Valobase Ze/7Allah created.mp3","https://pub-d7aa2a1ce06c45019530da0ea90f67d8.r2.dev/group/Saimum/Allahke%20Sotyi%20Valobase%20Ze/7Allah%20created.mp3"
"group/Saimum/Allahke Sotyi Valobase Ze/8baba tumi kothay.mp3","https://pub-d7aa2a1ce06c45019530da0ea90f67d8.r2.dev/group/Saimum/Allahke%20Sotyi%20Valobase%20Ze/8baba%20tumi%20kothay.mp3"
"group/Saimum/Allahke Sotyi Valobase Ze/9megher chadowa.mp3","https://pub-d7aa2a1ce06c45019530da0ea90f67d8.r2.dev/group/Saimum/Allahke%20Sotyi%20Valobase%20Ze/9megher%20chadowa.mp3"
"group/Saimum/Alor Prova.amr","https://pub-d7aa2a1ce06c45019530da0ea90f67d8.r2.dev/group/Saimum/Alor%20Prova.amr"
"group/Saimum/Alor Prova.mp3","https://pub-d7aa2a1ce06c45019530da0ea90f67d8.r2.dev/group/Saimum/Alor%20Prova.mp3"
"group/Saimum/Bandhan (Saimum _ Panjeri)/0-buke-buke.mp3","https://pub-d7aa2a1ce06c45019530da0ea90f67d8.r2.dev/group/Saimum/Bandhan%20(Saimum%20_%20Panjeri)/0-buke-buke.mp3"
"group/Saimum/Bandhan (Saimum _ Panjeri)/1-tomader-vulini.mp3","https://pub-d7aa2a1ce06c45019530da0ea90f67d8.r2.dev/group/Saimum/Bandhan%20(Saimum%20_%20Panjeri)/1-tomader-vulini.mp3"
"group/Saimum/Bandhan (Saimum _ Panjeri)/10-o-majhi-vy.mp3","https://pub-d7aa2a1ce06c45019530da0ea90f67d8.r2.dev/group/Saimum/Bandhan%20(Saimum%20_%20Panjeri)/10-o-majhi-vy.mp3"
"group/Saimum/Bandhan (Saimum _ Panjeri)/11-kiser-bived-koro.mp3","https://pub-d7aa2a1ce06c45019530da0ea90f67d8.r2.dev/group/Saimum/Bandhan%20(Saimum%20_%20Panjeri)/11-kiser-bived-koro.mp3"
"group/Saimum/Bandhan (Saimum _ Panjeri)/12-sotyer-songrame.mp3","https://pub-d7aa2a1ce06c45019530da0ea90f67d8.r2.dev/group/Saimum/Bandhan%20(Saimum%20_%20Panjeri)/12-sotyer-songrame.mp3"
"group/Saimum/Bandhan (Saimum _ Panjeri)/13-shono-dak-eseche.mp3","https://pub-d7aa2a1ce06c45019530da0ea90f67d8.r2.dev/group/Saimum/Bandhan%20(Saimum%20_%20Panjeri)/13-shono-dak-eseche.mp3"
"group/Saimum/Bandhan (Saimum _ Panjeri)/14-ami-harbona.mp3","https://pub-d7aa2a1ce06c45019530da0ea90f67d8.r2.dev/group/Saimum/Bandhan%20(Saimum%20_%20Panjeri)/14-ami-harbona.mp3"
"group/Saimum/Bandhan (Saimum _ Panjeri)/2-shantir-pothe-aj.mp3","https://pub-d7aa2a1ce06c45019530da0ea90f67d8.r2.dev/group/Saimum/Bandhan%20(Saimum%20_%20Panjeri)/2-shantir-pothe-aj.mp3"
"group/Saimum/Bandhan (Saimum _ Panjeri)/3-sotyer-e-pothe.mp3","https://pub-d7aa2a1ce06c45019530da0ea90f67d8.r2.dev/group/Saimum/Bandhan%20(Saimum%20_%20Panjeri)/3-sotyer-e-pothe.mp3"
"group/Saimum/Bandhan (Saimum _ Panjeri)/4-bajiche-damama.mp3","https://pub-d7aa2a1ce06c45019530da0ea90f67d8.r2.dev/group/Saimum/Bandhan%20(Saimum%20_%20Panjeri)/4-bajiche-damama.mp3"
"group/Saimum/Bandhan (Saimum _ Panjeri)/5-diye-zai-mora.mp3","https://pub-d7aa2a1ce06c45019530da0ea90f67d8.r2.dev/group/Saimum/Bandhan%20(Saimum%20_%20Panjeri)/5-diye-zai-mora.mp3"
"group/Saimum/Bandhan (Saimum _ Panjeri)/6-salam-bir-jowan.mp3","https://pub-d7aa2a1ce06c45019530da0ea90f67d8.r2.dev/group/Saimum/Bandhan%20(Saimum%20_%20Panjeri)/6-salam-bir-jowan.mp3"
"group/Saimum/Bandhan (Saimum _ Panjeri)/7-amay-ekti-vanga.mp3","https://pub-d7aa2a1ce06c45019530da0ea90f67d8.r2.dev/group/Saimum/Bandhan%20(Saimum%20_%20Panjeri)/7-amay-ekti-vanga.mp3"
"group/Saimum/Bandhan (Saimum _ Panjeri)/8-uddam-mora-durbar.mp3","https://pub-d7aa2a1ce06c45019530da0ea90f67d8.r2.dev/group/Saimum/Bandhan%20(Saimum%20_%20Panjeri)/8-uddam-mora-durbar.mp3"
"group/Saimum/Bandhan (Saimum _ Panjeri)/9-sokol-byathar-.mp3","https://pub-d7aa2a1ce06c45019530da0ea90f67d8.r2.dev/group/Saimum/Bandhan%20(Saimum%20_%20Panjeri)/9-sokol-byathar-.mp3"
"group/Saimum/Bulbuli/01 Koyto Dekhi.mp3","https://pub-d7aa2a1ce06c45019530da0ea90f67d8.r2.dev/group/Saimum/Bulbuli/01%20Koyto%20Dekhi.mp3"
"group/Saimum/Bulbuli/02 Bhorer Batase.mp3","https://pub-d7aa2a1ce06c45019530da0ea90f67d8.r2.dev/group/Saimum/Bulbuli/02%20Bhorer%20Batase.mp3"
"group/Saimum/Bulbuli/03 Tattu Ghora.mp3","https://pub-d7aa2a1ce06c45019530da0ea90f67d8.r2.dev/group/Saimum/Bulbuli/03%20Tattu%20Ghora.mp3"
"group/Saimum/Bulbuli/04 They Are Also.mp3","https://pub-d7aa2a1ce06c45019530da0ea90f67d8.r2.dev/group/Saimum/Bulbuli/04%20They%20Are%20Also.mp3"
"group/Saimum/Bulbuli/05 Allah Amar Rab.mp3","https://pub-d7aa2a1ce06c45019530da0ea90f67d8.r2.dev/group/Saimum/Bulbuli/05%20Allah%20Amar%20Rab.mp3"
"group/Saimum/Bulbuli/06 Amra Shisu.mp3","https://pub-d7aa2a1ce06c45019530da0ea90f67d8.r2.dev/group/Saimum/Bulbuli/06%20Amra%20Shisu.mp3"
"group/Saimum/Bulbuli/07 Hya Hyaeya.mp3","https://pub-d7aa2a1ce06c45019530da0ea90f67d8.r2.dev/group/Saimum/Bulbuli/07%20Hya%20Hyaeya.mp3"
"group/Saimum/Bulbuli/08 Ore Hulore.mp3","https://pub-d7aa2a1ce06c45019530da0ea90f67d8.r2.dev/group/Saimum/Bulbuli/08%20Ore%20Hulore.mp3"
"group/Saimum/Bulbuli/09 Hera Hote.mp3","https://pub-d7aa2a1ce06c45019530da0ea90f67d8.r2.dev/group/Saimum/Bulbuli/09%20Hera%20Hote.mp3"
"group/Saimum/Bulbuli/11 Amra Je Chai.mp3","https://pub-d7aa2a1ce06c45019530da0ea90f67d8.r2.dev/group/Saimum/Bulbuli/11%20Amra%20Je%20Chai.mp3"
"group/Saimum/Bulbuli/12 eki Oprup Sush.mp3","https://pub-d7aa2a1ce06c45019530da0ea90f67d8.r2.dev/group/Saimum/Bulbuli/12%20eki%20Oprup%20Sush.mp3"
"group/Saimum/Bulbuli/13 Allah's Creation.mp3","https://pub-d7aa2a1ce06c45019530da0ea90f67d8.r2.dev/group/Saimum/Bulbuli/13%20Allah%27s%20Creation.mp3"
"group/Saimum/Bulbuli/14Nityo jethay.mp3","https://pub-d7aa2a1ce06c45019530da0ea90f67d8.r2.dev/group/Saimum/Bulbuli/14Nityo%20jethay.mp3"
"group/Saimum/Bulbuli/15 Do You Know.mp3","https://pub-d7aa2a1ce06c45019530da0ea90f67d8.r2.dev/group/Saimum/Bulbuli/15%20Do%20You%20Know.mp3"
"group/Saimum/Bulbuli/16 Nobi elen.mp3","https://pub-d7aa2a1ce06c45019530da0ea90f67d8.r2.dev/group/Saimum/Bulbuli/16%20Nobi%20elen.mp3"
"group/Saimum/Fulkuri-2/03Khokar mukher.mp3","https://pub-d7aa2a1ce06c45019530da0ea90f67d8.r2.dev/group/Saimum/Fulkuri-2/03Khokar%20mukher.mp3"
"group/Saimum/Fulkuri-2/04 Mago Amay.mp3","https://pub-d7aa2a1ce06c45019530da0ea90f67d8.r2.dev/group/Saimum/Fulkuri-2/04%20Mago%20Amay.mp3"
"group/Saimum/Fulkuri-2/05 Kolo Kolo.mp3","https://pub-d7aa2a1ce06c45019530da0ea90f67d8.r2.dev/group/Saimum/Fulkuri-2/05%20Kolo%20Kolo.mp3"
"group/Saimum/Fulkuri-2/06 Mon Diye.mp3","https://pub-d7aa2a1ce06c45019530da0ea90f67d8.r2.dev/group/Saimum/Fulkuri-2/06%20Mon%20Diye.mp3"
"group/Saimum/Fulkuri-2/07 Greesho Borsha.mp3","https://pub-d7aa2a1ce06c45019530da0ea90f67d8.r2.dev/group/Saimum/Fulkuri-2/07%20Greesho%20Borsha.mp3"
"group/Saimum/Fulkuri-2/08 Ful Fote Heshe.mp3","https://pub-d7aa2a1ce06c45019530da0ea90f67d8.r2.dev/group/Saimum/Fulkuri-2/08%20Ful%20Fote%20Heshe.mp3"
"group/Saimum/Fulkuri-2/09 Hothat Shapla.mp3","https://pub-d7aa2a1ce06c45019530da0ea90f67d8.r2.dev/group/Saimum/Fulkuri-2/09%20Hothat%20Shapla.mp3"
"group/Saimum/Fulkuri-2/10 Shadhin.mp3","https://pub-d7aa2a1ce06c45019530da0ea90f67d8.r2.dev/group/Saimum/Fulkuri-2/10%20Shadhin.mp3"
"group/Saimum/Fulkuri-2/11 Mago Amar.mp3","https://pub-d7aa2a1ce06c45019530da0ea90f67d8.r2.dev/group/Saimum/Fulkuri-2/11%20Mago%20Amar.mp3"
"group/Saimum/Fulkuri-2/12 Mukto Malar.mp3","https://pub-d7aa2a1ce06c45019530da0ea90f67d8.r2.dev/group/Saimum/Fulkuri-2/12%20Mukto%20Malar.mp3"
"group/Saimum/Fulkuri-2/13 Voy Peona.mp3","https://pub-d7aa2a1ce06c45019530da0ea90f67d8.r2.dev/group/Saimum/Fulkuri-2/13%20Voy%20Peona.mp3"
"group/Saimum/Fulkuri-2/14 Hijol Bone.mp3","https://pub-d7aa2a1ce06c45019530da0ea90f67d8.r2.dev/group/Saimum/Fulkuri-2/14%20Hijol%20Bone.mp3"
"group/Saimum/Fulkuri-3/01BisMillah.mp3","https://pub-d7aa2a1ce06c45019530da0ea90f67d8.r2.dev/group/Saimum/Fulkuri-3/01BisMillah.mp3"
"group/Saimum/Fulkuri-3/02ShisuRasul.mp3","https://pub-d7aa2a1ce06c45019530da0ea90f67d8.r2.dev/group/Saimum/Fulkuri-3/02ShisuRasul.mp3"
"group/Saimum/Fulkuri-3/03AyDuniarBhandu.mp3","https://pub-d7aa2a1ce06c45019530da0ea90f67d8.r2.dev/group/Saimum/Fulkuri-3/03AyDuniarBhandu.mp3"
"group/Saimum/Fulkuri-3/04NahKedona.mp3","https://pub-d7aa2a1ce06c45019530da0ea90f67d8.r2.dev/group/Saimum/Fulkuri-3/04NahKedona.mp3"
"group/Saimum/Fulkuri-3/05AmijanoBarBar.mp3","https://pub-d7aa2a1ce06c45019530da0ea90f67d8.r2.dev/group/Saimum/Fulkuri-3/05AmijanoBarBar.mp3"
"group/Saimum/Fulkuri-3/06BalagalUla.mp3","https://pub-d7aa2a1ce06c45019530da0ea90f67d8.r2.dev/group/Saimum/Fulkuri-3/06BalagalUla.mp3"
"group/Saimum/Fulkuri-3/07FulerKolyRoyna.mp3","https://pub-d7aa2a1ce06c45019530da0ea90f67d8.r2.dev/group/Saimum/Fulkuri-3/07FulerKolyRoyna.mp3"
"group/Saimum/Fulkuri-3/08AllhahoAyNamerKalam.mp3","https://pub-d7aa2a1ce06c45019530da0ea90f67d8.r2.dev/group/Saimum/Fulkuri-3/08AllhahoAyNamerKalam.mp3"
"group/Saimum/Fulkuri-3/09JakhanAmiGhumiy.mp3","https://pub-d7aa2a1ce06c45019530da0ea90f67d8.r2.dev/group/Saimum/Fulkuri-3/09JakhanAmiGhumiy.mp3"
"group/Saimum/Fulkuri-3/10FulerKury.mp3","https://pub-d7aa2a1ce06c45019530da0ea90f67d8.r2.dev/group/Saimum/Fulkuri-3/10FulerKury.mp3"
"group/Saimum/Fulkuri-3/11KukKruKu.mp3","https://pub-d7aa2a1ce06c45019530da0ea90f67d8.r2.dev/group/Saimum/Fulkuri-3/11KukKruKu.mp3"
"group/Saimum/Fulkuri-3/13SurjaUtharAktu.mp3","https://pub-d7aa2a1ce06c45019530da0ea90f67d8.r2.dev/group/Saimum/Fulkuri-3/13SurjaUtharAktu.mp3"
"group/Saimum/Fulkuri-3/14VharHoloTai.mp3","https://pub-d7aa2a1ce06c45019530da0ea90f67d8.r2.dev/group/Saimum/Fulkuri-3/14VharHoloTai.mp3"
"group/Saimum/Fulkuri-3/15ArKatoKalVhashbo.mp3","https://pub-d7aa2a1ce06c45019530da0ea90f67d8.r2.dev/group/Saimum/Fulkuri-3/15ArKatoKalVhashbo.mp3"
"group/Saimum/Mahe Ramadhan.mp3","https://pub-d7aa2a1ce06c45019530da0ea90f67d8.r2.dev/group/Saimum/Mahe%20Ramadhan.mp3"
"group/Saimum/Mon Mohajon Shafiq Adnan/01 Agune Pora Mon.mp3","https://pub-d7aa2a1ce06c45019530da0ea90f67d8.r2.dev/group/Saimum/Mon%20Mohajon%20Shafiq%20Adnan/01%20Agune%20Pora%20Mon.mp3"
"group/Saimum/Mon Mohajon Shafiq Adnan/02 Bipote Jao Ulta Cholo.mp3","https://pub-d7aa2a1ce06c45019530da0ea90f67d8.r2.dev/group/Saimum/Mon%20Mohajon%20Shafiq%20Adnan/02%20Bipote%20Jao%20Ulta%20Cholo.mp3"
"group/Saimum/Mon Mohajon Shafiq Adnan/03 Duniyate Du Diner Vaber Karkhana.mp3","https://pub-d7aa2a1ce06c45019530da0ea90f67d8.r2.dev/group/Saimum/Mon%20Mohajon%20Shafiq%20Adnan/03%20Duniyate%20Du%20Diner%20Vaber%20Karkhana.mp3"
"group/Saimum/Mon Mohajon Shafiq Adnan/04 Ekhono Tui Kenore Miche.mp3","https://pub-d7aa2a1ce06c45019530da0ea90f67d8.r2.dev/group/Saimum/Mon%20Mohajon%20Shafiq%20Adnan/04%20Ekhono%20Tui%20Kenore%20Miche.mp3"
"group/Saimum/Mon Mohajon Shafiq Adnan/05 Je Mati Theke Provu Tumi.mp3","https://pub-d7aa2a1ce06c45019530da0ea90f67d8.r2.dev/group/Saimum/Mon%20Mohajon%20Shafiq%20Adnan/05%20Je%20Mati%20Theke%20Provu%20Tumi.mp3"
"group/Saimum/Mon Mohajon Shafiq Adnan/06 Malik Tumi Dao Disha Dao.mp3","https://pub-d7aa2a1ce06c45019530da0ea90f67d8.r2.dev/group/Saimum/Mon%20Mohajon%20Shafiq%20Adnan/06%20Malik%20Tumi%20Dao%20Disha%20Dao.mp3"
"group/Saimum/Mon Mohajon Shafiq Adnan/07 Moner O Pinjore Kotona Adore.mp3","https://pub-d7aa2a1ce06c45019530da0ea90f67d8.r2.dev/group/Saimum/Mon%20Mohajon%20Shafiq%20Adnan/07%20Moner%20O%20Pinjore%20Kotona%20Adore.mp3"
"group/Saimum/Mon Mohajon Shafiq Adnan/08 Onner Dosh Dhorte.mp3","https://pub-d7aa2a1ce06c45019530da0ea90f67d8.r2.dev/group/Saimum/Mon%20Mohajon%20Shafiq%20Adnan/08%20Onner%20Dosh%20Dhorte.mp3"
"group/Saimum/Monihar.amr","https://pub-d7aa2a1ce06c45019530da0ea90f67d8.r2.dev/group/Saimum/Monihar.amr"
"group/Saimum/Monihar.mp3","https://pub-d7aa2a1ce06c45019530da0ea90f67d8.r2.dev/group/Saimum/Monihar.mp3"
"group/Saimum/Monihar/01 Allah mohan.mp3","https://pub-d7aa2a1ce06c45019530da0ea90f67d8.r2.dev/group/Saimum/Monihar/01%20Allah%20mohan.mp3"
"group/Saimum/Monihar/02 tomar agomone mukti.mp3","https://pub-d7aa2a1ce06c45019530da0ea90f67d8.r2.dev/group/Saimum/Monihar/02%20tomar%20agomone%20mukti.mp3"
"group/Saimum/Monihar/03 amar ma amar kache .mp3","https://pub-d7aa2a1ce06c45019530da0ea90f67d8.r2.dev/group/Saimum/Monihar/03%20amar%20ma%20amar%20kache%20.mp3"
"group/Saimum/Monihar/04 surjodoyer desh.mp3","https://pub-d7aa2a1ce06c45019530da0ea90f67d8.r2.dev/group/Saimum/Monihar/04%20surjodoyer%20desh.mp3"
"group/Saimum/Monihar/05 Allah Allah .mp3","https://pub-d7aa2a1ce06c45019530da0ea90f67d8.r2.dev/group/Saimum/Monihar/05%20Allah%20Allah%20.mp3"
"group/Saimum/Monihar/06 lal sobujher ei potaka.mp3","https://pub-d7aa2a1ce06c45019530da0ea90f67d8.r2.dev/group/Saimum/Monihar/06%20lal%20sobujher%20ei%20potaka.mp3"
"group/Saimum/Monihar/07 amar sonar bangla.mp3","https://pub-d7aa2a1ce06c45019530da0ea90f67d8.r2.dev/group/Saimum/Monihar/07%20amar%20sonar%20bangla.mp3"
"group/Saimum/Monihar/08 Allah Allah Allahu.mp3","https://pub-d7aa2a1ce06c45019530da0ea90f67d8.r2.dev/group/Saimum/Monihar/08%20Allah%20Allah%20Allahu.mp3"
"group/Saimum/Monihar/09 ei desh matir gondhe.mp3","https://pub-d7aa2a1ce06c45019530da0ea90f67d8.r2.dev/group/Saimum/Monihar/09%20ei%20desh%20matir%20gondhe.mp3"
"group/Saimum/Monihar/10 bidhayok alok tumi.mp3","https://pub-d7aa2a1ce06c45019530da0ea90f67d8.r2.dev/group/Saimum/Monihar/10%20bidhayok%20alok%20tumi.mp3"
"group/Saimum/Monihar/11 majhe majhe monta.mp3","https://pub-d7aa2a1ce06c45019530da0ea90f67d8.r2.dev/group/Saimum/Monihar/11%20majhe%20majhe%20monta.mp3"
"group/Saimum/Monihar/12 hothat kore ke ze.mp3","https://pub-d7aa2a1ce06c45019530da0ea90f67d8.r2.dev/group/Saimum/Monihar/12%20hothat%20kore%20ke%20ze.mp3"
"group/Saimum/Monihar/13 Allah is our Lord.mp3","https://pub-d7aa2a1ce06c45019530da0ea90f67d8.r2.dev/group/Saimum/Monihar/13%20Allah%20is%20our%20Lord.mp3"
"group/Saimum/Onup/Amra-ekta.mp3","https://pub-d7aa2a1ce06c45019530da0ea90f67d8.r2.dev/group/Saimum/Onup/Amra-ekta.mp3"
"group/Saimum/Onup/He-Ghumonto.mp3","https://pub-d7aa2a1ce06c45019530da0ea90f67d8.r2.dev/group/Saimum/Onup/He-Ghumonto.mp3"
"group/Saimum/Onup/Hey Rasul Bujhina.mp3","https://pub-d7aa2a1ce06c45019530da0ea90f67d8.r2.dev/group/Saimum/Onup/Hey%20Rasul%20Bujhina.mp3"
"group/Saimum/Onup/Muslim-Aj-Otho.mp3","https://pub-d7aa2a1ce06c45019530da0ea90f67d8.r2.dev/group/Saimum/Onup/Muslim-Aj-Otho.mp3"
"group/Saimum/Onup/Shahjalaler-Shah.mp3","https://pub-d7aa2a1ce06c45019530da0ea90f67d8.r2.dev/group/Saimum/Onup/Shahjalaler-Shah.mp3"
"group/Saimum/Onup/Shotter-A-Pothe.mp3","https://pub-d7aa2a1ce06c45019530da0ea90f67d8.r2.dev/group/Saimum/Onup/Shotter-A-Pothe.mp3"
"group/Saimum/Onup/Sotter-Sangrame.mp3","https://pub-d7aa2a1ce06c45019530da0ea90f67d8.r2.dev/group/Saimum/Onup/Sotter-Sangrame.mp3"
"group/Saimum/Onup/ami tomar moton.mp3","https://pub-d7aa2a1ce06c45019530da0ea90f67d8.r2.dev/group/Saimum/Onup/ami%20tomar%20moton.mp3"
"group/Saimum/Onup/eso allahar pothe.mp3","https://pub-d7aa2a1ce06c45019530da0ea90f67d8.r2.dev/group/Saimum/Onup/eso%20allahar%20pothe.mp3"
"group/Saimum/Onup/salam salam hazar.mp3","https://pub-d7aa2a1ce06c45019530da0ea90f67d8.r2.dev/group/Saimum/Onup/salam%20salam%20hazar.mp3"
"group/Saimum/Onup/sokol bethar boja.mp3","https://pub-d7aa2a1ce06c45019530da0ea90f67d8.r2.dev/group/Saimum/Onup/sokol%20bethar%20boja.mp3"
"group/Saimum/Onup/tora chasne kichu.mp3","https://pub-d7aa2a1ce06c45019530da0ea90f67d8.r2.dev/group/Saimum/Onup/tora%20chasne%20kichu.mp3"
"group/Saimum/Onupranon HQ/01-Ami Tomar Moton Apon Kore .mp3","https://pub-d7aa2a1ce06c45019530da0ea90f67d8.r2.dev/group/Saimum/Onupranon%20HQ/01-Ami%20Tomar%20Moton%20Apon%20Kore%20.mp3"
"group/Saimum/Onupranon HQ/02-Amra Ekta Notun Shomaj .mp3","https://pub-d7aa2a1ce06c45019530da0ea90f67d8.r2.dev/group/Saimum/Onupranon%20HQ/02-Amra%20Ekta%20Notun%20Shomaj%20.mp3"
"group/Saimum/Onupranon HQ/03-Esho Allahr Pothe Esho Rasuler Pothe .mp3","https://pub-d7aa2a1ce06c45019530da0ea90f67d8.r2.dev/group/Saimum/Onupranon%20HQ/03-Esho%20Allahr%20Pothe%20Esho%20Rasuler%20Pothe%20.mp3"
"group/Saimum/Onupranon HQ/04-Golamir Biruddhe .mp3","https://pub-d7aa2a1ce06c45019530da0ea90f67d8.r2.dev/group/Saimum/Onupranon%20HQ/04-Golamir%20Biruddhe%20.mp3"
"group/Saimum/Onupranon HQ/05-He Gumonto Manush Jago.mp3","https://pub-d7aa2a1ce06c45019530da0ea90f67d8.r2.dev/group/Saimum/Onupranon%20HQ/05-He%20Gumonto%20Manush%20Jago.mp3"
"group/Saimum/Onupranon HQ/06-He Rasul Bujhina Ami .mp3","https://pub-d7aa2a1ce06c45019530da0ea90f67d8.r2.dev/group/Saimum/Onupranon%20HQ/06-He%20Rasul%20Bujhina%20Ami%20.mp3"
"group/Saimum/Onupranon HQ/07-Mago Tomay Dilam Kothay .mp3","https://pub-d7aa2a1ce06c45019530da0ea90f67d8.r2.dev/group/Saimum/Onupranon%20HQ/07-Mago%20Tomay%20Dilam%20Kothay%20.mp3"
"group/Saimum/Onupranon HQ/08-Muslim Aj Utho Jago .mp3","https://pub-d7aa2a1ce06c45019530da0ea90f67d8.r2.dev/group/Saimum/Onupranon%20HQ/08-Muslim%20Aj%20Utho%20Jago%20.mp3"
"group/Saimum/Onupranon HQ/09-Salam Birjoyan Shohid Noujoyan .mp3","https://pub-d7aa2a1ce06c45019530da0ea90f67d8.r2.dev/group/Saimum/Onupranon%20HQ/09-Salam%20Birjoyan%20Shohid%20Noujoyan%20.mp3"
"group/Saimum/Onupranon HQ/10-Salam Salam Hajar Salam He Priyo .mp3","https://pub-d7aa2a1ce06c45019530da0ea90f67d8.r2.dev/group/Saimum/Onupranon%20HQ/10-Salam%20Salam%20Hajar%20Salam%20He%20Priyo%20.mp3"
"group/Saimum/Onupranon HQ/11-Shah jalaler Shah Makhdumer.mp3","https://pub-d7aa2a1ce06c45019530da0ea90f67d8.r2.dev/group/Saimum/Onupranon%20HQ/11-Shah%20jalaler%20Shah%20Makhdumer.mp3"
"group/Saimum/Onupranon HQ/12-Shokol Bethar Boja Boite Pare.mp3","https://pub-d7aa2a1ce06c45019530da0ea90f67d8.r2.dev/group/Saimum/Onupranon%20HQ/12-Shokol%20Bethar%20Boja%20Boite%20Pare.mp3"
"group/Saimum/Onupranon HQ/13-sotye- e-pothe.mp3","https://pub-d7aa2a1ce06c45019530da0ea90f67d8.r2.dev/group/Saimum/Onupranon%20HQ/13-sotye-%20e-pothe.mp3"
"group/Saimum/Onupranon HQ/14-Sotyer songrame Fota Full .mp3","https://pub-d7aa2a1ce06c45019530da0ea90f67d8.r2.dev/group/Saimum/Onupranon%20HQ/14-Sotyer%20songrame%20Fota%20Full%20.mp3"
"group/Saimum/Onupranon HQ/15-Tora Chashne Kichu.mp3","https://pub-d7aa2a1ce06c45019530da0ea90f67d8.r2.dev/group/Saimum/Onupranon%20HQ/15-Tora%20Chashne%20Kichu.mp3"
"group/Saimum/Ramadan chp/ahlan sahlan.mp3","https://pub-d7aa2a1ce06c45019530da0ea90f67d8.r2.dev/group/Saimum/Ramadan%20chp/ahlan%20sahlan.mp3"
"group/Saimum/Ramadan chp/akashe megher.mp3","https://pub-d7aa2a1ce06c45019530da0ea90f67d8.r2.dev/group/Saimum/Ramadan%20chp/akashe%20megher.mp3"
"group/Saimum/Ramadan chp/ekti bochor pore.mp3","https://pub-d7aa2a1ce06c45019530da0ea90f67d8.r2.dev/group/Saimum/Ramadan%20chp/ekti%20bochor%20pore.mp3"
"group/Saimum/Ramadan chp/khodar banda.mp3","https://pub-d7aa2a1ce06c45019530da0ea90f67d8.r2.dev/group/Saimum/Ramadan%20chp/khodar%20banda.mp3"
"group/Saimum/Ramadan chp/ore mumin.mp3","https://pub-d7aa2a1ce06c45019530da0ea90f67d8.r2.dev/group/Saimum/Ramadan%20chp/ore%20mumin.mp3"
"group/Saimum/Ramadan chp/quraner mas elo.mp3","https://pub-d7aa2a1ce06c45019530da0ea90f67d8.r2.dev/group/Saimum/Ramadan%20chp/quraner%20mas%20elo.mp3"
"group/Saimum/Ramadan chp/rahmat barkat magf.mp3","https://pub-d7aa2a1ce06c45019530da0ea90f67d8.r2.dev/group/Saimum/Ramadan%20chp/rahmat%20barkat%20magf.mp3"
"group/Saimum/Ramadan chp/rahmat barkat.mp3","https://pub-d7aa2a1ce06c45019530da0ea90f67d8.r2.dev/group/Saimum/Ramadan%20chp/rahmat%20barkat.mp3"
"group/Saimum/Ramadan chp/ramateroi jhorna.mp3","https://pub-d7aa2a1ce06c45019530da0ea90f67d8.r2.dev/group/Saimum/Ramadan%20chp/ramateroi%20jhorna.mp3"
"group/Saimum/Ramadan chp/sehri khaoar.mp3","https://pub-d7aa2a1ce06c45019530da0ea90f67d8.r2.dev/group/Saimum/Ramadan%20chp/sehri%20khaoar.mp3"
"group/Saimum/Ramadan-saimum-3/10 sehrir samoy holo.mp3","https://pub-d7aa2a1ce06c45019530da0ea90f67d8.r2.dev/group/Saimum/Ramadan-saimum-3/10%20sehrir%20samoy%20holo.mp3"
"group/Saimum/Ramadan-saimum-3/11 ghum theke kew.mp3","https://pub-d7aa2a1ce06c45019530da0ea90f67d8.r2.dev/group/Saimum/Ramadan-saimum-3/11%20ghum%20theke%20kew.mp3"
"group/Saimum/Ramadan-saimum-3/12 sara diner rozar.mp3","https://pub-d7aa2a1ce06c45019530da0ea90f67d8.r2.dev/group/Saimum/Ramadan-saimum-3/12%20sara%20diner%20rozar.mp3"
"group/Saimum/Ramadan-saimum-3/13 hajar maser.mp3","https://pub-d7aa2a1ce06c45019530da0ea90f67d8.r2.dev/group/Saimum/Ramadan-saimum-3/13%20hajar%20maser.mp3"
"group/Saimum/Ramadan-saimum-3/1akashe megher.mp3","https://pub-d7aa2a1ce06c45019530da0ea90f67d8.r2.dev/group/Saimum/Ramadan-saimum-3/1akashe%20megher.mp3"
"group/Saimum/Ramadan-saimum-3/2 abar alo ramajan.mp3","https://pub-d7aa2a1ce06c45019530da0ea90f67d8.r2.dev/group/Saimum/Ramadan-saimum-3/2%20abar%20alo%20ramajan.mp3"
"group/Saimum/Ramadan-saimum-3/3 Mahe ramzan elo.mp3","https://pub-d7aa2a1ce06c45019530da0ea90f67d8.r2.dev/group/Saimum/Ramadan-saimum-3/3%20Mahe%20ramzan%20elo.mp3"
"group/Saimum/Ramadan-saimum-3/4-ramzaner oi.mp3","https://pub-d7aa2a1ce06c45019530da0ea90f67d8.r2.dev/group/Saimum/Ramadan-saimum-3/4-ramzaner%20oi.mp3"
"group/Saimum/Ramadan-saimum-3/5 ramzaner oi pobi.mp3","https://pub-d7aa2a1ce06c45019530da0ea90f67d8.r2.dev/group/Saimum/Ramadan-saimum-3/5%20ramzaner%20oi%20pobi.mp3"
"group/Saimum/Ramadan-saimum-3/6 aje mahe ramzan.mp3","https://pub-d7aa2a1ce06c45019530da0ea90f67d8.r2.dev/group/Saimum/Ramadan-saimum-3/6%20aje%20mahe%20ramzan.mp3"
"group/Saimum/Ramadan-saimum-3/7.rahmat barkat.mp3","https://pub-d7aa2a1ce06c45019530da0ea90f67d8.r2.dev/group/Saimum/Ramadan-saimum-3/7.rahmat%20barkat.mp3"
"group/Saimum/Ramadan-saimum-3/8. din zakat din.mp3","https://pub-d7aa2a1ce06c45019530da0ea90f67d8.r2.dev/group/Saimum/Ramadan-saimum-3/8.%20din%20zakat%20din.mp3"
"group/Saimum/Ramadan-saimum-3/9. ramzaner-oi roja.mp3","https://pub-d7aa2a1ce06c45019530da0ea90f67d8.r2.dev/group/Saimum/Ramadan-saimum-3/9.%20ramzaner-oi%20roja.mp3"
"group/Saimum/Robiul Awaler gan.mp3","https://pub-d7aa2a1ce06c45019530da0ea90f67d8.r2.dev/group/Saimum/Robiul%20Awaler%20gan.mp3"
"group/Saimum/Selected/allahr pothe jara.mp3","https://pub-d7aa2a1ce06c45019530da0ea90f67d8.r2.dev/group/Saimum/Selected/allahr%20pothe%20jara.mp3"
"group/Saimum/Selected/amader ei.mp3","https://pub-d7aa2a1ce06c45019530da0ea90f67d8.r2.dev/group/Saimum/Selected/amader%20ei.mp3"
"group/Saimum/Selected/amader kothagulo.mp3","https://pub-d7aa2a1ce06c45019530da0ea90f67d8.r2.dev/group/Saimum/Selected/amader%20kothagulo.mp3"
"group/Saimum/Selected/amader potaka.mp3","https://pub-d7aa2a1ce06c45019530da0ea90f67d8.r2.dev/group/Saimum/Selected/amader%20potaka.mp3"
"group/Saimum/Selected/amader rokto.mp3","https://pub-d7aa2a1ce06c45019530da0ea90f67d8.r2.dev/group/Saimum/Selected/amader%20rokto.mp3"
"group/Saimum/Selected/bari theke.mp3","https://pub-d7aa2a1ce06c45019530da0ea90f67d8.r2.dev/group/Saimum/Selected/bari%20theke.mp3"
"group/Saimum/Selected/chatroshibir.mp3","https://pub-d7aa2a1ce06c45019530da0ea90f67d8.r2.dev/group/Saimum/Selected/chatroshibir.mp3"
"group/Saimum/Selected/cholo cholo.mp3","https://pub-d7aa2a1ce06c45019530da0ea90f67d8.r2.dev/group/Saimum/Selected/cholo%20cholo.mp3"
"group/Saimum/Selected/ei shibir e.mp3","https://pub-d7aa2a1ce06c45019530da0ea90f67d8.r2.dev/group/Saimum/Selected/ei%20shibir%20e.mp3"
"group/Saimum/Selected/ekjon mujhahid.mp3","https://pub-d7aa2a1ce06c45019530da0ea90f67d8.r2.dev/group/Saimum/Selected/ekjon%20mujhahid.mp3"
"group/Saimum/Selected/padma meghna.mp3","https://pub-d7aa2a1ce06c45019530da0ea90f67d8.r2.dev/group/Saimum/Selected/padma%20meghna.mp3"
"group/Saimum/Selected/rokto diye.mp3","https://pub-d7aa2a1ce06c45019530da0ea90f67d8.r2.dev/group/Saimum/Selected/rokto%20diye.mp3"
"group/Saimum/Selected/shibir shibir.mp3","https://pub-d7aa2a1ce06c45019530da0ea90f67d8.r2.dev/group/Saimum/Selected/shibir%20shibir.mp3"
"group/Saimum/Selected/shono vy.mp3","https://pub-d7aa2a1ce06c45019530da0ea90f67d8.r2.dev/group/Saimum/Selected/shono%20vy.mp3"
"group/Saimum/Selected/songothonke.mp3","https://pub-d7aa2a1ce06c45019530da0ea90f67d8.r2.dev/group/Saimum/Selected/songothonke.mp3"
"group/Saimum/Sijday Nuye Pori/1 Sijday Nuye Pori [High quality].mp3","https://pub-d7aa2a1ce06c45019530da0ea90f67d8.r2.dev/group/Saimum/Sijday%20Nuye%20Pori/1%20Sijday%20Nuye%20Pori%20[High%20quality].mp3"
"group/Saimum/Sijday Nuye Pori/10 Arosher Chaya by Saimum.mp3","https://pub-d7aa2a1ce06c45019530da0ea90f67d8.r2.dev/group/Saimum/Sijday%20Nuye%20Pori/10%20Arosher%20Chaya%20by%20Saimum.mp3"
"group/Saimum/Sijday Nuye Pori/11 Elo Mon Aj [High quality].mp3","https://pub-d7aa2a1ce06c45019530da0ea90f67d8.r2.dev/group/Saimum/Sijday%20Nuye%20Pori/11%20Elo%20Mon%20Aj%20[High%20quality].mp3"
"group/Saimum/Sijday Nuye Pori/2 Ami meghhin bristiaa [High quality].mp3","https://pub-d7aa2a1ce06c45019530da0ea90f67d8.r2.dev/group/Saimum/Sijday%20Nuye%20Pori/2%20Ami%20meghhin%20bristiaa%20[High%20quality].mp3"
"group/Saimum/Sijday Nuye Pori/3 Amar Nabi Sarwar1 [High quality].mp3","https://pub-d7aa2a1ce06c45019530da0ea90f67d8.r2.dev/group/Saimum/Sijday%20Nuye%20Pori/3%20Amar%20Nabi%20Sarwar1%20[High%20quality].mp3"
"group/Saimum/Sijday Nuye Pori/4 Bristir Moto Jhore1 [High quality].mp3","https://pub-d7aa2a1ce06c45019530da0ea90f67d8.r2.dev/group/Saimum/Sijday%20Nuye%20Pori/4%20Bristir%20Moto%20Jhore1%20[High%20quality].mp3"
"group/Saimum/Sijday Nuye Pori/5 Sijday Nuye Pori [High quality].mp3","https://pub-d7aa2a1ce06c45019530da0ea90f67d8.r2.dev/group/Saimum/Sijday%20Nuye%20Pori/5%20Sijday%20Nuye%20Pori%20[High%20quality].mp3"
"group/Saimum/Sijday Nuye Pori/6 Shudhu Tomar Nam.mp3","https://pub-d7aa2a1ce06c45019530da0ea90f67d8.r2.dev/group/Saimum/Sijday%20Nuye%20Pori/6%20Shudhu%20Tomar%20Nam.mp3"
"group/Saimum/Sijday Nuye Pori/7 Sobujer Choate [High quality].mp3","https://pub-d7aa2a1ce06c45019530da0ea90f67d8.r2.dev/group/Saimum/Sijday%20Nuye%20Pori/7%20Sobujer%20Choate%20[High%20quality].mp3"
"group/Saimum/Sijday Nuye Pori/8 Shohid [High quality].mp3","https://pub-d7aa2a1ce06c45019530da0ea90f67d8.r2.dev/group/Saimum/Sijday%20Nuye%20Pori/8%20Shohid%20[High%20quality].mp3"
"group/Saimum/Sijday Nuye Pori/9 Tomar Mohan NAme Khuji.mp3","https://pub-d7aa2a1ce06c45019530da0ea90f67d8.r2.dev/group/Saimum/Sijday%20Nuye%20Pori/9%20Tomar%20Mohan%20NAme%20Khuji.mp3"
"group/Saimum/Swopner Khela Ghor/1-Allahu-akbar-.mp3","https://pub-d7aa2a1ce06c45019530da0ea90f67d8.r2.dev/group/Saimum/Swopner%20Khela%20Ghor/1-Allahu-akbar-.mp3"
"group/Saimum/Swopner Khela Ghor/10-asmani-quran.mp3","https://pub-d7aa2a1ce06c45019530da0ea90f67d8.r2.dev/group/Saimum/Swopner%20Khela%20Ghor/10-asmani-quran.mp3"
"group/Saimum/Swopner Khela Ghor/11-o-majhi-bhai-.mp3","https://pub-d7aa2a1ce06c45019530da0ea90f67d8.r2.dev/group/Saimum/Swopner%20Khela%20Ghor/11-o-majhi-bhai-.mp3"
"group/Saimum/Swopner Khela Ghor/12-se-kon-bondhu-.mp3","https://pub-d7aa2a1ce06c45019530da0ea90f67d8.r2.dev/group/Saimum/Swopner%20Khela%20Ghor/12-se-kon-bondhu-.mp3"
"group/Saimum/Swopner Khela Ghor/13-ekdin-ami-hariye.mp3","https://pub-d7aa2a1ce06c45019530da0ea90f67d8.r2.dev/group/Saimum/Swopner%20Khela%20Ghor/13-ekdin-ami-hariye.mp3"
"group/Saimum/Swopner Khela Ghor/2-ke-zao-kabar-pothe-.mp3","https://pub-d7aa2a1ce06c45019530da0ea90f67d8.r2.dev/group/Saimum/Swopner%20Khela%20Ghor/2-ke-zao-kabar-pothe-.mp3"
"group/Saimum/Swopner Khela Ghor/3-islamo-noy-dhormer-.mp3","https://pub-d7aa2a1ce06c45019530da0ea90f67d8.r2.dev/group/Saimum/Swopner%20Khela%20Ghor/3-islamo-noy-dhormer-.mp3"
"group/Saimum/Swopner Khela Ghor/4-agune-pora.mp3","https://pub-d7aa2a1ce06c45019530da0ea90f67d8.r2.dev/group/Saimum/Swopner%20Khela%20Ghor/4-agune-pora.mp3"
"group/Saimum/Swopner Khela Ghor/5-majhe-majhe-monta.mp3","https://pub-d7aa2a1ce06c45019530da0ea90f67d8.r2.dev/group/Saimum/Swopner%20Khela%20Ghor/5-majhe-majhe-monta.mp3"
"group/Saimum/Swopner Khela Ghor/7-swadhinota.mp3","https://pub-d7aa2a1ce06c45019530da0ea90f67d8.r2.dev/group/Saimum/Swopner%20Khela%20Ghor/7-swadhinota.mp3"
"group/Saimum/Swopner Khela Ghor/8-jibon-namer.mp3","https://pub-d7aa2a1ce06c45019530da0ea90f67d8.r2.dev/group/Saimum/Swopner%20Khela%20Ghor/8-jibon-namer.mp3"
"group/Saimum/Swopner Khela Ghor/9-amar-din-ki.mp3","https://pub-d7aa2a1ce06c45019530da0ea90f67d8.r2.dev/group/Saimum/Swopner%20Khela%20Ghor/9-amar-din-ki.mp3"
"group/Saimum/Tomakei Mone hoi/01 Jharnar Pashe.mp3","https://pub-d7aa2a1ce06c45019530da0ea90f67d8.r2.dev/group/Saimum/Tomakei%20Mone%20hoi/01%20Jharnar%20Pashe.mp3"
"group/Saimum/Tomakei Mone hoi/02 Nil Akashe.mp3","https://pub-d7aa2a1ce06c45019530da0ea90f67d8.r2.dev/group/Saimum/Tomakei%20Mone%20hoi/02%20Nil%20Akashe.mp3"
"group/Saimum/Tomakei Mone hoi/03 Hajar Nody Math.mp3","https://pub-d7aa2a1ce06c45019530da0ea90f67d8.r2.dev/group/Saimum/Tomakei%20Mone%20hoi/03%20Hajar%20Nody%20Math.mp3"
"group/Saimum/Tomakei Mone hoi/04 Lokkho Tarar.mp3","https://pub-d7aa2a1ce06c45019530da0ea90f67d8.r2.dev/group/Saimum/Tomakei%20Mone%20hoi/04%20Lokkho%20Tarar.mp3"
"group/Saimum/Tomakei Mone hoi/05 Al-Quraner Path.mp3","https://pub-d7aa2a1ce06c45019530da0ea90f67d8.r2.dev/group/Saimum/Tomakei%20Mone%20hoi/05%20Al-Quraner%20Path.mp3"
"group/Saimum/Tomakei Mone hoi/06 Namer Borai.mp3","https://pub-d7aa2a1ce06c45019530da0ea90f67d8.r2.dev/group/Saimum/Tomakei%20Mone%20hoi/06%20Namer%20Borai.mp3"
"group/Saimum/Tomakei Mone hoi/07 We The Muslim.mp3","https://pub-d7aa2a1ce06c45019530da0ea90f67d8.r2.dev/group/Saimum/Tomakei%20Mone%20hoi/07%20We%20The%20Muslim.mp3"
"group/Saimum/Tomakei Mone hoi/08 Amar Rober.mp3","https://pub-d7aa2a1ce06c45019530da0ea90f67d8.r2.dev/group/Saimum/Tomakei%20Mone%20hoi/08%20Amar%20Rober.mp3"
"group/Saimum/Tomakei Mone hoi/09Golpo boli.mp3","https://pub-d7aa2a1ce06c45019530da0ea90f67d8.r2.dev/group/Saimum/Tomakei%20Mone%20hoi/09Golpo%20boli.mp3"
"group/Saimum/Tomakei Mone hoi/10Fire fire asi ei.mp3","https://pub-d7aa2a1ce06c45019530da0ea90f67d8.r2.dev/group/Saimum/Tomakei%20Mone%20hoi/10Fire%20fire%20asi%20ei.mp3"
"group/Saimum/Tomakei Mone hoi/12 Dukhider Priyo.mp3","https://pub-d7aa2a1ce06c45019530da0ea90f67d8.r2.dev/group/Saimum/Tomakei%20Mone%20hoi/12%20Dukhider%20Priyo.mp3"
"group/Saimum/Tomakei Mone hoi/13Hajar desher.mp3","https://pub-d7aa2a1ce06c45019530da0ea90f67d8.r2.dev/group/Saimum/Tomakei%20Mone%20hoi/13Hajar%20desher.mp3"
"group/Saimum/Tomakei Mone hoi/14 Tawaqqul Ya.mp3","https://pub-d7aa2a1ce06c45019530da0ea90f67d8.r2.dev/group/Saimum/Tomakei%20Mone%20hoi/14%20Tawaqqul%20Ya.mp3"
"group/Saimum/youtube/AlbumArtSmall.jpg","https://pub-d7aa2a1ce06c45019530da0ea90f67d8.r2.dev/group/Saimum/youtube/AlbumArtSmall.jpg"
"group/Saimum/youtube/Folder.jpg","https://pub-d7aa2a1ce06c45019530da0ea90f67d8.r2.dev/group/Saimum/youtube/Folder.jpg"
"group/Saimum/youtube/baganer_fulgulo.mp3","https://pub-d7aa2a1ce06c45019530da0ea90f67d8.r2.dev/group/Saimum/youtube/baganer_fulgulo.mp3"
"group/Saimum/youtube/ekti_pakhi_boslo.mp3","https://pub-d7aa2a1ce06c45019530da0ea90f67d8.r2.dev/group/Saimum/youtube/ekti_pakhi_boslo.mp3"
"group/Sondipon/2.Apon thikana/01 ei prithibi.mp3","https://pub-d7aa2a1ce06c45019530da0ea90f67d8.r2.dev/group/Sondipon/2.Apon%20thikana/01%20ei%20prithibi.mp3"
"group/Sondipon/2.Apon thikana/02 tomar apon.mp3","https://pub-d7aa2a1ce06c45019530da0ea90f67d8.r2.dev/group/Sondipon/2.Apon%20thikana/02%20tomar%20apon.mp3"
"group/Sondipon/2.Apon thikana/03 jodi agamir.mp3","https://pub-d7aa2a1ce06c45019530da0ea90f67d8.r2.dev/group/Sondipon/2.Apon%20thikana/03%20jodi%20agamir.mp3"
"group/Sondipon/2.Apon thikana/04 Ea rasul allah.mp3","https://pub-d7aa2a1ce06c45019530da0ea90f67d8.r2.dev/group/Sondipon/2.Apon%20thikana/04%20Ea%20rasul%20allah.mp3"
"group/Sondipon/2.Apon thikana/05 Gaan amar.mp3","https://pub-d7aa2a1ce06c45019530da0ea90f67d8.r2.dev/group/Sondipon/2.Apon%20thikana/05%20Gaan%20amar.mp3"
"group/Sondipon/2.Apon thikana/06 Tume ele he.mp3","https://pub-d7aa2a1ce06c45019530da0ea90f67d8.r2.dev/group/Sondipon/2.Apon%20thikana/06%20Tume%20ele%20he.mp3"
"group/Sondipon/2.Apon thikana/07 Tomake chara.mp3","https://pub-d7aa2a1ce06c45019530da0ea90f67d8.r2.dev/group/Sondipon/2.Apon%20thikana/07%20Tomake%20chara.mp3"
"group/Sondipon/2.Apon thikana/08 Kutiba alaykum.mp3","https://pub-d7aa2a1ce06c45019530da0ea90f67d8.r2.dev/group/Sondipon/2.Apon%20thikana/08%20Kutiba%20alaykum.mp3"
"group/Sondipon/2.Apon thikana/09 Aj keno bare.mp3","https://pub-d7aa2a1ce06c45019530da0ea90f67d8.r2.dev/group/Sondipon/2.Apon%20thikana/09%20Aj%20keno%20bare.mp3"
"group/Sondipon/2.Apon thikana/10 Ogo nobe kul.mp3","https://pub-d7aa2a1ce06c45019530da0ea90f67d8.r2.dev/group/Sondipon/2.Apon%20thikana/10%20Ogo%20nobe%20kul.mp3"
"group/Sondipon/2.Apon thikana/11 Ami swapne.mp3","https://pub-d7aa2a1ce06c45019530da0ea90f67d8.r2.dev/group/Sondipon/2.Apon%20thikana/11%20Ami%20swapne.mp3"
"group/Sondipon/2.Apon thikana/12 Haeat ase kar.mp3","https://pub-d7aa2a1ce06c45019530da0ea90f67d8.r2.dev/group/Sondipon/2.Apon%20thikana/12%20Haeat%20ase%20kar.mp3"
"group/Sondipon/2.Apon thikana/13 Ki oporup ruper.mp3","https://pub-d7aa2a1ce06c45019530da0ea90f67d8.r2.dev/group/Sondipon/2.Apon%20thikana/13%20Ki%20oporup%20ruper.mp3"
"group/Sondipon/2.Apon thikana/14 Aj boro osohai.mp3","https://pub-d7aa2a1ce06c45019530da0ea90f67d8.r2.dev/group/Sondipon/2.Apon%20thikana/14%20Aj%20boro%20osohai.mp3"
"group/Sondipon/Rodela Dupur/01 Shundor aovane.mp3","https://pub-d7aa2a1ce06c45019530da0ea90f67d8.r2.dev/group/Sondipon/Rodela%20Dupur/01%20Shundor%20aovane.mp3"
"group/Sondipon/Rodela Dupur/02 Tomar nurer.mp3","https://pub-d7aa2a1ce06c45019530da0ea90f67d8.r2.dev/group/Sondipon/Rodela%20Dupur/02%20Tomar%20nurer.mp3"
"group/Sondipon/Rodela Dupur/03Prithibir hajaro.mp3","https://pub-d7aa2a1ce06c45019530da0ea90f67d8.r2.dev/group/Sondipon/Rodela%20Dupur/03Prithibir%20hajaro.mp3"
"group/Sondipon/Rodela Dupur/04 O desher.mp3","https://pub-d7aa2a1ce06c45019530da0ea90f67d8.r2.dev/group/Sondipon/Rodela%20Dupur/04%20O%20desher.mp3"
"group/Sondipon/Rodela Dupur/05 Shohider poth.mp3","https://pub-d7aa2a1ce06c45019530da0ea90f67d8.r2.dev/group/Sondipon/Rodela%20Dupur/05%20Shohider%20poth.mp3"
"group/Sondipon/Rodela Dupur/06Ek jhak paira.mp3","https://pub-d7aa2a1ce06c45019530da0ea90f67d8.r2.dev/group/Sondipon/Rodela%20Dupur/06Ek%20jhak%20paira.mp3"
"group/Sondipon/Rodela Dupur/07Rodela dupur.mp3","https://pub-d7aa2a1ce06c45019530da0ea90f67d8.r2.dev/group/Sondipon/Rodela%20Dupur/07Rodela%20dupur.mp3"
"group/Sondipon/Rodela Dupur/08 Mohan provur.mp3","https://pub-d7aa2a1ce06c45019530da0ea90f67d8.r2.dev/group/Sondipon/Rodela%20Dupur/08%20Mohan%20provur.mp3"
"group/Sondipon/Rodela Dupur/09 Pashan pashan.mp3","https://pub-d7aa2a1ce06c45019530da0ea90f67d8.r2.dev/group/Sondipon/Rodela%20Dupur/09%20Pashan%20pashan.mp3"
"group/Sondipon/Rodela Dupur/10 Amar gaaner.mp3","https://pub-d7aa2a1ce06c45019530da0ea90f67d8.r2.dev/group/Sondipon/Rodela%20Dupur/10%20Amar%20gaaner.mp3"
"group/Sondipon/Rodela Dupur/11 Revolution.mp3","https://pub-d7aa2a1ce06c45019530da0ea90f67d8.r2.dev/group/Sondipon/Rodela%20Dupur/11%20Revolution.mp3"
"group/Sondipon/Rodela Dupur/12 Tumi kathal.mp3","https://pub-d7aa2a1ce06c45019530da0ea90f67d8.r2.dev/group/Sondipon/Rodela%20Dupur/12%20Tumi%20kathal.mp3"
"group/Sondipon/Rodela Dupur/13 Tomar ummat.mp3","https://pub-d7aa2a1ce06c45019530da0ea90f67d8.r2.dev/group/Sondipon/Rodela%20Dupur/13%20Tomar%20ummat.mp3"
"group/Sondipon/notun alor ban/Amra vorel aloy.mp3","https://pub-d7aa2a1ce06c45019530da0ea90f67d8.r2.dev/group/Sondipon/notun%20alor%20ban/Amra%20vorel%20aloy.mp3"
"group/Sondipon/notun alor ban/Ful sundor tay.mp3","https://pub-d7aa2a1ce06c45019530da0ea90f67d8.r2.dev/group/Sondipon/notun%20alor%20ban/Ful%20sundor%20tay.mp3"
"group/Sondipon/notun alor ban/bijoy hobe asbe.mp3","https://pub-d7aa2a1ce06c45019530da0ea90f67d8.r2.dev/group/Sondipon/notun%20alor%20ban/bijoy%20hobe%20asbe.mp3"
"group/Sondipon/notun alor ban/bijoy hobe.mp3","https://pub-d7aa2a1ce06c45019530da0ea90f67d8.r2.dev/group/Sondipon/notun%20alor%20ban/bijoy%20hobe.mp3"
"group/Sondipon/notun alor ban/miti miti tara.mp3","https://pub-d7aa2a1ce06c45019530da0ea90f67d8.r2.dev/group/Sondipon/notun%20alor%20ban/miti%20miti%20tara.mp3"
"group/Sondipon/notun alor ban/o khoka tui.mp3","https://pub-d7aa2a1ce06c45019530da0ea90f67d8.r2.dev/group/Sondipon/notun%20alor%20ban/o%20khoka%20tui.mp3"
"group/Sondipon/notun alor ban/ovabe ar dukhe.mp3","https://pub-d7aa2a1ce06c45019530da0ea90f67d8.r2.dev/group/Sondipon/notun%20alor%20ban/ovabe%20ar%20dukhe.mp3"
"group/Sondipon/notun alor ban/prithibir hajaro.mp3","https://pub-d7aa2a1ce06c45019530da0ea90f67d8.r2.dev/group/Sondipon/notun%20alor%20ban/prithibir%20hajaro.mp3"
"group/Sondipon/notun alor ban/prithibite ache joto.mp3","https://pub-d7aa2a1ce06c45019530da0ea90f67d8.r2.dev/group/Sondipon/notun%20alor%20ban/prithibite%20ache%20joto.mp3"
"group/Sondipon/notun alor ban/rodela dupure.mp3","https://pub-d7aa2a1ce06c45019530da0ea90f67d8.r2.dev/group/Sondipon/notun%20alor%20ban/rodela%20dupure.mp3"
"group/Sondipon/notun alor ban/tumi thako mor.mp3","https://pub-d7aa2a1ce06c45019530da0ea90f67d8.r2.dev/group/Sondipon/notun%20alor%20ban/tumi%20thako%20mor.mp3"
"group/Sosas/Sobuj Digonter gan/Sobuj Digonter gan/01-ki-oporup-rupe-tumi.mp3","https://pub-d7aa2a1ce06c45019530da0ea90f67d8.r2.dev/group/Sosas/Sobuj%20Digonter%20gan/Sobuj%20Digonter%20gan/01-ki-oporup-rupe-tumi.mp3"
"group/Sosas/Sobuj Digonter gan/Sobuj Digonter gan/02-amai-emon-ek-gae.mp3","https://pub-d7aa2a1ce06c45019530da0ea90f67d8.r2.dev/group/Sosas/Sobuj%20Digonter%20gan/Sobuj%20Digonter%20gan/02-amai-emon-ek-gae.mp3"
"group/Sosas/Sobuj Digonter gan/Sobuj Digonter gan/03-chokher-osru-jhorale-ki.mp3","https://pub-d7aa2a1ce06c45019530da0ea90f67d8.r2.dev/group/Sosas/Sobuj%20Digonter%20gan/Sobuj%20Digonter%20gan/03-chokher-osru-jhorale-ki.mp3"
"group/Sosas/Sobuj Digonter gan/Sobuj Digonter gan/04-ei-duti-chokh-tumi.mp3","https://pub-d7aa2a1ce06c45019530da0ea90f67d8.r2.dev/group/Sosas/Sobuj%20Digonter%20gan/Sobuj%20Digonter%20gan/04-ei-duti-chokh-tumi.mp3"
"group/Sosas/Sobuj Digonter gan/Sobuj Digonter gan/05-zodi-prithibil-sob-jol.mp3","https://pub-d7aa2a1ce06c45019530da0ea90f67d8.r2.dev/group/Sosas/Sobuj%20Digonter%20gan/Sobuj%20Digonter%20gan/05-zodi-prithibil-sob-jol.mp3"
"group/Sosas/Sobuj Digonter gan/Sobuj Digonter gan/06-kobi-forrukh-ar-deke-deke.mp3","https://pub-d7aa2a1ce06c45019530da0ea90f67d8.r2.dev/group/Sosas/Sobuj%20Digonter%20gan/Sobuj%20Digonter%20gan/06-kobi-forrukh-ar-deke-deke.mp3"
"group/Sosas/Sobuj Digonter gan/Sobuj Digonter gan/07-koto-valo-basi-mago.mp3","https://pub-d7aa2a1ce06c45019530da0ea90f67d8.r2.dev/group/Sosas/Sobuj%20Digonter%20gan/Sobuj%20Digonter%20gan/07-koto-valo-basi-mago.mp3"
"group/Sosas/Sobuj Digonter gan/Sobuj Digonter gan/08-nodire-okul-gore.mp3","https://pub-d7aa2a1ce06c45019530da0ea90f67d8.r2.dev/group/Sosas/Sobuj%20Digonter%20gan/Sobuj%20Digonter%20gan/08-nodire-okul-gore.mp3"
"group/Sosas/Sobuj Digonter gan/Sobuj Digonter gan/09-ogo-sreshto-rasul.mp3","https://pub-d7aa2a1ce06c45019530da0ea90f67d8.r2.dev/group/Sosas/Sobuj%20Digonter%20gan/Sobuj%20Digonter%20gan/09-ogo-sreshto-rasul.mp3"
"group/Sosas/Sobuj Digonter gan/Sobuj Digonter gan/10-oy-akas-bolo.mp3","https://pub-d7aa2a1ce06c45019530da0ea90f67d8.r2.dev/group/Sosas/Sobuj%20Digonter%20gan/Sobuj%20Digonter%20gan/10-oy-akas-bolo.mp3"
"group/Sosas/Sobuj Digonter gan/Sobuj Digonter gan/11-sekorhir-sondhane.mp3","https://pub-d7aa2a1ce06c45019530da0ea90f67d8.r2.dev/group/Sosas/Sobuj%20Digonter%20gan/Sobuj%20Digonter%20gan/11-sekorhir-sondhane.mp3"
"group/Srijon-dhaka/1alohin ek oronyer gan/02 ki kore sajale.mp3","https://pub-d7aa2a1ce06c45019530da0ea90f67d8.r2.dev/group/Srijon-dhaka/1alohin%20ek%20oronyer%20gan/02%20ki%20kore%20sajale.mp3"
"group/Srijon-dhaka/1alohin ek oronyer gan/03 adarar buke alo.mp3","https://pub-d7aa2a1ce06c45019530da0ea90f67d8.r2.dev/group/Srijon-dhaka/1alohin%20ek%20oronyer%20gan/03%20adarar%20buke%20alo.mp3"
"group/Srijon-dhaka/1alohin ek oronyer gan/04 ore amar shonar bangla.mp3","https://pub-d7aa2a1ce06c45019530da0ea90f67d8.r2.dev/group/Srijon-dhaka/1alohin%20ek%20oronyer%20gan/04%20ore%20amar%20shonar%20bangla.mp3"
"group/Srijon-dhaka/1alohin ek oronyer gan/05 alohin ak oronno.mp3","https://pub-d7aa2a1ce06c45019530da0ea90f67d8.r2.dev/group/Srijon-dhaka/1alohin%20ek%20oronyer%20gan/05%20alohin%20ak%20oronno.mp3"
"group/Srijon-dhaka/1alohin ek oronyer gan/07 shohidar sommalon.mp3","https://pub-d7aa2a1ce06c45019530da0ea90f67d8.r2.dev/group/Srijon-dhaka/1alohin%20ek%20oronyer%20gan/07%20shohidar%20sommalon.mp3"
"group/Srijon-dhaka/1alohin ek oronyer gan/08 jibon jokhon.mp3","https://pub-d7aa2a1ce06c45019530da0ea90f67d8.r2.dev/group/Srijon-dhaka/1alohin%20ek%20oronyer%20gan/08%20jibon%20jokhon.mp3"
"group/Srijon-dhaka/1alohin ek oronyer gan/09 bar bar venga.mp3","https://pub-d7aa2a1ce06c45019530da0ea90f67d8.r2.dev/group/Srijon-dhaka/1alohin%20ek%20oronyer%20gan/09%20bar%20bar%20venga.mp3"
"group/Srijon-dhaka/1alohin ek oronyer gan/10 akti prosno.mp3","https://pub-d7aa2a1ce06c45019530da0ea90f67d8.r2.dev/group/Srijon-dhaka/1alohin%20ek%20oronyer%20gan/10%20akti%20prosno.mp3"
"group/Srijon-dhaka/1alohin ek oronyer gan/11 amar moner kotha.mp3","https://pub-d7aa2a1ce06c45019530da0ea90f67d8.r2.dev/group/Srijon-dhaka/1alohin%20ek%20oronyer%20gan/11%20amar%20moner%20kotha.mp3"
"group/Srijon-dhaka/1alohin ek oronyer gan/12 shohidera amader.mp3","https://pub-d7aa2a1ce06c45019530da0ea90f67d8.r2.dev/group/Srijon-dhaka/1alohin%20ek%20oronyer%20gan/12%20shohidera%20amader.mp3"
"group/Srijon-dhaka/1alohin ek oronyer gan/13 ki kore vulbo.mp3","https://pub-d7aa2a1ce06c45019530da0ea90f67d8.r2.dev/group/Srijon-dhaka/1alohin%20ek%20oronyer%20gan/13%20ki%20kore%20vulbo.mp3"
"group/Srijon-dhaka/1alohin ek oronyer gan/14  jorajor jornar.mp3","https://pub-d7aa2a1ce06c45019530da0ea90f67d8.r2.dev/group/Srijon-dhaka/1alohin%20ek%20oronyer%20gan/14%20%20jorajor%20jornar.mp3"
"group/Srijon-dhaka/1alohin ek oronyer gan/15 srejon.mp3","https://pub-d7aa2a1ce06c45019530da0ea90f67d8.r2.dev/group/Srijon-dhaka/1alohin%20ek%20oronyer%20gan/15%20srejon.mp3"
"group/Srijon-dhaka/1alohin ek oronyer gan/artworks-000088731351-2hl6a6-t200x200.jpg","https://pub-d7aa2a1ce06c45019530da0ea90f67d8.r2.dev/group/Srijon-dhaka/1alohin%20ek%20oronyer%20gan/artworks-000088731351-2hl6a6-t200x200.jpg"
"group/Srijon-dhaka/2swopner sampan/01 Track 1 - Copy.amr","https://pub-d7aa2a1ce06c45019530da0ea90f67d8.r2.dev/group/Srijon-dhaka/2swopner%20sampan/01%20Track%201%20-%20Copy.amr"
"group/Srijon-dhaka/2swopner sampan/01 Track 1.amr","https://pub-d7aa2a1ce06c45019530da0ea90f67d8.r2.dev/group/Srijon-dhaka/2swopner%20sampan/01%20Track%201.amr"
"group/Srijon-dhaka/2swopner sampan/01 Track 1.mp3","https://pub-d7aa2a1ce06c45019530da0ea90f67d8.r2.dev/group/Srijon-dhaka/2swopner%20sampan/01%20Track%201.mp3"
"group/Srijon-dhaka/2swopner sampan/10hon hon jibon.amr","https://pub-d7aa2a1ce06c45019530da0ea90f67d8.r2.dev/group/Srijon-dhaka/2swopner%20sampan/10hon%20hon%20jibon.amr"
"group/Srijon-dhaka/2swopner sampan/10hon hon jibon.mp3","https://pub-d7aa2a1ce06c45019530da0ea90f67d8.r2.dev/group/Srijon-dhaka/2swopner%20sampan/10hon%20hon%20jibon.mp3"
"group/Srijon-dhaka/2swopner sampan/11otiter vul.amr","https://pub-d7aa2a1ce06c45019530da0ea90f67d8.r2.dev/group/Srijon-dhaka/2swopner%20sampan/11otiter%20vul.amr"
"group/Srijon-dhaka/2swopner sampan/11otiter vul.mp3","https://pub-d7aa2a1ce06c45019530da0ea90f67d8.r2.dev/group/Srijon-dhaka/2swopner%20sampan/11otiter%20vul.mp3"
"group/Srijon-dhaka/2swopner sampan/12baba amake.amr","https://pub-d7aa2a1ce06c45019530da0ea90f67d8.r2.dev/group/Srijon-dhaka/2swopner%20sampan/12baba%20amake.amr"
"group/Srijon-dhaka/2swopner sampan/12baba amake.mp3","https://pub-d7aa2a1ce06c45019530da0ea90f67d8.r2.dev/group/Srijon-dhaka/2swopner%20sampan/12baba%20amake.mp3"
"group/Srijon-dhaka/2swopner sampan/13et nishtthurota.amr","https://pub-d7aa2a1ce06c45019530da0ea90f67d8.r2.dev/group/Srijon-dhaka/2swopner%20sampan/13et%20nishtthurota.amr"
"group/Srijon-dhaka/2swopner sampan/13et nishtthurota.mp3","https://pub-d7aa2a1ce06c45019530da0ea90f67d8.r2.dev/group/Srijon-dhaka/2swopner%20sampan/13et%20nishtthurota.mp3"
"group/Srijon-dhaka/2swopner sampan/14tumi malik - Copy.amr","https://pub-d7aa2a1ce06c45019530da0ea90f67d8.r2.dev/group/Srijon-dhaka/2swopner%20sampan/14tumi%20malik%20-%20Copy.amr"
"group/Srijon-dhaka/2swopner sampan/14tumi malik.amr","https://pub-d7aa2a1ce06c45019530da0ea90f67d8.r2.dev/group/Srijon-dhaka/2swopner%20sampan/14tumi%20malik.amr"
"group/Srijon-dhaka/2swopner sampan/14tumi malik.mp3","https://pub-d7aa2a1ce06c45019530da0ea90f67d8.r2.dev/group/Srijon-dhaka/2swopner%20sampan/14tumi%20malik.mp3"
"group/Srijon-dhaka/2swopner sampan/16 Track 16.amr","https://pub-d7aa2a1ce06c45019530da0ea90f67d8.r2.dev/group/Srijon-dhaka/2swopner%20sampan/16%20Track%2016.amr"
"group/Srijon-dhaka/2swopner sampan/16 Track 16.mp3","https://pub-d7aa2a1ce06c45019530da0ea90f67d8.r2.dev/group/Srijon-dhaka/2swopner%20sampan/16%20Track%2016.mp3"
"group/Srijon-dhaka/2swopner sampan/1bishwojahaner malik.amr","https://pub-d7aa2a1ce06c45019530da0ea90f67d8.r2.dev/group/Srijon-dhaka/2swopner%20sampan/1bishwojahaner%20malik.amr"
"group/Srijon-dhaka/2swopner sampan/1bishwojahaner malik.mp3","https://pub-d7aa2a1ce06c45019530da0ea90f67d8.r2.dev/group/Srijon-dhaka/2swopner%20sampan/1bishwojahaner%20malik.mp3"
"group/Srijon-dhaka/2swopner sampan/2ya muhammad-pbuh.amr","https://pub-d7aa2a1ce06c45019530da0ea90f67d8.r2.dev/group/Srijon-dhaka/2swopner%20sampan/2ya%20muhammad-pbuh.amr"
"group/Srijon-dhaka/2swopner sampan/2ya muhammad-pbuh.mp3","https://pub-d7aa2a1ce06c45019530da0ea90f67d8.r2.dev/group/Srijon-dhaka/2swopner%20sampan/2ya%20muhammad-pbuh.mp3"
"group/Srijon-dhaka/2swopner sampan/3sundurer lilavumi.amr","https://pub-d7aa2a1ce06c45019530da0ea90f67d8.r2.dev/group/Srijon-dhaka/2swopner%20sampan/3sundurer%20lilavumi.amr"
"group/Srijon-dhaka/2swopner sampan/3sundurer lilavumi.mp3","https://pub-d7aa2a1ce06c45019530da0ea90f67d8.r2.dev/group/Srijon-dhaka/2swopner%20sampan/3sundurer%20lilavumi.mp3"
"group/Srijon-dhaka/2swopner sampan/4givira rate du hat.amr","https://pub-d7aa2a1ce06c45019530da0ea90f67d8.r2.dev/group/Srijon-dhaka/2swopner%20sampan/4givira%20rate%20du%20hat.amr"
"group/Srijon-dhaka/2swopner sampan/4givira rate du hat.mp3","https://pub-d7aa2a1ce06c45019530da0ea90f67d8.r2.dev/group/Srijon-dhaka/2swopner%20sampan/4givira%20rate%20du%20hat.mp3"
"group/Srijon-dhaka/2swopner sampan/5eso aj gai.amr","https://pub-d7aa2a1ce06c45019530da0ea90f67d8.r2.dev/group/Srijon-dhaka/2swopner%20sampan/5eso%20aj%20gai.amr"
"group/Srijon-dhaka/2swopner sampan/5eso aj gai.mp3","https://pub-d7aa2a1ce06c45019530da0ea90f67d8.r2.dev/group/Srijon-dhaka/2swopner%20sampan/5eso%20aj%20gai.mp3"
"group/Srijon-dhaka/2swopner sampan/6roktim surrzota.amr","https://pub-d7aa2a1ce06c45019530da0ea90f67d8.r2.dev/group/Srijon-dhaka/2swopner%20sampan/6roktim%20surrzota.amr"
"group/Srijon-dhaka/2swopner sampan/6roktim surrzota.mp3","https://pub-d7aa2a1ce06c45019530da0ea90f67d8.r2.dev/group/Srijon-dhaka/2swopner%20sampan/6roktim%20surrzota.mp3"
"group/Srijon-dhaka/2swopner sampan/7kot ful jhore.amr","https://pub-d7aa2a1ce06c45019530da0ea90f67d8.r2.dev/group/Srijon-dhaka/2swopner%20sampan/7kot%20ful%20jhore.amr"
"group/Srijon-dhaka/2swopner sampan/7kot ful jhore.mp3","https://pub-d7aa2a1ce06c45019530da0ea90f67d8.r2.dev/group/Srijon-dhaka/2swopner%20sampan/7kot%20ful%20jhore.mp3"
"group/Srijon-dhaka/2swopner sampan/8jalimer bondishalay.amr","https://pub-d7aa2a1ce06c45019530da0ea90f67d8.r2.dev/group/Srijon-dhaka/2swopner%20sampan/8jalimer%20bondishalay.amr"
"group/Srijon-dhaka/2swopner sampan/8jalimer bondishalay.mp3","https://pub-d7aa2a1ce06c45019530da0ea90f67d8.r2.dev/group/Srijon-dhaka/2swopner%20sampan/8jalimer%20bondishalay.mp3"
"group/Srijon-dhaka/2swopner sampan/9porikkha hoy.amr","https://pub-d7aa2a1ce06c45019530da0ea90f67d8.r2.dev/group/Srijon-dhaka/2swopner%20sampan/9porikkha%20hoy.amr"
"group/Srijon-dhaka/2swopner sampan/9porikkha hoy.mp3","https://pub-d7aa2a1ce06c45019530da0ea90f67d8.r2.dev/group/Srijon-dhaka/2swopner%20sampan/9porikkha%20hoy.mp3"
"group/Srijon-dhaka/2swopner sampan/desktop.ini","https://pub-d7aa2a1ce06c45019530da0ea90f67d8.r2.dev/group/Srijon-dhaka/2swopner%20sampan/desktop.ini"
"group/Srijon/Jibon Pakhi Zay Ure/Good Quality/1-ki-sundor-lage.mp3","https://pub-d7aa2a1ce06c45019530da0ea90f67d8.r2.dev/group/Srijon/Jibon%20Pakhi%20Zay%20Ure/Good%20Quality/1-ki-sundor-lage.mp3"
"group/Srijon/Jibon Pakhi Zay Ure/Good Quality/10-chotto-belar.mp3","https://pub-d7aa2a1ce06c45019530da0ea90f67d8.r2.dev/group/Srijon/Jibon%20Pakhi%20Zay%20Ure/Good%20Quality/10-chotto-belar.mp3"
"group/Srijon/Jibon Pakhi Zay Ure/Good Quality/11-ami-lal-shonito.mp3","https://pub-d7aa2a1ce06c45019530da0ea90f67d8.r2.dev/group/Srijon/Jibon%20Pakhi%20Zay%20Ure/Good%20Quality/11-ami-lal-shonito.mp3"
"group/Srijon/Jibon Pakhi Zay Ure/Good Quality/12-pabna-shohor.mp3","https://pub-d7aa2a1ce06c45019530da0ea90f67d8.r2.dev/group/Srijon/Jibon%20Pakhi%20Zay%20Ure/Good%20Quality/12-pabna-shohor.mp3"
"group/Srijon/Jibon Pakhi Zay Ure/Good Quality/13-jano-na-re-bondhu.mp3","https://pub-d7aa2a1ce06c45019530da0ea90f67d8.r2.dev/group/Srijon/Jibon%20Pakhi%20Zay%20Ure/Good%20Quality/13-jano-na-re-bondhu.mp3"
"group/Srijon/Jibon Pakhi Zay Ure/Good Quality/14-rukhe-darabo.mp3","https://pub-d7aa2a1ce06c45019530da0ea90f67d8.r2.dev/group/Srijon/Jibon%20Pakhi%20Zay%20Ure/Good%20Quality/14-rukhe-darabo.mp3"
"group/Srijon/Jibon Pakhi Zay Ure/Good Quality/15-aj-sobar-kache.mp3","https://pub-d7aa2a1ce06c45019530da0ea90f67d8.r2.dev/group/Srijon/Jibon%20Pakhi%20Zay%20Ure/Good%20Quality/15-aj-sobar-kache.mp3"
"group/Srijon/Jibon Pakhi Zay Ure/Good Quality/16-zuddhe-zabo.mp3","https://pub-d7aa2a1ce06c45019530da0ea90f67d8.r2.dev/group/Srijon/Jibon%20Pakhi%20Zay%20Ure/Good%20Quality/16-zuddhe-zabo.mp3"
"group/Srijon/Jibon Pakhi Zay Ure/Good Quality/2-deshta-amar.mp3","https://pub-d7aa2a1ce06c45019530da0ea90f67d8.r2.dev/group/Srijon/Jibon%20Pakhi%20Zay%20Ure/Good%20Quality/2-deshta-amar.mp3"
"group/Srijon/Jibon Pakhi Zay Ure/Good Quality/3 majhi re.mp3","https://pub-d7aa2a1ce06c45019530da0ea90f67d8.r2.dev/group/Srijon/Jibon%20Pakhi%20Zay%20Ure/Good%20Quality/3%20majhi%20re.mp3"
"group/Srijon/Jibon Pakhi Zay Ure/Good Quality/4-choritroban-manush.mp3","https://pub-d7aa2a1ce06c45019530da0ea90f67d8.r2.dev/group/Srijon/Jibon%20Pakhi%20Zay%20Ure/Good%20Quality/4-choritroban-manush.mp3"
"group/Srijon/Jibon Pakhi Zay Ure/Good Quality/5-poran-pakhi.mp3","https://pub-d7aa2a1ce06c45019530da0ea90f67d8.r2.dev/group/Srijon/Jibon%20Pakhi%20Zay%20Ure/Good%20Quality/5-poran-pakhi.mp3"
"group/Srijon/Jibon Pakhi Zay Ure/Good Quality/6-piche-theke.mp3","https://pub-d7aa2a1ce06c45019530da0ea90f67d8.r2.dev/group/Srijon/Jibon%20Pakhi%20Zay%20Ure/Good%20Quality/6-piche-theke.mp3"
"group/Srijon/Jibon Pakhi Zay Ure/Good Quality/7-tar-valobasa.mp3","https://pub-d7aa2a1ce06c45019530da0ea90f67d8.r2.dev/group/Srijon/Jibon%20Pakhi%20Zay%20Ure/Good%20Quality/7-tar-valobasa.mp3"
"group/Srijon/Jibon Pakhi Zay Ure/Good Quality/8-sotyer-senanira.mp3","https://pub-d7aa2a1ce06c45019530da0ea90f67d8.r2.dev/group/Srijon/Jibon%20Pakhi%20Zay%20Ure/Good%20Quality/8-sotyer-senanira.mp3"
"group/Srijon/Jibon Pakhi Zay Ure/Good Quality/9-februarir-21.mp3","https://pub-d7aa2a1ce06c45019530da0ea90f67d8.r2.dev/group/Srijon/Jibon%20Pakhi%20Zay%20Ure/Good%20Quality/9-februarir-21.mp3"
"group/Srijon/Jibon Pakhi Zay Ure/Low quality/3 majhi re","https://pub-d7aa2a1ce06c45019530da0ea90f67d8.r2.dev/group/Srijon/Jibon%20Pakhi%20Zay%20Ure/Low%20quality/3%20majhi%20re"
"group/Srijon/Jibon Pakhi Zay Ure/Low quality/Track01.mp3","https://pub-d7aa2a1ce06c45019530da0ea90f67d8.r2.dev/group/Srijon/Jibon%20Pakhi%20Zay%20Ure/Low%20quality/Track01.mp3"
"group/Srijon/Jibon Pakhi Zay Ure/Low quality/Track02.mp3","https://pub-d7aa2a1ce06c45019530da0ea90f67d8.r2.dev/group/Srijon/Jibon%20Pakhi%20Zay%20Ure/Low%20quality/Track02.mp3"
"group/Srijon/Jibon Pakhi Zay Ure/Low quality/Track04.mp3","https://pub-d7aa2a1ce06c45019530da0ea90f67d8.r2.dev/group/Srijon/Jibon%20Pakhi%20Zay%20Ure/Low%20quality/Track04.mp3"
"group/Srijon/Jibon Pakhi Zay Ure/Low quality/Track05.mp3","https://pub-d7aa2a1ce06c45019530da0ea90f67d8.r2.dev/group/Srijon/Jibon%20Pakhi%20Zay%20Ure/Low%20quality/Track05.mp3"
"group/Srijon/Jibon Pakhi Zay Ure/Low quality/Track06.mp3","https://pub-d7aa2a1ce06c45019530da0ea90f67d8.r2.dev/group/Srijon/Jibon%20Pakhi%20Zay%20Ure/Low%20quality/Track06.mp3"
"group/Srijon/Jibon Pakhi Zay Ure/Low quality/Track07.mp3","https://pub-d7aa2a1ce06c45019530da0ea90f67d8.r2.dev/group/Srijon/Jibon%20Pakhi%20Zay%20Ure/Low%20quality/Track07.mp3"
"group/Srijon/Jibon Pakhi Zay Ure/Low quality/Track08.mp3","https://pub-d7aa2a1ce06c45019530da0ea90f67d8.r2.dev/group/Srijon/Jibon%20Pakhi%20Zay%20Ure/Low%20quality/Track08.mp3"
"group/Srijon/Jibon Pakhi Zay Ure/Low quality/Track09.mp3","https://pub-d7aa2a1ce06c45019530da0ea90f67d8.r2.dev/group/Srijon/Jibon%20Pakhi%20Zay%20Ure/Low%20quality/Track09.mp3"
"group/Srijon/Jibon Pakhi Zay Ure/Low quality/Track10.mp3","https://pub-d7aa2a1ce06c45019530da0ea90f67d8.r2.dev/group/Srijon/Jibon%20Pakhi%20Zay%20Ure/Low%20quality/Track10.mp3"
"group/Srijon/Jibon Pakhi Zay Ure/Low quality/Track11.mp3","https://pub-d7aa2a1ce06c45019530da0ea90f67d8.r2.dev/group/Srijon/Jibon%20Pakhi%20Zay%20Ure/Low%20quality/Track11.mp3"
"group/Srijon/Jibon Pakhi Zay Ure/Low quality/Track12.mp3","https://pub-d7aa2a1ce06c45019530da0ea90f67d8.r2.dev/group/Srijon/Jibon%20Pakhi%20Zay%20Ure/Low%20quality/Track12.mp3"
"group/Srijon/Jibon Pakhi Zay Ure/Low quality/Track13.mp3","https://pub-d7aa2a1ce06c45019530da0ea90f67d8.r2.dev/group/Srijon/Jibon%20Pakhi%20Zay%20Ure/Low%20quality/Track13.mp3"
"group/Srijon/Jibon Pakhi Zay Ure/Low quality/Track14.mp3","https://pub-d7aa2a1ce06c45019530da0ea90f67d8.r2.dev/group/Srijon/Jibon%20Pakhi%20Zay%20Ure/Low%20quality/Track14.mp3"
"group/Srijon/Jibon Pakhi Zay Ure/Low quality/Track15.mp3","https://pub-d7aa2a1ce06c45019530da0ea90f67d8.r2.dev/group/Srijon/Jibon%20Pakhi%20Zay%20Ure/Low%20quality/Track15.mp3"
"group/Srijon/Jibon Pakhi Zay Ure/Low quality/Track16.mp3","https://pub-d7aa2a1ce06c45019530da0ea90f67d8.r2.dev/group/Srijon/Jibon%20Pakhi%20Zay%20Ure/Low%20quality/Track16.mp3"
"group/Tornedo/prothom fota ful/Ai-Deho-Steamer.mp3","https://pub-d7aa2a1ce06c45019530da0ea90f67d8.r2.dev/group/Tornedo/prothom%20fota%20ful/Ai-Deho-Steamer.mp3"
"group/Tornedo/prothom fota ful/Allah-Tader.mp3","https://pub-d7aa2a1ce06c45019530da0ea90f67d8.r2.dev/group/Tornedo/prothom%20fota%20ful/Allah-Tader.mp3"
"group/Tornedo/prothom fota ful/Jibonta-Shope-Dilam.mp3","https://pub-d7aa2a1ce06c45019530da0ea90f67d8.r2.dev/group/Tornedo/prothom%20fota%20ful/Jibonta-Shope-Dilam.mp3"
"group/Tornedo/prothom fota ful/aj ar korina voy.mp3","https://pub-d7aa2a1ce06c45019530da0ea90f67d8.r2.dev/group/Tornedo/prothom%20fota%20ful/aj%20ar%20korina%20voy.mp3"
"group/Tornedo/prothom fota ful/ekhane pathao.mp3","https://pub-d7aa2a1ce06c45019530da0ea90f67d8.r2.dev/group/Tornedo/prothom%20fota%20ful/ekhane%20pathao.mp3"
"group/Tornedo/prothom fota ful/eso al-quraner.mp3","https://pub-d7aa2a1ce06c45019530da0ea90f67d8.r2.dev/group/Tornedo/prothom%20fota%20ful/eso%20al-quraner.mp3"
"group/Tornedo/prothom fota ful/khoda-tomar.mp3","https://pub-d7aa2a1ce06c45019530da0ea90f67d8.r2.dev/group/Tornedo/prothom%20fota%20ful/khoda-tomar.mp3"
"group/Tornedo/prothom fota ful/marhaba marhaba.mp3","https://pub-d7aa2a1ce06c45019530da0ea90f67d8.r2.dev/group/Tornedo/prothom%20fota%20ful/marhaba%20marhaba.mp3"
"group/Tornedo/prothom fota ful/nodiro boshonto.mp3","https://pub-d7aa2a1ce06c45019530da0ea90f67d8.r2.dev/group/Tornedo/prothom%20fota%20ful/nodiro%20boshonto.mp3"
"group/Tornedo/prothom fota ful/tista atrai dharla.mp3","https://pub-d7aa2a1ce06c45019530da0ea90f67d8.r2.dev/group/Tornedo/prothom%20fota%20ful/tista%20atrai%20dharla.mp3"
"group/Typhoon/Adhare Buk Chire/1-Allah-tumi-srishti.mp3","https://pub-d7aa2a1ce06c45019530da0ea90f67d8.r2.dev/group/Typhoon/Adhare%20Buk%20Chire/1-Allah-tumi-srishti.mp3"
"group/Typhoon/Adhare Buk Chire/10-tomar-valobasa.mp3","https://pub-d7aa2a1ce06c45019530da0ea90f67d8.r2.dev/group/Typhoon/Adhare%20Buk%20Chire/10-tomar-valobasa.mp3"
"group/Typhoon/Adhare Buk Chire/11-aj-amader-jagte.mp3","https://pub-d7aa2a1ce06c45019530da0ea90f67d8.r2.dev/group/Typhoon/Adhare%20Buk%20Chire/11-aj-amader-jagte.mp3"
"group/Typhoon/Adhare Buk Chire/12-mora-adharer-buk.mp3","https://pub-d7aa2a1ce06c45019530da0ea90f67d8.r2.dev/group/Typhoon/Adhare%20Buk%20Chire/12-mora-adharer-buk.mp3"
"group/Typhoon/Adhare Buk Chire/13-amar-mayer-moto.mp3","https://pub-d7aa2a1ce06c45019530da0ea90f67d8.r2.dev/group/Typhoon/Adhare%20Buk%20Chire/13-amar-mayer-moto.mp3"
"group/Typhoon/Adhare Buk Chire/2-ogo-mujahid.mp3","https://pub-d7aa2a1ce06c45019530da0ea90f67d8.r2.dev/group/Typhoon/Adhare%20Buk%20Chire/2-ogo-mujahid.mp3"
"group/Typhoon/Adhare Buk Chire/3-moner-kone.mp3","https://pub-d7aa2a1ce06c45019530da0ea90f67d8.r2.dev/group/Typhoon/Adhare%20Buk%20Chire/3-moner-kone.mp3"
"group/Typhoon/Adhare Buk Chire/4-amra-sobai-ek.mp3","https://pub-d7aa2a1ce06c45019530da0ea90f67d8.r2.dev/group/Typhoon/Adhare%20Buk%20Chire/4-amra-sobai-ek.mp3"
"group/Typhoon/Adhare Buk Chire/5-nodir-pani-koto.mp3","https://pub-d7aa2a1ce06c45019530da0ea90f67d8.r2.dev/group/Typhoon/Adhare%20Buk%20Chire/5-nodir-pani-koto.mp3"
"group/Typhoon/Adhare Buk Chire/6-ke-korilo-dhoronike.mp3","https://pub-d7aa2a1ce06c45019530da0ea90f67d8.r2.dev/group/Typhoon/Adhare%20Buk%20Chire/6-ke-korilo-dhoronike.mp3"
"group/Typhoon/Adhare Buk Chire/7-muhammader-namer.mp3","https://pub-d7aa2a1ce06c45019530da0ea90f67d8.r2.dev/group/Typhoon/Adhare%20Buk%20Chire/7-muhammader-namer.mp3"
"group/Typhoon/Adhare Buk Chire/8-tomar-namer-modhur.mp3","https://pub-d7aa2a1ce06c45019530da0ea90f67d8.r2.dev/group/Typhoon/Adhare%20Buk%20Chire/8-tomar-namer-modhur.mp3"
"group/Typhoon/Adhare Buk Chire/9-shahider-rokter.mp3","https://pub-d7aa2a1ce06c45019530da0ea90f67d8.r2.dev/group/Typhoon/Adhare%20Buk%20Chire/9-shahider-rokter.mp3"
"group/Typhoon/Noyonaviram/01-Protiti Voyei.mp3","https://pub-d7aa2a1ce06c45019530da0ea90f67d8.r2.dev/group/Typhoon/Noyonaviram/01-Protiti%20Voyei.mp3"
"group/Typhoon/Noyonaviram/02-Rojoni Gondha.mp3","https://pub-d7aa2a1ce06c45019530da0ea90f67d8.r2.dev/group/Typhoon/Noyonaviram/02-Rojoni%20Gondha.mp3"
"group/Typhoon/Noyonaviram/03-Pathorer Aghate.mp3","https://pub-d7aa2a1ce06c45019530da0ea90f67d8.r2.dev/group/Typhoon/Noyonaviram/03-Pathorer%20Aghate.mp3"
"group/Typhoon/Noyonaviram/04-chotto Khoka.mp3","https://pub-d7aa2a1ce06c45019530da0ea90f67d8.r2.dev/group/Typhoon/Noyonaviram/04-chotto%20Khoka.mp3"
"group/Typhoon/Noyonaviram/05-Rag Koro Na.mp3","https://pub-d7aa2a1ce06c45019530da0ea90f67d8.r2.dev/group/Typhoon/Noyonaviram/05-Rag%20Koro%20Na.mp3"
"group/Typhoon/Noyonaviram/06-O Bulbul.mp3","https://pub-d7aa2a1ce06c45019530da0ea90f67d8.r2.dev/group/Typhoon/Noyonaviram/06-O%20Bulbul.mp3"
"group/Typhoon/Noyonaviram/07-Amader Mon.mp3","https://pub-d7aa2a1ce06c45019530da0ea90f67d8.r2.dev/group/Typhoon/Noyonaviram/07-Amader%20Mon.mp3"
"group/Typhoon/Noyonaviram/08-Nodir othoi Jol.mp3","https://pub-d7aa2a1ce06c45019530da0ea90f67d8.r2.dev/group/Typhoon/Noyonaviram/08-Nodir%20othoi%20Jol.mp3"
"group/Typhoon/Noyonaviram/09-O Akash Amay.mp3","https://pub-d7aa2a1ce06c45019530da0ea90f67d8.r2.dev/group/Typhoon/Noyonaviram/09-O%20Akash%20Amay.mp3"
"group/Typhoon/Noyonaviram/10-Boloto Dhoronike.mp3","https://pub-d7aa2a1ce06c45019530da0ea90f67d8.r2.dev/group/Typhoon/Noyonaviram/10-Boloto%20Dhoronike.mp3"
"group/Typhoon/Noyonaviram/11-Doyel Kothay.mp3","https://pub-d7aa2a1ce06c45019530da0ea90f67d8.r2.dev/group/Typhoon/Noyonaviram/11-Doyel%20Kothay.mp3"
"group/Typhoon/Noyonaviram/12-Sundori Tor.mp3","https://pub-d7aa2a1ce06c45019530da0ea90f67d8.r2.dev/group/Typhoon/Noyonaviram/12-Sundori%20Tor.mp3"
"group/Typhoon/Noyonaviram/13-Morur Buke.mp3","https://pub-d7aa2a1ce06c45019530da0ea90f67d8.r2.dev/group/Typhoon/Noyonaviram/13-Morur%20Buke.mp3"
"group/Typhoon/Pahari Jhorna/000-Heading.mp3","https://pub-d7aa2a1ce06c45019530da0ea90f67d8.r2.dev/group/Typhoon/Pahari%20Jhorna/000-Heading.mp3"
"group/Typhoon/Pahari Jhorna/001-Kar Nam.mp3","https://pub-d7aa2a1ce06c45019530da0ea90f67d8.r2.dev/group/Typhoon/Pahari%20Jhorna/001-Kar%20Nam.mp3"
"group/Typhoon/Pahari Jhorna/002-Ei Udashi Mon.mp3","https://pub-d7aa2a1ce06c45019530da0ea90f67d8.r2.dev/group/Typhoon/Pahari%20Jhorna/002-Ei%20Udashi%20Mon.mp3"
"group/Typhoon/Pahari Jhorna/003-O Gondhoraj.mp3","https://pub-d7aa2a1ce06c45019530da0ea90f67d8.r2.dev/group/Typhoon/Pahari%20Jhorna/003-O%20Gondhoraj.mp3"
"group/Typhoon/Pahari Jhorna/004-Niyona Niyona.mp3","https://pub-d7aa2a1ce06c45019530da0ea90f67d8.r2.dev/group/Typhoon/Pahari%20Jhorna/004-Niyona%20Niyona.mp3"
"group/Typhoon/Pahari Jhorna/005-O Nodi Ektu.mp3","https://pub-d7aa2a1ce06c45019530da0ea90f67d8.r2.dev/group/Typhoon/Pahari%20Jhorna/005-O%20Nodi%20Ektu.mp3"
"group/Typhoon/Pahari Jhorna/006-Akashe Tara.mp3","https://pub-d7aa2a1ce06c45019530da0ea90f67d8.r2.dev/group/Typhoon/Pahari%20Jhorna/006-Akashe%20Tara.mp3"
"group/Typhoon/Pahari Jhorna/007-Allahu Allahu.mp3","https://pub-d7aa2a1ce06c45019530da0ea90f67d8.r2.dev/group/Typhoon/Pahari%20Jhorna/007-Allahu%20Allahu.mp3"
"group/Typhoon/Pahari Jhorna/008-Tomar Shorgo.mp3","https://pub-d7aa2a1ce06c45019530da0ea90f67d8.r2.dev/group/Typhoon/Pahari%20Jhorna/008-Tomar%20Shorgo.mp3"
"group/Typhoon/Pahari Jhorna/009-O Ful Pakhi.mp3","https://pub-d7aa2a1ce06c45019530da0ea90f67d8.r2.dev/group/Typhoon/Pahari%20Jhorna/009-O%20Ful%20Pakhi.mp3"
"group/Typhoon/Pahari Jhorna/010-Priyo Desh.mp3","https://pub-d7aa2a1ce06c45019530da0ea90f67d8.r2.dev/group/Typhoon/Pahari%20Jhorna/010-Priyo%20Desh.mp3"
"group/Typhoon/Pahari Jhorna/011-Kothay Acho.mp3","https://pub-d7aa2a1ce06c45019530da0ea90f67d8.r2.dev/group/Typhoon/Pahari%20Jhorna/011-Kothay%20Acho.mp3"
"group/Typhoon/Pahari Jhorna/012-Akash Jure.mp3","https://pub-d7aa2a1ce06c45019530da0ea90f67d8.r2.dev/group/Typhoon/Pahari%20Jhorna/012-Akash%20Jure.mp3"
"group/Typhoon/Pahari Jhorna/013-Make Dekhi Na.mp3","https://pub-d7aa2a1ce06c45019530da0ea90f67d8.r2.dev/group/Typhoon/Pahari%20Jhorna/013-Make%20Dekhi%20Na.mp3"
"group/Typhoon/Pahari Jhorna/014-Finishing.mp3","https://pub-d7aa2a1ce06c45019530da0ea90f67d8.r2.dev/group/Typhoon/Pahari%20Jhorna/014-Finishing.mp3"
"group/Ujjibon/protyashar_alo/01 theme_and ei mati ful.mp3","https://pub-d7aa2a1ce06c45019530da0ea90f67d8.r2.dev/group/Ujjibon/protyashar_alo/01%20theme_and%20ei%20mati%20ful.mp3"
"group/Ujjibon/protyashar_alo/02 noyonaviram.mp3","https://pub-d7aa2a1ce06c45019530da0ea90f67d8.r2.dev/group/Ujjibon/protyashar_alo/02%20noyonaviram.mp3"
"group/Ujjibon/protyashar_alo/03 dur arober.mp3","https://pub-d7aa2a1ce06c45019530da0ea90f67d8.r2.dev/group/Ujjibon/protyashar_alo/03%20dur%20arober.mp3"
"group/Ujjibon/protyashar_alo/04 ei se sonar desh.mp3","https://pub-d7aa2a1ce06c45019530da0ea90f67d8.r2.dev/group/Ujjibon/protyashar_alo/04%20ei%20se%20sonar%20desh.mp3"
"group/Ujjibon/protyashar_alo/05 holud paki.mp3","https://pub-d7aa2a1ce06c45019530da0ea90f67d8.r2.dev/group/Ujjibon/protyashar_alo/05%20holud%20paki.mp3"
"group/Ujjibon/protyashar_alo/06 kothay zeno.mp3","https://pub-d7aa2a1ce06c45019530da0ea90f67d8.r2.dev/group/Ujjibon/protyashar_alo/06%20kothay%20zeno.mp3"
"group/Ujjibon/protyashar_alo/07 sara din tomari.mp3","https://pub-d7aa2a1ce06c45019530da0ea90f67d8.r2.dev/group/Ujjibon/protyashar_alo/07%20sara%20din%20tomari.mp3"
"group/Ujjibon/protyashar_alo/08 jibon zuddhe.mp3","https://pub-d7aa2a1ce06c45019530da0ea90f67d8.r2.dev/group/Ujjibon/protyashar_alo/08%20jibon%20zuddhe.mp3"
"group/Ujjibon/protyashar_alo/09 ke diyeche.mp3","https://pub-d7aa2a1ce06c45019530da0ea90f67d8.r2.dev/group/Ujjibon/protyashar_alo/09%20ke%20diyeche.mp3"
"group/Ujjibon/protyashar_alo/10 sokol kichur.mp3","https://pub-d7aa2a1ce06c45019530da0ea90f67d8.r2.dev/group/Ujjibon/protyashar_alo/10%20sokol%20kichur.mp3"
"group/Ujjibon/protyashar_alo/11 hajar dukho.mp3","https://pub-d7aa2a1ce06c45019530da0ea90f67d8.r2.dev/group/Ujjibon/protyashar_alo/11%20hajar%20dukho.mp3"
"group/Ujjibon/protyashar_alo/12 ze desh amar.mp3","https://pub-d7aa2a1ce06c45019530da0ea90f67d8.r2.dev/group/Ujjibon/protyashar_alo/12%20ze%20desh%20amar.mp3"
"group/Ujjibon/protyashar_alo/13 eto shok keno.mp3","https://pub-d7aa2a1ce06c45019530da0ea90f67d8.r2.dev/group/Ujjibon/protyashar_alo/13%20eto%20shok%20keno.mp3"
"group/Ujjibon/protyashar_alo/14 digonto nil chuyen.mp3","https://pub-d7aa2a1ce06c45019530da0ea90f67d8.r2.dev/group/Ujjibon/protyashar_alo/14%20digonto%20nil%20chuyen.mp3"
"group/anondo/megh moyuri/01gun guniye.mp3","https://pub-d7aa2a1ce06c45019530da0ea90f67d8.r2.dev/group/anondo/megh%20moyuri/01gun%20guniye.mp3"
"group/anondo/megh moyuri/02sona jhora bikel.mp3","https://pub-d7aa2a1ce06c45019530da0ea90f67d8.r2.dev/group/anondo/megh%20moyuri/02sona%20jhora%20bikel.mp3"
"group/anondo/megh moyuri/03din zay kkhon zay.mp3","https://pub-d7aa2a1ce06c45019530da0ea90f67d8.r2.dev/group/anondo/megh%20moyuri/03din%20zay%20kkhon%20zay.mp3"
"group/anondo/megh moyuri/04aj e josona.mp3","https://pub-d7aa2a1ce06c45019530da0ea90f67d8.r2.dev/group/anondo/megh%20moyuri/04aj%20e%20josona.mp3"
"group/anondo/megh moyuri/05swadhinot tumi.mp3","https://pub-d7aa2a1ce06c45019530da0ea90f67d8.r2.dev/group/anondo/megh%20moyuri/05swadhinot%20tumi.mp3"
"group/anondo/megh moyuri/06monta zodi.mp3","https://pub-d7aa2a1ce06c45019530da0ea90f67d8.r2.dev/group/anondo/megh%20moyuri/06monta%20zodi.mp3"
"group/anondo/megh moyuri/07fdc.mp3","https://pub-d7aa2a1ce06c45019530da0ea90f67d8.r2.dev/group/anondo/megh%20moyuri/07fdc.mp3"
"group/anondo/megh moyuri/08ei dhorini.mp3","https://pub-d7aa2a1ce06c45019530da0ea90f67d8.r2.dev/group/anondo/megh%20moyuri/08ei%20dhorini.mp3"
"group/anondo/megh moyuri/09ya rsulullah sm.mp3","https://pub-d7aa2a1ce06c45019530da0ea90f67d8.r2.dev/group/anondo/megh%20moyuri/09ya%20rsulullah%20sm.mp3"
"group/anondo/megh moyuri/10orebo miya vy.mp3","https://pub-d7aa2a1ce06c45019530da0ea90f67d8.r2.dev/group/anondo/megh%20moyuri/10orebo%20miya%20vy.mp3"
"group/anondo/megh moyuri/11fajorer ahwan.mp3","https://pub-d7aa2a1ce06c45019530da0ea90f67d8.r2.dev/group/anondo/megh%20moyuri/11fajorer%20ahwan.mp3"
"group/anondo/megh moyuri/12dekho colti pothe.mp3","https://pub-d7aa2a1ce06c45019530da0ea90f67d8.r2.dev/group/anondo/megh%20moyuri/12dekho%20colti%20pothe.mp3"
"group/anondo/megh moyuri/13ay bosonto.mp3","https://pub-d7aa2a1ce06c45019530da0ea90f67d8.r2.dev/group/anondo/megh%20moyuri/13ay%20bosonto.mp3"
"group/anondo/megh moyuri/14boishakh eseche.mp3","https://pub-d7aa2a1ce06c45019530da0ea90f67d8.r2.dev/group/anondo/megh%20moyuri/14boishakh%20eseche.mp3"
"group/bikolpo/Amar-Mayer-Sonar.amr","https://pub-d7aa2a1ce06c45019530da0ea90f67d8.r2.dev/group/bikolpo/Amar-Mayer-Sonar.amr"
"group/bikolpo/Disha/001. Oi jhorna dhara.mp3","https://pub-d7aa2a1ce06c45019530da0ea90f67d8.r2.dev/group/bikolpo/Disha/001.%20Oi%20jhorna%20dhara.mp3"
"group/bikolpo/Disha/002. Morur buke.mp3","https://pub-d7aa2a1ce06c45019530da0ea90f67d8.r2.dev/group/bikolpo/Disha/002.%20Morur%20buke.mp3"
"group/bikolpo/Disha/003. Foshol vora.mp3","https://pub-d7aa2a1ce06c45019530da0ea90f67d8.r2.dev/group/bikolpo/Disha/003.%20Foshol%20vora.mp3"
"group/bikolpo/Disha/004. Mago tumi.mp3","https://pub-d7aa2a1ce06c45019530da0ea90f67d8.r2.dev/group/bikolpo/Disha/004.%20Mago%20tumi.mp3"
"group/bikolpo/Disha/005. Ye ALLAH.mp3","https://pub-d7aa2a1ce06c45019530da0ea90f67d8.r2.dev/group/bikolpo/Disha/005.%20Ye%20ALLAH.mp3"
"group/bikolpo/Disha/006. Kemon khela.mp3","https://pub-d7aa2a1ce06c45019530da0ea90f67d8.r2.dev/group/bikolpo/Disha/006.%20Kemon%20khela.mp3"
"group/bikolpo/Disha/007. Nodi tomar.mp3","https://pub-d7aa2a1ce06c45019530da0ea90f67d8.r2.dev/group/bikolpo/Disha/007.%20Nodi%20tomar.mp3"
"group/bikolpo/Disha/008. Oh ALLAH.mp3","https://pub-d7aa2a1ce06c45019530da0ea90f67d8.r2.dev/group/bikolpo/Disha/008.%20Oh%20ALLAH.mp3"
"group/bikolpo/Disha/009. Kade mago.mp3","https://pub-d7aa2a1ce06c45019530da0ea90f67d8.r2.dev/group/bikolpo/Disha/009.%20Kade%20mago.mp3"
"group/bikolpo/Disha/010. Aj kal porshu.mp3","https://pub-d7aa2a1ce06c45019530da0ea90f67d8.r2.dev/group/bikolpo/Disha/010.%20Aj%20kal%20porshu.mp3"
"group/bikolpo/Disha/011. Sei din.mp3","https://pub-d7aa2a1ce06c45019530da0ea90f67d8.r2.dev/group/bikolpo/Disha/011.%20Sei%20din.mp3"
"group/bikolpo/Disha/012. Oshim digonte.mp3","https://pub-d7aa2a1ce06c45019530da0ea90f67d8.r2.dev/group/bikolpo/Disha/012.%20Oshim%20digonte.mp3"
"group/bikolpo/Disha/013. Ar koto kal.mp3","https://pub-d7aa2a1ce06c45019530da0ea90f67d8.r2.dev/group/bikolpo/Disha/013.%20Ar%20koto%20kal.mp3"
"group/bikolpo/Herar path (Bikapa)/01 AI MATI.mp3","https://pub-d7aa2a1ce06c45019530da0ea90f67d8.r2.dev/group/bikolpo/Herar%20path%20(Bikapa)/01%20AI%20MATI.mp3"
"group/bikolpo/Herar path (Bikapa)/02 VALO REKHO.mp3","https://pub-d7aa2a1ce06c45019530da0ea90f67d8.r2.dev/group/bikolpo/Herar%20path%20(Bikapa)/02%20VALO%20REKHO.mp3"
"group/bikolpo/Herar path (Bikapa)/03 OGO NABI.mp3","https://pub-d7aa2a1ce06c45019530da0ea90f67d8.r2.dev/group/bikolpo/Herar%20path%20(Bikapa)/03%20OGO%20NABI.mp3"
"group/bikolpo/Herar path (Bikapa)/04 JIBON FURIA.mp3","https://pub-d7aa2a1ce06c45019530da0ea90f67d8.r2.dev/group/bikolpo/Herar%20path%20(Bikapa)/04%20JIBON%20FURIA.mp3"
"group/bikolpo/Herar path (Bikapa)/05 AMI CHAYGO.mp3","https://pub-d7aa2a1ce06c45019530da0ea90f67d8.r2.dev/group/bikolpo/Herar%20path%20(Bikapa)/05%20AMI%20CHAYGO.mp3"
"group/bikolpo/Herar path (Bikapa)/06 RIDOYER.mp3","https://pub-d7aa2a1ce06c45019530da0ea90f67d8.r2.dev/group/bikolpo/Herar%20path%20(Bikapa)/06%20RIDOYER.mp3"
"group/bikolpo/Herar path (Bikapa)/07 VOER AI.mp3","https://pub-d7aa2a1ce06c45019530da0ea90f67d8.r2.dev/group/bikolpo/Herar%20path%20(Bikapa)/07%20VOER%20AI.mp3"
"group/bikolpo/Herar path (Bikapa)/08 AKASHER OI.mp3","https://pub-d7aa2a1ce06c45019530da0ea90f67d8.r2.dev/group/bikolpo/Herar%20path%20(Bikapa)/08%20AKASHER%20OI.mp3"
"group/bikolpo/Herar path (Bikapa)/09 MOHAMMAD (SM).mp3","https://pub-d7aa2a1ce06c45019530da0ea90f67d8.r2.dev/group/bikolpo/Herar%20path%20(Bikapa)/09%20MOHAMMAD%20(SM).mp3"
"group/bikolpo/Herar path (Bikapa)/10 KHOY.mp3","https://pub-d7aa2a1ce06c45019530da0ea90f67d8.r2.dev/group/bikolpo/Herar%20path%20(Bikapa)/10%20KHOY.mp3"
"group/bikolpo/Herar path (Bikapa)/11 TOMAKE.mp3","https://pub-d7aa2a1ce06c45019530da0ea90f67d8.r2.dev/group/bikolpo/Herar%20path%20(Bikapa)/11%20TOMAKE.mp3"
"group/bikolpo/Herar path (Bikapa)/12 JOKHON.mp3","https://pub-d7aa2a1ce06c45019530da0ea90f67d8.r2.dev/group/bikolpo/Herar%20path%20(Bikapa)/12%20JOKHON.mp3"
"group/bikolpo/Herar path (Bikapa)/13 TADER JONNO.mp3","https://pub-d7aa2a1ce06c45019530da0ea90f67d8.r2.dev/group/bikolpo/Herar%20path%20(Bikapa)/13%20TADER%20JONNO.mp3"
"group/bikolpo/Sonar Nolak (Bikalpa)/song -.mp3","https://pub-d7aa2a1ce06c45019530da0ea90f67d8.r2.dev/group/bikolpo/Sonar%20Nolak%20(Bikalpa)/song%20-.mp3"
"group/bikolpo/Sonar Nolak (Bikalpa)/song -1.mp3","https://pub-d7aa2a1ce06c45019530da0ea90f67d8.r2.dev/group/bikolpo/Sonar%20Nolak%20(Bikalpa)/song%20-1.mp3"
"group/bikolpo/Sonar Nolak (Bikalpa)/song -10.mp3","https://pub-d7aa2a1ce06c45019530da0ea90f67d8.r2.dev/group/bikolpo/Sonar%20Nolak%20(Bikalpa)/song%20-10.mp3"
"group/bikolpo/Sonar Nolak (Bikalpa)/song -11.mp3","https://pub-d7aa2a1ce06c45019530da0ea90f67d8.r2.dev/group/bikolpo/Sonar%20Nolak%20(Bikalpa)/song%20-11.mp3"
"group/bikolpo/Sonar Nolak (Bikalpa)/song -12.mp3","https://pub-d7aa2a1ce06c45019530da0ea90f67d8.r2.dev/group/bikolpo/Sonar%20Nolak%20(Bikalpa)/song%20-12.mp3"
"group/bikolpo/Sonar Nolak (Bikalpa)/song -13.mp3","https://pub-d7aa2a1ce06c45019530da0ea90f67d8.r2.dev/group/bikolpo/Sonar%20Nolak%20(Bikalpa)/song%20-13.mp3"
"group/bikolpo/Sonar Nolak (Bikalpa)/song -2.mp3","https://pub-d7aa2a1ce06c45019530da0ea90f67d8.r2.dev/group/bikolpo/Sonar%20Nolak%20(Bikalpa)/song%20-2.mp3"
"group/bikolpo/Sonar Nolak (Bikalpa)/song -3.mp3","https://pub-d7aa2a1ce06c45019530da0ea90f67d8.r2.dev/group/bikolpo/Sonar%20Nolak%20(Bikalpa)/song%20-3.mp3"
"group/bikolpo/Sonar Nolak (Bikalpa)/song -4.mp3","https://pub-d7aa2a1ce06c45019530da0ea90f67d8.r2.dev/group/bikolpo/Sonar%20Nolak%20(Bikalpa)/song%20-4.mp3"
"group/bikolpo/Sonar Nolak (Bikalpa)/song -5.mp3","https://pub-d7aa2a1ce06c45019530da0ea90f67d8.r2.dev/group/bikolpo/Sonar%20Nolak%20(Bikalpa)/song%20-5.mp3"
"group/bikolpo/Sonar Nolak (Bikalpa)/song -6.mp3","https://pub-d7aa2a1ce06c45019530da0ea90f67d8.r2.dev/group/bikolpo/Sonar%20Nolak%20(Bikalpa)/song%20-6.mp3"
"group/bikolpo/Sonar Nolak (Bikalpa)/song -7.mp3","https://pub-d7aa2a1ce06c45019530da0ea90f67d8.r2.dev/group/bikolpo/Sonar%20Nolak%20(Bikalpa)/song%20-7.mp3"
"group/bikolpo/Sonar Nolak (Bikalpa)/song -8.mp3","https://pub-d7aa2a1ce06c45019530da0ea90f67d8.r2.dev/group/bikolpo/Sonar%20Nolak%20(Bikalpa)/song%20-8.mp3"
"group/bikolpo/Sonar Nolak (Bikalpa)/song -9.mp3","https://pub-d7aa2a1ce06c45019530da0ea90f67d8.r2.dev/group/bikolpo/Sonar%20Nolak%20(Bikalpa)/song%20-9.mp3"
"group/bikolpo/sobujmotihar.mp3","https://pub-d7aa2a1ce06c45019530da0ea90f67d8.r2.dev/group/bikolpo/sobujmotihar.mp3"
"group/kafela/Amar Priyo Ma/10 mayer moton.mp3","https://pub-d7aa2a1ce06c45019530da0ea90f67d8.r2.dev/group/kafela/Amar%20Priyo%20Ma/10%20mayer%20moton.mp3"
"group/kafela/Amar Priyo Ma/11amar jiboner.mp3","https://pub-d7aa2a1ce06c45019530da0ea90f67d8.r2.dev/group/kafela/Amar%20Priyo%20Ma/11amar%20jiboner.mp3"
"group/kafela/Amar Priyo Ma/12nijhum rate.mp3","https://pub-d7aa2a1ce06c45019530da0ea90f67d8.r2.dev/group/kafela/Amar%20Priyo%20Ma/12nijhum%20rate.mp3"
"group/kafela/Amar Priyo Ma/13amar ma priyo.mp3","https://pub-d7aa2a1ce06c45019530da0ea90f67d8.r2.dev/group/kafela/Amar%20Priyo%20Ma/13amar%20ma%20priyo.mp3"
"group/kafela/Amar Priyo Ma/1ogo doyamoy.mp3","https://pub-d7aa2a1ce06c45019530da0ea90f67d8.r2.dev/group/kafela/Amar%20Priyo%20Ma/1ogo%20doyamoy.mp3"
"group/kafela/Amar Priyo Ma/2ei prithibite.mp3","https://pub-d7aa2a1ce06c45019530da0ea90f67d8.r2.dev/group/kafela/Amar%20Priyo%20Ma/2ei%20prithibite.mp3"
"group/kafela/Amar Priyo Ma/3momota madhuri.mp3","https://pub-d7aa2a1ce06c45019530da0ea90f67d8.r2.dev/group/kafela/Amar%20Priyo%20Ma/3momota%20madhuri.mp3"
"group/kafela/Amar Priyo Ma/4diyona amay.mp3","https://pub-d7aa2a1ce06c45019530da0ea90f67d8.r2.dev/group/kafela/Amar%20Priyo%20Ma/4diyona%20amay.mp3"
"group/kafela/Amar Priyo Ma/5oi nil akashe.mp3","https://pub-d7aa2a1ce06c45019530da0ea90f67d8.r2.dev/group/kafela/Amar%20Priyo%20Ma/5oi%20nil%20akashe.mp3"
"group/kafela/Amar Priyo Ma/6khub beshi mone.mp3","https://pub-d7aa2a1ce06c45019530da0ea90f67d8.r2.dev/group/kafela/Amar%20Priyo%20Ma/6khub%20beshi%20mone.mp3"
"group/kafela/Amar Priyo Ma/7ogo maa.mp3","https://pub-d7aa2a1ce06c45019530da0ea90f67d8.r2.dev/group/kafela/Amar%20Priyo%20Ma/7ogo%20maa.mp3"
"group/kafela/Amar Priyo Ma/8make valobese.mp3","https://pub-d7aa2a1ce06c45019530da0ea90f67d8.r2.dev/group/kafela/Amar%20Priyo%20Ma/8make%20valobese.mp3"
"group/kafela/Amar Priyo Ma/9nodi jemon.mp3","https://pub-d7aa2a1ce06c45019530da0ea90f67d8.r2.dev/group/kafela/Amar%20Priyo%20Ma/9nodi%20jemon.mp3"
"group/kafela/Amar Priyo Ma/Amar Priyo Maa.mp3","https://pub-d7aa2a1ce06c45019530da0ea90f67d8.r2.dev/group/kafela/Amar%20Priyo%20Ma/Amar%20Priyo%20Maa.mp3"
"group/kafela/Amar Priyo Ma/Amar Priyo Maa.part","https://pub-d7aa2a1ce06c45019530da0ea90f67d8.r2.dev/group/kafela/Amar%20Priyo%20Ma/Amar%20Priyo%20Maa.part"
"group/somonnoy/01-Mollik-tumi-acho.mp3","https://pub-d7aa2a1ce06c45019530da0ea90f67d8.r2.dev/group/somonnoy/01-Mollik-tumi-acho.mp3"
"group/somonnoy/01.-Allah-mabud.mp3","https://pub-d7aa2a1ce06c45019530da0ea90f67d8.r2.dev/group/somonnoy/01.-Allah-mabud.mp3"
"group/somonnoy/12-Harano-sriti.mp3","https://pub-d7aa2a1ce06c45019530da0ea90f67d8.r2.dev/group/somonnoy/12-Harano-sriti.mp3"
"group/somonnoy/meghmukto akash/Sujola sufola.mp3","https://pub-d7aa2a1ce06c45019530da0ea90f67d8.r2.dev/group/somonnoy/meghmukto%20akash/Sujola%20sufola.mp3"
"group/somonnoy/meghmukto akash/bouer jala jibon kala.mp3","https://pub-d7aa2a1ce06c45019530da0ea90f67d8.r2.dev/group/somonnoy/meghmukto%20akash/bouer%20jala%20jibon%20kala.mp3"
"singers/Abdul Aleem/Folk_abdul_aleem.mp3","https://pub-d7aa2a1ce06c45019530da0ea90f67d8.r2.dev/singers/Abdul%20Aleem/Folk_abdul_aleem.mp3"
"singers/Abdus Shakur Tuhin/Features/akasher oi nil.mp3","https://pub-d7aa2a1ce06c45019530da0ea90f67d8.r2.dev/singers/Abdus%20Shakur%20Tuhin/Features/akasher%20oi%20nil.mp3"
"singers/Abdus Shakur Tuhin/Features/allahu allah.mp3","https://pub-d7aa2a1ce06c45019530da0ea90f67d8.r2.dev/singers/Abdus%20Shakur%20Tuhin/Features/allahu%20allah.mp3"
"singers/Abdus Shakur Tuhin/Features/bataser moto jodi.mp3","https://pub-d7aa2a1ce06c45019530da0ea90f67d8.r2.dev/singers/Abdus%20Shakur%20Tuhin/Features/bataser%20moto%20jodi.mp3"
"singers/Abdus Shakur Tuhin/Features/bolo mago.mp3","https://pub-d7aa2a1ce06c45019530da0ea90f67d8.r2.dev/singers/Abdus%20Shakur%20Tuhin/Features/bolo%20mago.mp3"
"singers/Abdus Shakur Tuhin/Features/boloto kar.mp3","https://pub-d7aa2a1ce06c45019530da0ea90f67d8.r2.dev/singers/Abdus%20Shakur%20Tuhin/Features/boloto%20kar.mp3"
"singers/Abdus Shakur Tuhin/Features/eso amra sobai.mp3","https://pub-d7aa2a1ce06c45019530da0ea90f67d8.r2.dev/singers/Abdus%20Shakur%20Tuhin/Features/eso%20amra%20sobai.mp3"
"singers/Abdus Shakur Tuhin/Features/hasna hena ful.mp3","https://pub-d7aa2a1ce06c45019530da0ea90f67d8.r2.dev/singers/Abdus%20Shakur%20Tuhin/Features/hasna%20hena%20ful.mp3"
"singers/Abdus Shakur Tuhin/Features/la yarhamullah.mp3","https://pub-d7aa2a1ce06c45019530da0ea90f67d8.r2.dev/singers/Abdus%20Shakur%20Tuhin/Features/la%20yarhamullah.mp3"
"singers/Abdus Shakur Tuhin/Features/mago ma.mp3","https://pub-d7aa2a1ce06c45019530da0ea90f67d8.r2.dev/singers/Abdus%20Shakur%20Tuhin/Features/mago%20ma.mp3"
"singers/Abdus Shakur Tuhin/Features/projapotir.mp3","https://pub-d7aa2a1ce06c45019530da0ea90f67d8.r2.dev/singers/Abdus%20Shakur%20Tuhin/Features/projapotir.mp3"
"singers/Abdus Shakur Tuhin/Features/valobaso jodi.mp3","https://pub-d7aa2a1ce06c45019530da0ea90f67d8.r2.dev/singers/Abdus%20Shakur%20Tuhin/Features/valobaso%20jodi.mp3"
"singers/Abdus Shakur Tuhin/Hridoypurer giti/01.rater kalo ghor.mp3","https://pub-d7aa2a1ce06c45019530da0ea90f67d8.r2.dev/singers/Abdus%20Shakur%20Tuhin/Hridoypurer%20giti/01.rater%20kalo%20ghor.mp3"
"singers/Abdus Shakur Tuhin/Hridoypurer giti/02.everything should.mp3","https://pub-d7aa2a1ce06c45019530da0ea90f67d8.r2.dev/singers/Abdus%20Shakur%20Tuhin/Hridoypurer%20giti/02.everything%20should.mp3"
"singers/Abdus Shakur Tuhin/Hridoypurer giti/03.chokh juriye jay.mp3","https://pub-d7aa2a1ce06c45019530da0ea90f67d8.r2.dev/singers/Abdus%20Shakur%20Tuhin/Hridoypurer%20giti/03.chokh%20juriye%20jay.mp3"
"singers/Abdus Shakur Tuhin/Hridoypurer giti/04.ya rasulallah.mp3","https://pub-d7aa2a1ce06c45019530da0ea90f67d8.r2.dev/singers/Abdus%20Shakur%20Tuhin/Hridoypurer%20giti/04.ya%20rasulallah.mp3"
"singers/Abdus Shakur Tuhin/Hridoypurer giti/05.somoy somoy.mp3","https://pub-d7aa2a1ce06c45019530da0ea90f67d8.r2.dev/singers/Abdus%20Shakur%20Tuhin/Hridoypurer%20giti/05.somoy%20somoy.mp3"
"singers/Abdus Shakur Tuhin/Hridoypurer giti/06.moner majhe provu prem.mp3","https://pub-d7aa2a1ce06c45019530da0ea90f67d8.r2.dev/singers/Abdus%20Shakur%20Tuhin/Hridoypurer%20giti/06.moner%20majhe%20provu%20prem.mp3"
"singers/Abdus Shakur Tuhin/Hridoypurer giti/07Man is crying.mp3","https://pub-d7aa2a1ce06c45019530da0ea90f67d8.r2.dev/singers/Abdus%20Shakur%20Tuhin/Hridoypurer%20giti/07Man%20is%20crying.mp3"
"singers/Abdus Shakur Tuhin/Hridoypurer giti/08matir kolose.mp3","https://pub-d7aa2a1ce06c45019530da0ea90f67d8.r2.dev/singers/Abdus%20Shakur%20Tuhin/Hridoypurer%20giti/08matir%20kolose.mp3"
"singers/Abdus Shakur Tuhin/Hridoypurer giti/09.suto kata ghuri.mp3","https://pub-d7aa2a1ce06c45019530da0ea90f67d8.r2.dev/singers/Abdus%20Shakur%20Tuhin/Hridoypurer%20giti/09.suto%20kata%20ghuri.mp3"
"singers/Abdus Shakur Tuhin/Hridoypurer giti/10.matir bason matir ason.mp3","https://pub-d7aa2a1ce06c45019530da0ea90f67d8.r2.dev/singers/Abdus%20Shakur%20Tuhin/Hridoypurer%20giti/10.matir%20bason%20matir%20ason.mp3"
"singers/Abdus Shakur Tuhin/Hridoypurer giti/11.kotota rat ketechhe.mp3","https://pub-d7aa2a1ce06c45019530da0ea90f67d8.r2.dev/singers/Abdus%20Shakur%20Tuhin/Hridoypurer%20giti/11.kotota%20rat%20ketechhe.mp3"
"singers/Abdus Shakur Tuhin/Hridoypurer giti/12.buker vetor kanna.mp3","https://pub-d7aa2a1ce06c45019530da0ea90f67d8.r2.dev/singers/Abdus%20Shakur%20Tuhin/Hridoypurer%20giti/12.buker%20vetor%20kanna.mp3"
"singers/Abdus Shakur Tuhin/Swopno Ghuri/1 akasher oi nil .mp3","https://pub-d7aa2a1ce06c45019530da0ea90f67d8.r2.dev/singers/Abdus%20Shakur%20Tuhin/Swopno%20Ghuri/1%20akasher%20oi%20nil%20.mp3"
"singers/Abdus Shakur Tuhin/Swopno Ghuri/10 tumi chole gecho.mp3","https://pub-d7aa2a1ce06c45019530da0ea90f67d8.r2.dev/singers/Abdus%20Shakur%20Tuhin/Swopno%20Ghuri/10%20tumi%20chole%20gecho.mp3"
"singers/Abdus Shakur Tuhin/Swopno Ghuri/2 chander alo .mp3","https://pub-d7aa2a1ce06c45019530da0ea90f67d8.r2.dev/singers/Abdus%20Shakur%20Tuhin/Swopno%20Ghuri/2%20chander%20alo%20.mp3"
"singers/Abdus Shakur Tuhin/Swopno Ghuri/3 dhonno holo ei dhoroni.mp3","https://pub-d7aa2a1ce06c45019530da0ea90f67d8.r2.dev/singers/Abdus%20Shakur%20Tuhin/Swopno%20Ghuri/3%20dhonno%20holo%20ei%20dhoroni.mp3"
"singers/Abdus Shakur Tuhin/Swopno Ghuri/4 ghumonto shardul.mp3","https://pub-d7aa2a1ce06c45019530da0ea90f67d8.r2.dev/singers/Abdus%20Shakur%20Tuhin/Swopno%20Ghuri/4%20ghumonto%20shardul.mp3"
"singers/Abdus Shakur Tuhin/Swopno Ghuri/5 o nayer naiya.mp3","https://pub-d7aa2a1ce06c45019530da0ea90f67d8.r2.dev/singers/Abdus%20Shakur%20Tuhin/Swopno%20Ghuri/5%20o%20nayer%20naiya.mp3"
"singers/Abdus Shakur Tuhin/Swopno Ghuri/6 boye chola nodi.mp3","https://pub-d7aa2a1ce06c45019530da0ea90f67d8.r2.dev/singers/Abdus%20Shakur%20Tuhin/Swopno%20Ghuri/6%20boye%20chola%20nodi.mp3"
"singers/Abdus Shakur Tuhin/Swopno Ghuri/7 swopner ghuri.mp3","https://pub-d7aa2a1ce06c45019530da0ea90f67d8.r2.dev/singers/Abdus%20Shakur%20Tuhin/Swopno%20Ghuri/7%20swopner%20ghuri.mp3"
"singers/Abdus Shakur Tuhin/Swopno Ghuri/8 tala al badru.mp3","https://pub-d7aa2a1ce06c45019530da0ea90f67d8.r2.dev/singers/Abdus%20Shakur%20Tuhin/Swopno%20Ghuri/8%20tala%20al%20badru.mp3"
"singers/Abdus Shakur Tuhin/Swopno Ghuri/9 ta ronger cheye.mp3","https://pub-d7aa2a1ce06c45019530da0ea90f67d8.r2.dev/singers/Abdus%20Shakur%20Tuhin/Swopno%20Ghuri/9%20ta%20ronger%20cheye.mp3"
"singers/Abdus Shakur Tuhin/akasher oi nil.mp3","https://pub-d7aa2a1ce06c45019530da0ea90f67d8.r2.dev/singers/Abdus%20Shakur%20Tuhin/akasher%20oi%20nil.mp3"
"singers/Abdus Shakur Tuhin/allahu allah.mp3","https://pub-d7aa2a1ce06c45019530da0ea90f67d8.r2.dev/singers/Abdus%20Shakur%20Tuhin/allahu%20allah.mp3"
"singers/Abdus Shakur Tuhin/bataser moto jodi.mp3","https://pub-d7aa2a1ce06c45019530da0ea90f67d8.r2.dev/singers/Abdus%20Shakur%20Tuhin/bataser%20moto%20jodi.mp3"
"singers/Abdus Shakur Tuhin/bolo mago.mp3","https://pub-d7aa2a1ce06c45019530da0ea90f67d8.r2.dev/singers/Abdus%20Shakur%20Tuhin/bolo%20mago.mp3"
"singers/Abdus Shakur Tuhin/boloto kar.mp3","https://pub-d7aa2a1ce06c45019530da0ea90f67d8.r2.dev/singers/Abdus%20Shakur%20Tuhin/boloto%20kar.mp3"
"singers/Abdus Shakur Tuhin/eso amra sobai.mp3","https://pub-d7aa2a1ce06c45019530da0ea90f67d8.r2.dev/singers/Abdus%20Shakur%20Tuhin/eso%20amra%20sobai.mp3"
"singers/Abdus Shakur Tuhin/hasna hena ful.mp3","https://pub-d7aa2a1ce06c45019530da0ea90f67d8.r2.dev/singers/Abdus%20Shakur%20Tuhin/hasna%20hena%20ful.mp3"
"singers/Abdus Shakur Tuhin/la yarhamullah.mp3","https://pub-d7aa2a1ce06c45019530da0ea90f67d8.r2.dev/singers/Abdus%20Shakur%20Tuhin/la%20yarhamullah.mp3"
"singers/Abdus Shakur Tuhin/mago ma.mp3","https://pub-d7aa2a1ce06c45019530da0ea90f67d8.r2.dev/singers/Abdus%20Shakur%20Tuhin/mago%20ma.mp3"
"singers/Abdus Shakur Tuhin/projapotir.mp3","https://pub-d7aa2a1ce06c45019530da0ea90f67d8.r2.dev/singers/Abdus%20Shakur%20Tuhin/projapotir.mp3"
"singers/Abdus Shakur Tuhin/valobaso jodi.mp3","https://pub-d7aa2a1ce06c45019530da0ea90f67d8.r2.dev/singers/Abdus%20Shakur%20Tuhin/valobaso%20jodi.mp3"
"singers/Abu Tayeb Mejbah/Alor Asha/1-amake-shunyo-kore.mp3","https://pub-d7aa2a1ce06c45019530da0ea90f67d8.r2.dev/singers/Abu%20Tayeb%20Mejbah/Alor%20Asha/1-amake-shunyo-kore.mp3"
"singers/Abu Tayeb Mejbah/Alor Asha/10-rabbi-anni.mp3","https://pub-d7aa2a1ce06c45019530da0ea90f67d8.r2.dev/singers/Abu%20Tayeb%20Mejbah/Alor%20Asha/10-rabbi-anni.mp3"
"singers/Abu Tayeb Mejbah/Alor Asha/11-takiye-dekhi-oi.mp3","https://pub-d7aa2a1ce06c45019530da0ea90f67d8.r2.dev/singers/Abu%20Tayeb%20Mejbah/Alor%20Asha/11-takiye-dekhi-oi.mp3"
"singers/Abu Tayeb Mejbah/Alor Asha/12-tor-karone-vanglo.mp3","https://pub-d7aa2a1ce06c45019530da0ea90f67d8.r2.dev/singers/Abu%20Tayeb%20Mejbah/Alor%20Asha/12-tor-karone-vanglo.mp3"
"singers/Abu Tayeb Mejbah/Alor Asha/2-dibaloke-amar.mp3","https://pub-d7aa2a1ce06c45019530da0ea90f67d8.r2.dev/singers/Abu%20Tayeb%20Mejbah/Alor%20Asha/2-dibaloke-amar.mp3"
"singers/Abu Tayeb Mejbah/Alor Asha/3-ekti-manush-chilo.mp3","https://pub-d7aa2a1ce06c45019530da0ea90f67d8.r2.dev/singers/Abu%20Tayeb%20Mejbah/Alor%20Asha/3-ekti-manush-chilo.mp3"
"singers/Abu Tayeb Mejbah/Alor Asha/4-keu-ki-kokhono.mp3","https://pub-d7aa2a1ce06c45019530da0ea90f67d8.r2.dev/singers/Abu%20Tayeb%20Mejbah/Alor%20Asha/4-keu-ki-kokhono.mp3"
"singers/Abu Tayeb Mejbah/Alor Asha/5-mago-ma.mp3","https://pub-d7aa2a1ce06c45019530da0ea90f67d8.r2.dev/singers/Abu%20Tayeb%20Mejbah/Alor%20Asha/5-mago-ma.mp3"
"singers/Abu Tayeb Mejbah/Alor Asha/6-modhyo-diner.mp3","https://pub-d7aa2a1ce06c45019530da0ea90f67d8.r2.dev/singers/Abu%20Tayeb%20Mejbah/Alor%20Asha/6-modhyo-diner.mp3"
"singers/Abu Tayeb Mejbah/Alor Asha/7-mon-pakhire.mp3","https://pub-d7aa2a1ce06c45019530da0ea90f67d8.r2.dev/singers/Abu%20Tayeb%20Mejbah/Alor%20Asha/7-mon-pakhire.mp3"
"singers/Abu Tayeb Mejbah/Alor Asha/8-nambe-adhar.mp3","https://pub-d7aa2a1ce06c45019530da0ea90f67d8.r2.dev/singers/Abu%20Tayeb%20Mejbah/Alor%20Asha/8-nambe-adhar.mp3"
"singers/Abu Tayeb Mejbah/Alor Asha/9-oshru-zodi-ase.mp3","https://pub-d7aa2a1ce06c45019530da0ea90f67d8.r2.dev/singers/Abu%20Tayeb%20Mejbah/Alor%20Asha/9-oshru-zodi-ase.mp3"
"singers/Abu Tayeb Mejbah/Alor Asha/AlbumArtSmall.jpg","https://pub-d7aa2a1ce06c45019530da0ea90f67d8.r2.dev/singers/Abu%20Tayeb%20Mejbah/Alor%20Asha/AlbumArtSmall.jpg"
"singers/Abu Tayeb Mejbah/Alor Asha/Folder.jpg","https://pub-d7aa2a1ce06c45019530da0ea90f67d8.r2.dev/singers/Abu%20Tayeb%20Mejbah/Alor%20Asha/Folder.jpg"
"singers/Abu Tayeb Mejbah/din_chole_zay.mp3","https://pub-d7aa2a1ce06c45019530da0ea90f67d8.r2.dev/singers/Abu%20Tayeb%20Mejbah/din_chole_zay.mp3"
"singers/Abu Tayeb Mejbah/manu_oilana.mp3","https://pub-d7aa2a1ce06c45019530da0ea90f67d8.r2.dev/singers/Abu%20Tayeb%20Mejbah/manu_oilana.mp3"
"singers/Abu Tayeb Mejbah/miju_surer_ahwban.mp3","https://pub-d7aa2a1ce06c45019530da0ea90f67d8.r2.dev/singers/Abu%20Tayeb%20Mejbah/miju_surer_ahwban.mp3"
"singers/Abu Tayeb Mejbah/o_nodire_tor_karone.mp3","https://pub-d7aa2a1ce06c45019530da0ea90f67d8.r2.dev/singers/Abu%20Tayeb%20Mejbah/o_nodire_tor_karone.mp3"
"singers/Abu Tayeb Mejbah/ogo_jonak_jwola.mp3","https://pub-d7aa2a1ce06c45019530da0ea90f67d8.r2.dev/singers/Abu%20Tayeb%20Mejbah/ogo_jonak_jwola.mp3"
"singers/Abu Tayeb Mejbah/quraner_banite_ki_ze_modhu.mp3","https://pub-d7aa2a1ce06c45019530da0ea90f67d8.r2.dev/singers/Abu%20Tayeb%20Mejbah/quraner_banite_ki_ze_modhu.mp3"
"singers/Abu Tayeb Mejbah/tumi-chaileo.mp3","https://pub-d7aa2a1ce06c45019530da0ea90f67d8.r2.dev/singers/Abu%20Tayeb%20Mejbah/tumi-chaileo.mp3"
"singers/Abu Tayeb Mejbah/tumi_rater_vetor.mp3","https://pub-d7aa2a1ce06c45019530da0ea90f67d8.r2.dev/singers/Abu%20Tayeb%20Mejbah/tumi_rater_vetor.mp3"
"singers/Abul Kashem/Jazba/০০.শুরুর কথা.mp3","https://pub-d7aa2a1ce06c45019530da0ea90f67d8.r2.dev/singers/Abul%20Kashem/Jazba/০০.শুরুর%20কথা.mp3"
"singers/Abul Kashem/Jazba/০১.আমি কি জায়নামাজে.mp3","https://pub-d7aa2a1ce06c45019530da0ea90f67d8.r2.dev/singers/Abul%20Kashem/Jazba/০১.আমি%20কি%20জায়নামাজে.mp3"
"singers/Abul Kashem/Jazba/০২.নবীজী আমার.mp3","https://pub-d7aa2a1ce06c45019530da0ea90f67d8.r2.dev/singers/Abul%20Kashem/Jazba/০২.নবীজী%20আমার.mp3"
"singers/Abul Kashem/Jazba/০৩. কু আনফুসাকুম.mp3","https://pub-d7aa2a1ce06c45019530da0ea90f67d8.r2.dev/singers/Abul%20Kashem/Jazba/০৩.%20কু%20আনফুসাকুম.mp3"
"singers/Abul Kashem/Jazba/০৪.তুমি কি ঈমান এনেছ.mp3","https://pub-d7aa2a1ce06c45019530da0ea90f67d8.r2.dev/singers/Abul%20Kashem/Jazba/০৪.তুমি%20কি%20ঈমান%20এনেছ.mp3"
"singers/Abul Kashem/Jazba/০৫. দমে দমে প্রতি দমে.mp3","https://pub-d7aa2a1ce06c45019530da0ea90f67d8.r2.dev/singers/Abul%20Kashem/Jazba/০৫.%20দমে%20দমে%20প্রতি%20দমে.mp3"
"singers/Abul Kashem/Jazba/০৬.  Allah Love Too.mp3","https://pub-d7aa2a1ce06c45019530da0ea90f67d8.r2.dev/singers/Abul%20Kashem/Jazba/০৬.%20%20Allah%20Love%20Too.mp3"
"singers/Abul Kashem/Jazba/০৭. তা’মুরুনা বিল মারুফি.mp3","https://pub-d7aa2a1ce06c45019530da0ea90f67d8.r2.dev/singers/Abul%20Kashem/Jazba/০৭.%20তা’মুরুনা%20বিল%20মারুফি.mp3"
"singers/Abul Kashem/Jazba/০৮. ও আমার আল্লাহ.mp3","https://pub-d7aa2a1ce06c45019530da0ea90f67d8.r2.dev/singers/Abul%20Kashem/Jazba/০৮.%20ও%20আমার%20আল্লাহ.mp3"
"singers/Abul Kashem/Jazba/০৯. চারিদিকে জ্বলছে আগুন.mp3","https://pub-d7aa2a1ce06c45019530da0ea90f67d8.r2.dev/singers/Abul%20Kashem/Jazba/০৯.%20চারিদিকে%20জ্বলছে%20আগুন.mp3"
"singers/Abul Kashem/Jazba/১০. Save Mujahid.mp3","https://pub-d7aa2a1ce06c45019530da0ea90f67d8.r2.dev/singers/Abul%20Kashem/Jazba/১০.%20Save%20Mujahid.mp3"
"singers/Abul Kashem/Jazba/১১. স্বয়ং নিজে বুঝে বুঝে.mp3","https://pub-d7aa2a1ce06c45019530da0ea90f67d8.r2.dev/singers/Abul%20Kashem/Jazba/১১.%20স্বয়ং%20নিজে%20বুঝে%20বুঝে.mp3"
"singers/Abul Kashem/Jazba/১২. এই পৃথিবী ও তার সব সম্পদ.mp3","https://pub-d7aa2a1ce06c45019530da0ea90f67d8.r2.dev/singers/Abul%20Kashem/Jazba/১২.%20এই%20পৃথিবী%20ও%20তার%20সব%20সম্পদ.mp3"
"singers/Abul Kashem/Jazba/১৩. শহীদী মরণ আমায় দাও দয়াময়.mp3","https://pub-d7aa2a1ce06c45019530da0ea90f67d8.r2.dev/singers/Abul%20Kashem/Jazba/১৩.%20শহীদী%20মরণ%20আমায়%20দাও%20দয়াময়.mp3"
"singers/Abul Kashem/Jazba/১৪. ওয়া’তাছিমু বি হাবলিল্লাহ জামিয়াও.mp3","https://pub-d7aa2a1ce06c45019530da0ea90f67d8.r2.dev/singers/Abul%20Kashem/Jazba/১৪.%20ওয়া’তাছিমু%20বি%20হাবলিল্লাহ%20জামিয়াও.mp3"
"singers/Abul Kashem/Jazba/১৫.  শেষ কথা.mp3","https://pub-d7aa2a1ce06c45019530da0ea90f67d8.r2.dev/singers/Abul%20Kashem/Jazba/১৫.%20%20শেষ%20কথা.mp3"
"singers/Abul Kashem/Parody Gaan/1-amar-doyal-Allahre.mp3","https://pub-d7aa2a1ce06c45019530da0ea90f67d8.r2.dev/singers/Abul%20Kashem/Parody%20Gaan/1-amar-doyal-Allahre.mp3"
"singers/Abul Kashem/Parody Gaan/2-mamu-vaginar-karbar.mp3","https://pub-d7aa2a1ce06c45019530da0ea90f67d8.r2.dev/singers/Abul%20Kashem/Parody%20Gaan/2-mamu-vaginar-karbar.mp3"
"singers/Abul Kashem/Parody Gaan/3-duniar-golok-dhandha.mp3","https://pub-d7aa2a1ce06c45019530da0ea90f67d8.r2.dev/singers/Abul%20Kashem/Parody%20Gaan/3-duniar-golok-dhandha.mp3"
"singers/Abul Kashem/Parody Gaan/4-sadher-sukh-pakhi.mp3","https://pub-d7aa2a1ce06c45019530da0ea90f67d8.r2.dev/singers/Abul%20Kashem/Parody%20Gaan/4-sadher-sukh-pakhi.mp3"
"singers/Abul Kashem/Parody Gaan/5-pran-diachen-zini-amare.mp3","https://pub-d7aa2a1ce06c45019530da0ea90f67d8.r2.dev/singers/Abul%20Kashem/Parody%20Gaan/5-pran-diachen-zini-amare.mp3"
"singers/Abul Kashem/Parody Gaan/6-ore-miche-mayay.mp3","https://pub-d7aa2a1ce06c45019530da0ea90f67d8.r2.dev/singers/Abul%20Kashem/Parody%20Gaan/6-ore-miche-mayay.mp3"
"singers/Abul Kashem/ailore dish.mp3","https://pub-d7aa2a1ce06c45019530da0ea90f67d8.r2.dev/singers/Abul%20Kashem/ailore%20dish.mp3"
"singers/Abul Kashem/ajker prithibite.mp3","https://pub-d7aa2a1ce06c45019530da0ea90f67d8.r2.dev/singers/Abul%20Kashem/ajker%20prithibite.mp3"
"singers/Abul Kashem/al quraner soinikera.mp3","https://pub-d7aa2a1ce06c45019530da0ea90f67d8.r2.dev/singers/Abul%20Kashem/al%20quraner%20soinikera.mp3"
"singers/Abul Kashem/allah tumi chara.mp3","https://pub-d7aa2a1ce06c45019530da0ea90f67d8.r2.dev/singers/Abul%20Kashem/allah%20tumi%20chara.mp3"
"singers/Abul Kashem/allahr voy rakhle.mp3","https://pub-d7aa2a1ce06c45019530da0ea90f67d8.r2.dev/singers/Abul%20Kashem/allahr%20voy%20rakhle.mp3"
"singers/Abul Kashem/ami bolbo ki somajer.mp3","https://pub-d7aa2a1ce06c45019530da0ea90f67d8.r2.dev/singers/Abul%20Kashem/ami%20bolbo%20ki%20somajer.mp3"
"singers/Abul Kashem/ami bolbo ki somoajr kotha 2.mp3","https://pub-d7aa2a1ce06c45019530da0ea90f67d8.r2.dev/singers/Abul%20Kashem/ami%20bolbo%20ki%20somoajr%20kotha%202.mp3"
"singers/Abul Kashem/bibeker kache.mp3","https://pub-d7aa2a1ce06c45019530da0ea90f67d8.r2.dev/singers/Abul%20Kashem/bibeker%20kache.mp3"
"singers/Abul Kashem/chand kovu bole na.mp3","https://pub-d7aa2a1ce06c45019530da0ea90f67d8.r2.dev/singers/Abul%20Kashem/chand%20kovu%20bole%20na.mp3"
"singers/Abul Kashem/chokh mudilei.mp3","https://pub-d7aa2a1ce06c45019530da0ea90f67d8.r2.dev/singers/Abul%20Kashem/chokh%20mudilei.mp3"
"singers/Abul Kashem/cholo vangte.mp3","https://pub-d7aa2a1ce06c45019530da0ea90f67d8.r2.dev/singers/Abul%20Kashem/cholo%20vangte.mp3"
"singers/Abul Kashem/deshe bidyut nai.mp3","https://pub-d7aa2a1ce06c45019530da0ea90f67d8.r2.dev/singers/Abul%20Kashem/deshe%20bidyut%20nai.mp3"
"singers/Abul Kashem/din zay mas zay.mp3","https://pub-d7aa2a1ce06c45019530da0ea90f67d8.r2.dev/singers/Abul%20Kashem/din%20zay%20mas%20zay.mp3"
"singers/Abul Kashem/e songsar mayer moton.mp3","https://pub-d7aa2a1ce06c45019530da0ea90f67d8.r2.dev/singers/Abul%20Kashem/e%20songsar%20mayer%20moton.mp3"
"singers/Abul Kashem/ei ki narir.mp3","https://pub-d7aa2a1ce06c45019530da0ea90f67d8.r2.dev/singers/Abul%20Kashem/ei%20ki%20narir.mp3"
"singers/Abul Kashem/ei sujola sufola.mp3","https://pub-d7aa2a1ce06c45019530da0ea90f67d8.r2.dev/singers/Abul%20Kashem/ei%20sujola%20sufola.mp3"
"singers/Abul Kashem/ei-jibon-to-thakbe-na.mp3","https://pub-d7aa2a1ce06c45019530da0ea90f67d8.r2.dev/singers/Abul%20Kashem/ei-jibon-to-thakbe-na.mp3"
"singers/Abul Kashem/ekti kolyan rastrer.mp3","https://pub-d7aa2a1ce06c45019530da0ea90f67d8.r2.dev/singers/Abul%20Kashem/ekti%20kolyan%20rastrer.mp3"
"singers/Abul Kashem/emon ekti somajer.mp3","https://pub-d7aa2a1ce06c45019530da0ea90f67d8.r2.dev/singers/Abul%20Kashem/emon%20ekti%20somajer.mp3"
"singers/Abul Kashem/emon jibon koro.mp3","https://pub-d7aa2a1ce06c45019530da0ea90f67d8.r2.dev/singers/Abul%20Kashem/emon%20jibon%20koro.mp3"
"singers/Abul Kashem/futpathe pore thaka.mp3","https://pub-d7aa2a1ce06c45019530da0ea90f67d8.r2.dev/singers/Abul%20Kashem/futpathe%20pore%20thaka.mp3"
"singers/Abul Kashem/hayre akash kande.mp3","https://pub-d7aa2a1ce06c45019530da0ea90f67d8.r2.dev/singers/Abul%20Kashem/hayre%20akash%20kande.mp3"
"singers/Abul Kashem/he-namaji-somaj.mp3","https://pub-d7aa2a1ce06c45019530da0ea90f67d8.r2.dev/singers/Abul%20Kashem/he-namaji-somaj.mp3"
"singers/Abul Kashem/jiboner khelaghor.mp3","https://pub-d7aa2a1ce06c45019530da0ea90f67d8.r2.dev/singers/Abul%20Kashem/jiboner%20khelaghor.mp3"
"singers/Abul Kashem/jiboner shrestho.mp3","https://pub-d7aa2a1ce06c45019530da0ea90f67d8.r2.dev/singers/Abul%20Kashem/jiboner%20shrestho.mp3"
"singers/Abul Kashem/mamu khalu.mp3","https://pub-d7aa2a1ce06c45019530da0ea90f67d8.r2.dev/singers/Abul%20Kashem/mamu%20khalu.mp3"
"singers/Abul Kashem/parody song.mp3","https://pub-d7aa2a1ce06c45019530da0ea90f67d8.r2.dev/singers/Abul%20Kashem/parody%20song.mp3"
"singers/Abul Kashem/shduhu aynate.mp3","https://pub-d7aa2a1ce06c45019530da0ea90f67d8.r2.dev/singers/Abul%20Kashem/shduhu%20aynate.mp3"
"singers/Abul Kashem/shono moharaj.mp3","https://pub-d7aa2a1ce06c45019530da0ea90f67d8.r2.dev/singers/Abul%20Kashem/shono%20moharaj.mp3"
"singers/Al amin sayem/01provu tomar.mp3","https://pub-d7aa2a1ce06c45019530da0ea90f67d8.r2.dev/singers/Al%20amin%20sayem/01provu%20tomar.mp3"
"singers/Al amin sayem/02namlo dhoray.mp3","https://pub-d7aa2a1ce06c45019530da0ea90f67d8.r2.dev/singers/Al%20amin%20sayem/02namlo%20dhoray.mp3"
"singers/Al amin sayem/03gorvo koris na.mp3","https://pub-d7aa2a1ce06c45019530da0ea90f67d8.r2.dev/singers/Al%20amin%20sayem/03gorvo%20koris%20na.mp3"
"singers/Al amin sayem/04ke zete chay.mp3","https://pub-d7aa2a1ce06c45019530da0ea90f67d8.r2.dev/singers/Al%20amin%20sayem/04ke%20zete%20chay.mp3"
"singers/Al amin sayem/05doyel kokil.mp3","https://pub-d7aa2a1ce06c45019530da0ea90f67d8.r2.dev/singers/Al%20amin%20sayem/05doyel%20kokil.mp3"
"singers/Al amin sayem/06provu tomar-duniyate.mp3","https://pub-d7aa2a1ce06c45019530da0ea90f67d8.r2.dev/singers/Al%20amin%20sayem/06provu%20tomar-duniyate.mp3"
"singers/Al amin sayem/07emon desh.mp3","https://pub-d7aa2a1ce06c45019530da0ea90f67d8.r2.dev/singers/Al%20amin%20sayem/07emon%20desh.mp3"
"singers/Al amin sayem/08o amar desh.mp3","https://pub-d7aa2a1ce06c45019530da0ea90f67d8.r2.dev/singers/Al%20amin%20sayem/08o%20amar%20desh.mp3"
"singers/Al amin sayem/09mago ami.mp3","https://pub-d7aa2a1ce06c45019530da0ea90f67d8.r2.dev/singers/Al%20amin%20sayem/09mago%20ami.mp3"
"singers/Al amin sayem/10fuler ghrane.mp3","https://pub-d7aa2a1ce06c45019530da0ea90f67d8.r2.dev/singers/Al%20amin%20sayem/10fuler%20ghrane.mp3"
"singers/Al amin sayem/11majhire.mp3","https://pub-d7aa2a1ce06c45019530da0ea90f67d8.r2.dev/singers/Al%20amin%20sayem/11majhire.mp3"
"singers/Amirul Momenin Manik/Shuvro kobutor - 2/gaaner-ontora-zodi.mp3","https://pub-d7aa2a1ce06c45019530da0ea90f67d8.r2.dev/singers/Amirul%20Momenin%20Manik/Shuvro%20kobutor%20-%202/gaaner-ontora-zodi.mp3"
"singers/Amirul Momenin Manik/Shuvro kobutor - 2/golpo-boli-ek.mp3","https://pub-d7aa2a1ce06c45019530da0ea90f67d8.r2.dev/singers/Amirul%20Momenin%20Manik/Shuvro%20kobutor%20-%202/golpo-boli-ek.mp3"
"singers/Amirul Momenin Manik/Shuvro kobutor - 2/jhikimiki-chondro-tara.mp3","https://pub-d7aa2a1ce06c45019530da0ea90f67d8.r2.dev/singers/Amirul%20Momenin%20Manik/Shuvro%20kobutor%20-%202/jhikimiki-chondro-tara.mp3"
"singers/Amirul Momenin Manik/Shuvro kobutor - 2/jibone-cholar-pothe.mp3","https://pub-d7aa2a1ce06c45019530da0ea90f67d8.r2.dev/singers/Amirul%20Momenin%20Manik/Shuvro%20kobutor%20-%202/jibone-cholar-pothe.mp3"
"singers/Amirul Momenin Manik/Shuvro kobutor - 2/ki-oporup-rupe.mp3","https://pub-d7aa2a1ce06c45019530da0ea90f67d8.r2.dev/singers/Amirul%20Momenin%20Manik/Shuvro%20kobutor%20-%202/ki-oporup-rupe.mp3"
"singers/Amirul Momenin Manik/Shuvro kobutor - 2/kobi-forrukh-ar.mp3","https://pub-d7aa2a1ce06c45019530da0ea90f67d8.r2.dev/singers/Amirul%20Momenin%20Manik/Shuvro%20kobutor%20-%202/kobi-forrukh-ar.mp3"
"singers/Amirul Momenin Manik/Shuvro kobutor - 2/kothay-na-boro.mp3","https://pub-d7aa2a1ce06c45019530da0ea90f67d8.r2.dev/singers/Amirul%20Momenin%20Manik/Shuvro%20kobutor%20-%202/kothay-na-boro.mp3"
"singers/Amirul Momenin Manik/Shuvro kobutor - 2/nana-rokom-kothar.mp3","https://pub-d7aa2a1ce06c45019530da0ea90f67d8.r2.dev/singers/Amirul%20Momenin%20Manik/Shuvro%20kobutor%20-%202/nana-rokom-kothar.mp3"
"singers/Amirul Momenin Manik/Shuvro kobutor - 2/oi-surjo-ki-bolte-pare.mp3","https://pub-d7aa2a1ce06c45019530da0ea90f67d8.r2.dev/singers/Amirul%20Momenin%20Manik/Shuvro%20kobutor%20-%202/oi-surjo-ki-bolte-pare.mp3"
"singers/Amirul Momenin Manik/Shuvro kobutor - 2/tomar-prithibi-zodi.mp3","https://pub-d7aa2a1ce06c45019530da0ea90f67d8.r2.dev/singers/Amirul%20Momenin%20Manik/Shuvro%20kobutor%20-%202/tomar-prithibi-zodi.mp3"
"singers/Children/ekti_pakhi_boslo.mp3","https://pub-d7aa2a1ce06c45019530da0ea90f67d8.r2.dev/singers/Children/ekti_pakhi_boslo.mp3"
"singers/Children/ore-nishio-gondha.amr","https://pub-d7aa2a1ce06c45019530da0ea90f67d8.r2.dev/singers/Children/ore-nishio-gondha.amr"
"singers/Children/porer jonne.amr","https://pub-d7aa2a1ce06c45019530da0ea90f67d8.r2.dev/singers/Children/porer%20jonne.amr"
"singers/Children/shurjo-mama-o-amar.amr","https://pub-d7aa2a1ce06c45019530da0ea90f67d8.r2.dev/singers/Children/shurjo-mama-o-amar.amr"
"singers/Didarul/zodi kotha dao didarul.mp3","https://pub-d7aa2a1ce06c45019530da0ea90f67d8.r2.dev/singers/Didarul/zodi%20kotha%20dao%20didarul.mp3"
"singers/Gazi Anas/ekdin-tomari-nam.mp3","https://pub-d7aa2a1ce06c45019530da0ea90f67d8.r2.dev/singers/Gazi%20Anas/ekdin-tomari-nam.mp3"
"singers/Hasnahena/Alor Moshal/01. Allah Ke Jara Bhule Gechhe.mp3","https://pub-d7aa2a1ce06c45019530da0ea90f67d8.r2.dev/singers/Hasnahena/Alor%20Moshal/01.%20Allah%20Ke%20Jara%20Bhule%20Gechhe.mp3"
"singers/Hasnahena/Alor Moshal/02. Alor Moshal Jalo Adhar Raate.mp3","https://pub-d7aa2a1ce06c45019530da0ea90f67d8.r2.dev/singers/Hasnahena/Alor%20Moshal/02.%20Alor%20Moshal%20Jalo%20Adhar%20Raate.mp3"
"singers/Hasnahena/Alor Moshal/03. Ei Brishti Brishti Bheja Mishti Mishti Shur.mp3","https://pub-d7aa2a1ce06c45019530da0ea90f67d8.r2.dev/singers/Hasnahena/Alor%20Moshal/03.%20Ei%20Brishti%20Brishti%20Bheja%20Mishti%20Mishti%20Shur.mp3"
"singers/Hasnahena/Alor Moshal/04. Ei Dunia Ke Koto Kore Shajiyechhe.mp3","https://pub-d7aa2a1ce06c45019530da0ea90f67d8.r2.dev/singers/Hasnahena/Alor%20Moshal/04.%20Ei%20Dunia%20Ke%20Koto%20Kore%20Shajiyechhe.mp3"
"singers/Hasnahena/Alor Moshal/05. Emon Bondhu Ke Achhe.mp3","https://pub-d7aa2a1ce06c45019530da0ea90f67d8.r2.dev/singers/Hasnahena/Alor%20Moshal/05.%20Emon%20Bondhu%20Ke%20Achhe.mp3"
"singers/Hasnahena/Alor Moshal/06. Emon Jodi Hoy Hotath Kore Hariye Pheli.mp3","https://pub-d7aa2a1ce06c45019530da0ea90f67d8.r2.dev/singers/Hasnahena/Alor%20Moshal/06.%20Emon%20Jodi%20Hoy%20Hotath%20Kore%20Hariye%20Pheli.mp3"
"singers/Hasnahena/Alor Moshal/07. Hey Manush Tumi Shunte Thako.mp3","https://pub-d7aa2a1ce06c45019530da0ea90f67d8.r2.dev/singers/Hasnahena/Alor%20Moshal/07.%20Hey%20Manush%20Tumi%20Shunte%20Thako.mp3"
"singers/Hasnahena/Alor Moshal/08. Hridoyer Kotha Ami Bolbo Kake.mp3","https://pub-d7aa2a1ce06c45019530da0ea90f67d8.r2.dev/singers/Hasnahena/Alor%20Moshal/08.%20Hridoyer%20Kotha%20Ami%20Bolbo%20Kake.mp3"
"singers/Hasnahena/Alor Moshal/09. Kon Shey Pokay Korechhe Binash.mp3","https://pub-d7aa2a1ce06c45019530da0ea90f67d8.r2.dev/singers/Hasnahena/Alor%20Moshal/09.%20Kon%20Shey%20Pokay%20Korechhe%20Binash.mp3"
"singers/Hasnahena/Alor Moshal/10. Nijeder Boley Jara Buddhijibi.mp3","https://pub-d7aa2a1ce06c45019530da0ea90f67d8.r2.dev/singers/Hasnahena/Alor%20Moshal/10.%20Nijeder%20Boley%20Jara%20Buddhijibi.mp3"
"singers/Hasnahena/Alor Moshal/11. Taofik Dao Hey Malik.mp3","https://pub-d7aa2a1ce06c45019530da0ea90f67d8.r2.dev/singers/Hasnahena/Alor%20Moshal/11.%20Taofik%20Dao%20Hey%20Malik.mp3"
"singers/Hasnahena/Bolo Raja Ke Tomar/01. Amanot Kheyanot Korona.mp3","https://pub-d7aa2a1ce06c45019530da0ea90f67d8.r2.dev/singers/Hasnahena/Bolo%20Raja%20Ke%20Tomar/01.%20Amanot%20Kheyanot%20Korona.mp3"
"singers/Hasnahena/Bolo Raja Ke Tomar/02. Amar E Gaan Ami Likhi.mp3","https://pub-d7aa2a1ce06c45019530da0ea90f67d8.r2.dev/singers/Hasnahena/Bolo%20Raja%20Ke%20Tomar/02.%20Amar%20E%20Gaan%20Ami%20Likhi.mp3"
"singers/Hasnahena/Bolo Raja Ke Tomar/03. Amar Ek Porshi Chilo.mp3","https://pub-d7aa2a1ce06c45019530da0ea90f67d8.r2.dev/singers/Hasnahena/Bolo%20Raja%20Ke%20Tomar/03.%20Amar%20Ek%20Porshi%20Chilo.mp3"
"singers/Hasnahena/Bolo Raja Ke Tomar/04. Bolo Raja Ke Tomar.mp3","https://pub-d7aa2a1ce06c45019530da0ea90f67d8.r2.dev/singers/Hasnahena/Bolo%20Raja%20Ke%20Tomar/04.%20Bolo%20Raja%20Ke%20Tomar.mp3"
"singers/Hasnahena/Bolo Raja Ke Tomar/05. Ek Dui Teen Kore.mp3","https://pub-d7aa2a1ce06c45019530da0ea90f67d8.r2.dev/singers/Hasnahena/Bolo%20Raja%20Ke%20Tomar/05.%20Ek%20Dui%20Teen%20Kore.mp3"
"singers/Hasnahena/Bolo Raja Ke Tomar/06. Jhiri Jhiri Hawa.mp3","https://pub-d7aa2a1ce06c45019530da0ea90f67d8.r2.dev/singers/Hasnahena/Bolo%20Raja%20Ke%20Tomar/06.%20Jhiri%20Jhiri%20Hawa.mp3"
"singers/Hasnahena/Bolo Raja Ke Tomar/07. Jini Tomay Srishty Korechen.mp3","https://pub-d7aa2a1ce06c45019530da0ea90f67d8.r2.dev/singers/Hasnahena/Bolo%20Raja%20Ke%20Tomar/07.%20Jini%20Tomay%20Srishty%20Korechen.mp3"
"singers/Hasnahena/Bolo Raja Ke Tomar/08. Mora Bhaiyer Goshto Khete.mp3","https://pub-d7aa2a1ce06c45019530da0ea90f67d8.r2.dev/singers/Hasnahena/Bolo%20Raja%20Ke%20Tomar/08.%20Mora%20Bhaiyer%20Goshto%20Khete.mp3"
"singers/Hasnahena/Bolo Raja Ke Tomar/09. Shono Amar Phooler Moto.mp3","https://pub-d7aa2a1ce06c45019530da0ea90f67d8.r2.dev/singers/Hasnahena/Bolo%20Raja%20Ke%20Tomar/09.%20Shono%20Amar%20Phooler%20Moto.mp3"
"singers/Hasnahena/Bolo Raja Ke Tomar/10. Shotto Kotha Bolar Moto.mp3","https://pub-d7aa2a1ce06c45019530da0ea90f67d8.r2.dev/singers/Hasnahena/Bolo%20Raja%20Ke%20Tomar/10.%20Shotto%20Kotha%20Bolar%20Moto.mp3"
"singers/Hasnahena/Bolo Raja Ke Tomar/AlbumArtSmall.jpg","https://pub-d7aa2a1ce06c45019530da0ea90f67d8.r2.dev/singers/Hasnahena/Bolo%20Raja%20Ke%20Tomar/AlbumArtSmall.jpg"
"singers/Hasnahena/Bolo Raja Ke Tomar/Folder.jpg","https://pub-d7aa2a1ce06c45019530da0ea90f67d8.r2.dev/singers/Hasnahena/Bolo%20Raja%20Ke%20Tomar/Folder.jpg"
"singers/Hasnahena/Hijol Boner Pakhi/1 Bagane Koto Koto.mp3","https://pub-d7aa2a1ce06c45019530da0ea90f67d8.r2.dev/singers/Hasnahena/Hijol%20Boner%20Pakhi/1%20Bagane%20Koto%20Koto.mp3"
"singers/Hasnahena/Hijol Boner Pakhi/10 Nodir Tire Bosot .mp3","https://pub-d7aa2a1ce06c45019530da0ea90f67d8.r2.dev/singers/Hasnahena/Hijol%20Boner%20Pakhi/10%20Nodir%20Tire%20Bosot%20.mp3"
"singers/Hasnahena/Hijol Boner Pakhi/11 Ore Nishigondha.mp3","https://pub-d7aa2a1ce06c45019530da0ea90f67d8.r2.dev/singers/Hasnahena/Hijol%20Boner%20Pakhi/11%20Ore%20Nishigondha.mp3"
"singers/Hasnahena/Hijol Boner Pakhi/12 Padma Nodi Parer Moto.mp3","https://pub-d7aa2a1ce06c45019530da0ea90f67d8.r2.dev/singers/Hasnahena/Hijol%20Boner%20Pakhi/12%20Padma%20Nodi%20Parer%20Moto.mp3"
"singers/Hasnahena/Hijol Boner Pakhi/13 Sahos Buke Rakho.mp3","https://pub-d7aa2a1ce06c45019530da0ea90f67d8.r2.dev/singers/Hasnahena/Hijol%20Boner%20Pakhi/13%20Sahos%20Buke%20Rakho.mp3"
"singers/Hasnahena/Hijol Boner Pakhi/14 Salate Boslo Na Mon.mp3","https://pub-d7aa2a1ce06c45019530da0ea90f67d8.r2.dev/singers/Hasnahena/Hijol%20Boner%20Pakhi/14%20Salate%20Boslo%20Na%20Mon.mp3"
"singers/Hasnahena/Hijol Boner Pakhi/15 Sei Songrami .mp3","https://pub-d7aa2a1ce06c45019530da0ea90f67d8.r2.dev/singers/Hasnahena/Hijol%20Boner%20Pakhi/15%20Sei%20Songrami%20.mp3"
"singers/Hasnahena/Hijol Boner Pakhi/2 Chalta Patar.mp3","https://pub-d7aa2a1ce06c45019530da0ea90f67d8.r2.dev/singers/Hasnahena/Hijol%20Boner%20Pakhi/2%20Chalta%20Patar.mp3"
"singers/Hasnahena/Hijol Boner Pakhi/3 Chhoto Pakhi Thote Tar.mp3","https://pub-d7aa2a1ce06c45019530da0ea90f67d8.r2.dev/singers/Hasnahena/Hijol%20Boner%20Pakhi/3%20Chhoto%20Pakhi%20Thote%20Tar.mp3"
"singers/Hasnahena/Hijol Boner Pakhi/4 Dinta Jeno Momer.mp3","https://pub-d7aa2a1ce06c45019530da0ea90f67d8.r2.dev/singers/Hasnahena/Hijol%20Boner%20Pakhi/4%20Dinta%20Jeno%20Momer.mp3"
"singers/Hasnahena/Hijol Boner Pakhi/5 He Meherban.mp3","https://pub-d7aa2a1ce06c45019530da0ea90f67d8.r2.dev/singers/Hasnahena/Hijol%20Boner%20Pakhi/5%20He%20Meherban.mp3"
"singers/Hasnahena/Hijol Boner Pakhi/6 holde danar.mp3","https://pub-d7aa2a1ce06c45019530da0ea90f67d8.r2.dev/singers/Hasnahena/Hijol%20Boner%20Pakhi/6%20holde%20danar.mp3"
"singers/Hasnahena/Hijol Boner Pakhi/7 Jagroto Chharo Ghum.mp3","https://pub-d7aa2a1ce06c45019530da0ea90f67d8.r2.dev/singers/Hasnahena/Hijol%20Boner%20Pakhi/7%20Jagroto%20Chharo%20Ghum.mp3"
"singers/Hasnahena/Hijol Boner Pakhi/8 Kornophuli Kornophuli.mp3","https://pub-d7aa2a1ce06c45019530da0ea90f67d8.r2.dev/singers/Hasnahena/Hijol%20Boner%20Pakhi/8%20Kornophuli%20Kornophuli.mp3"
"singers/Hasnahena/Hijol Boner Pakhi/9 Nil Chhatata.mp3","https://pub-d7aa2a1ce06c45019530da0ea90f67d8.r2.dev/singers/Hasnahena/Hijol%20Boner%20Pakhi/9%20Nil%20Chhatata.mp3"
"singers/Hasnahena/Niyom Moto Cholo/1-fota-ful-oli.mp3","https://pub-d7aa2a1ce06c45019530da0ea90f67d8.r2.dev/singers/Hasnahena/Niyom%20Moto%20Cholo/1-fota-ful-oli.mp3"
"singers/Hasnahena/Niyom Moto Cholo/10-rater-kole-ghum.mp3","https://pub-d7aa2a1ce06c45019530da0ea90f67d8.r2.dev/singers/Hasnahena/Niyom%20Moto%20Cholo/10-rater-kole-ghum.mp3"
"singers/Hasnahena/Niyom Moto Cholo/11-rasul-bolen-purno.mp3","https://pub-d7aa2a1ce06c45019530da0ea90f67d8.r2.dev/singers/Hasnahena/Niyom%20Moto%20Cholo/11-rasul-bolen-purno.mp3"
"singers/Hasnahena/Niyom Moto Cholo/12-holud-shari-pore.mp3","https://pub-d7aa2a1ce06c45019530da0ea90f67d8.r2.dev/singers/Hasnahena/Niyom%20Moto%20Cholo/12-holud-shari-pore.mp3"
"singers/Hasnahena/Niyom Moto Cholo/13-ki-niye-aj-gorbo.mp3","https://pub-d7aa2a1ce06c45019530da0ea90f67d8.r2.dev/singers/Hasnahena/Niyom%20Moto%20Cholo/13-ki-niye-aj-gorbo.mp3"
"singers/Hasnahena/Niyom Moto Cholo/14-surjo-uthar-age.mp3","https://pub-d7aa2a1ce06c45019530da0ea90f67d8.r2.dev/singers/Hasnahena/Niyom%20Moto%20Cholo/14-surjo-uthar-age.mp3"
"singers/Hasnahena/Niyom Moto Cholo/15-porer-jonyo-korle.mp3","https://pub-d7aa2a1ce06c45019530da0ea90f67d8.r2.dev/singers/Hasnahena/Niyom%20Moto%20Cholo/15-porer-jonyo-korle.mp3"
"singers/Hasnahena/Niyom Moto Cholo/16-nijer-danta-nijei.mp3","https://pub-d7aa2a1ce06c45019530da0ea90f67d8.r2.dev/singers/Hasnahena/Niyom%20Moto%20Cholo/16-nijer-danta-nijei.mp3"
"singers/Hasnahena/Niyom Moto Cholo/17-ushor-dhoray-ele.mp3","https://pub-d7aa2a1ce06c45019530da0ea90f67d8.r2.dev/singers/Hasnahena/Niyom%20Moto%20Cholo/17-ushor-dhoray-ele.mp3"
"singers/Hasnahena/Niyom Moto Cholo/2-niyom-moto-cholar.mp3","https://pub-d7aa2a1ce06c45019530da0ea90f67d8.r2.dev/singers/Hasnahena/Niyom%20Moto%20Cholo/2-niyom-moto-cholar.mp3"
"singers/Hasnahena/Niyom Moto Cholo/3-gali-diye-kotha.mp3","https://pub-d7aa2a1ce06c45019530da0ea90f67d8.r2.dev/singers/Hasnahena/Niyom%20Moto%20Cholo/3-gali-diye-kotha.mp3"
"singers/Hasnahena/Niyom Moto Cholo/4-swadhinota-enechi.mp3","https://pub-d7aa2a1ce06c45019530da0ea90f67d8.r2.dev/singers/Hasnahena/Niyom%20Moto%20Cholo/4-swadhinota-enechi.mp3"
"singers/Hasnahena/Niyom Moto Cholo/5-brihti-mukhor.mp3","https://pub-d7aa2a1ce06c45019530da0ea90f67d8.r2.dev/singers/Hasnahena/Niyom%20Moto%20Cholo/5-brihti-mukhor.mp3"
"singers/Hasnahena/Niyom Moto Cholo/6-nojrana-dei.mp3","https://pub-d7aa2a1ce06c45019530da0ea90f67d8.r2.dev/singers/Hasnahena/Niyom%20Moto%20Cholo/6-nojrana-dei.mp3"
"singers/Hasnahena/Niyom Moto Cholo/7-gach-gachali.mp3","https://pub-d7aa2a1ce06c45019530da0ea90f67d8.r2.dev/singers/Hasnahena/Niyom%20Moto%20Cholo/7-gach-gachali.mp3"
"singers/Hasnahena/Niyom Moto Cholo/8-rong-berong-er-rong.mp3","https://pub-d7aa2a1ce06c45019530da0ea90f67d8.r2.dev/singers/Hasnahena/Niyom%20Moto%20Cholo/8-rong-berong-er-rong.mp3"
"singers/Hasnahena/Niyom Moto Cholo/9-am-ful-jam-ful.mp3","https://pub-d7aa2a1ce06c45019530da0ea90f67d8.r2.dev/singers/Hasnahena/Niyom%20Moto%20Cholo/9-am-ful-jam-ful.mp3"
"singers/Hasnahena/Niyom Moto Cholo/AlbumArtSmall.jpg","https://pub-d7aa2a1ce06c45019530da0ea90f67d8.r2.dev/singers/Hasnahena/Niyom%20Moto%20Cholo/AlbumArtSmall.jpg"
"singers/Hasnahena/Niyom Moto Cholo/Folder.jpg","https://pub-d7aa2a1ce06c45019530da0ea90f67d8.r2.dev/singers/Hasnahena/Niyom%20Moto%20Cholo/Folder.jpg"
"singers/Hasnahena/ganer pakhi/1-ganer-pakhi.mp3","https://pub-d7aa2a1ce06c45019530da0ea90f67d8.r2.dev/singers/Hasnahena/ganer%20pakhi/1-ganer-pakhi.mp3"
"singers/Hasnahena/ganer pakhi/10-ze-ma-amay.mp3","https://pub-d7aa2a1ce06c45019530da0ea90f67d8.r2.dev/singers/Hasnahena/ganer%20pakhi/10-ze-ma-amay.mp3"
"singers/Hasnahena/ganer pakhi/11-amar-eivalobasa.mp3","https://pub-d7aa2a1ce06c45019530da0ea90f67d8.r2.dev/singers/Hasnahena/ganer%20pakhi/11-amar-eivalobasa.mp3"
"singers/Hasnahena/ganer pakhi/12-purono-diner.mp3","https://pub-d7aa2a1ce06c45019530da0ea90f67d8.r2.dev/singers/Hasnahena/ganer%20pakhi/12-purono-diner.mp3"
"singers/Hasnahena/ganer pakhi/13-vabisnare.mp3","https://pub-d7aa2a1ce06c45019530da0ea90f67d8.r2.dev/singers/Hasnahena/ganer%20pakhi/13-vabisnare.mp3"
"singers/Hasnahena/ganer pakhi/15-nishcit-ze-moron.mp3","https://pub-d7aa2a1ce06c45019530da0ea90f67d8.r2.dev/singers/Hasnahena/ganer%20pakhi/15-nishcit-ze-moron.mp3"
"singers/Hasnahena/ganer pakhi/3-batas-tumi-bole.mp3","https://pub-d7aa2a1ce06c45019530da0ea90f67d8.r2.dev/singers/Hasnahena/ganer%20pakhi/3-batas-tumi-bole.mp3"
"singers/Hasnahena/ganer pakhi/4-tomar-kothay.mp3","https://pub-d7aa2a1ce06c45019530da0ea90f67d8.r2.dev/singers/Hasnahena/ganer%20pakhi/4-tomar-kothay.mp3"
"singers/Hasnahena/ganer pakhi/5-kar-name-pakhi.mp3","https://pub-d7aa2a1ce06c45019530da0ea90f67d8.r2.dev/singers/Hasnahena/ganer%20pakhi/5-kar-name-pakhi.mp3"
"singers/Hasnahena/ganer pakhi/6-pakhi-gay.mp3","https://pub-d7aa2a1ce06c45019530da0ea90f67d8.r2.dev/singers/Hasnahena/ganer%20pakhi/6-pakhi-gay.mp3"
"singers/Hasnahena/ganer pakhi/7-allahu-sumohan.mp3","https://pub-d7aa2a1ce06c45019530da0ea90f67d8.r2.dev/singers/Hasnahena/ganer%20pakhi/7-allahu-sumohan.mp3"
"singers/Hasnahena/ganer pakhi/8-zar-preme.mp3","https://pub-d7aa2a1ce06c45019530da0ea90f67d8.r2.dev/singers/Hasnahena/ganer%20pakhi/8-zar-preme.mp3"
"singers/Hasnahena/ganer pakhi/9-allahor-name-zodi.mp3","https://pub-d7aa2a1ce06c45019530da0ea90f67d8.r2.dev/singers/Hasnahena/ganer%20pakhi/9-allahor-name-zodi.mp3"
"singers/Hasnahena/ganer pakhi/AVSEQ02.mp3","https://pub-d7aa2a1ce06c45019530da0ea90f67d8.r2.dev/singers/Hasnahena/ganer%20pakhi/AVSEQ02.mp3"
"singers/Hasnahena/ganer pakhi/AVSEQ04.mp3","https://pub-d7aa2a1ce06c45019530da0ea90f67d8.r2.dev/singers/Hasnahena/ganer%20pakhi/AVSEQ04.mp3"
"singers/Hasnahena/ganer pakhi/AVSEQ16.mp3","https://pub-d7aa2a1ce06c45019530da0ea90f67d8.r2.dev/singers/Hasnahena/ganer%20pakhi/AVSEQ16.mp3"
"singers/Jaima Noor/Best of Jaima Noor-01.mp3","https://pub-d7aa2a1ce06c45019530da0ea90f67d8.r2.dev/singers/Jaima%20Noor/Best%20of%20Jaima%20Noor-01.mp3"
"singers/Jaima Noor/Best of Jaima Noor-02.mp3","https://pub-d7aa2a1ce06c45019530da0ea90f67d8.r2.dev/singers/Jaima%20Noor/Best%20of%20Jaima%20Noor-02.mp3"
"singers/Jaima Noor/Best of Jaima/01-baba-mane-hajar-bikel","https://pub-d7aa2a1ce06c45019530da0ea90f67d8.r2.dev/singers/Jaima%20Noor/Best%20of%20Jaima/01-baba-mane-hajar-bikel"
"singers/Jaima Noor/Best of Jaima/02-amar-ekta-mon-chilo-mp3","https://pub-d7aa2a1ce06c45019530da0ea90f67d8.r2.dev/singers/Jaima%20Noor/Best%20of%20Jaima/02-amar-ekta-mon-chilo-mp3"
"singers/Jaima Noor/Best of Jaima/03-amar-chokhe-vaia.mp3","https://pub-d7aa2a1ce06c45019530da0ea90f67d8.r2.dev/singers/Jaima%20Noor/Best%20of%20Jaima/03-amar-chokhe-vaia.mp3"
"singers/Jaima Noor/Best of Jaima/04-kar-chokhe-eto-maya.mp3","https://pub-d7aa2a1ce06c45019530da0ea90f67d8.r2.dev/singers/Jaima%20Noor/Best%20of%20Jaima/04-kar-chokhe-eto-maya.mp3"
"singers/Jaima Noor/Best of Jaima/05ami-bohu-dur-gami.mp3","https://pub-d7aa2a1ce06c45019530da0ea90f67d8.r2.dev/singers/Jaima%20Noor/Best%20of%20Jaima/05ami-bohu-dur-gami.mp3"
"singers/Jaima Noor/Best of Jaima/06-boro-boro-poribar.mp3","https://pub-d7aa2a1ce06c45019530da0ea90f67d8.r2.dev/singers/Jaima%20Noor/Best%20of%20Jaima/06-boro-boro-poribar.mp3"
"singers/Jaima Noor/Best of Jaima/07-hijol-bone-.mp3","https://pub-d7aa2a1ce06c45019530da0ea90f67d8.r2.dev/singers/Jaima%20Noor/Best%20of%20Jaima/07-hijol-bone-.mp3"
"singers/Jaima Noor/Best of Jaima/08-zekhanei-thaki-ami.mp3","https://pub-d7aa2a1ce06c45019530da0ea90f67d8.r2.dev/singers/Jaima%20Noor/Best%20of%20Jaima/08-zekhanei-thaki-ami.mp3"
"singers/Jaima Noor/Best of Jaima/09-vabte-zokhon-boshi.mp3","https://pub-d7aa2a1ce06c45019530da0ea90f67d8.r2.dev/singers/Jaima%20Noor/Best%20of%20Jaima/09-vabte-zokhon-boshi.mp3"
"singers/Jaima Noor/Best of Jaima/10-amoler-mash-elo.mp3","https://pub-d7aa2a1ce06c45019530da0ea90f67d8.r2.dev/singers/Jaima%20Noor/Best%20of%20Jaima/10-amoler-mash-elo.mp3"
"singers/Jaima Noor/ashahoto-hoyonako.mp3","https://pub-d7aa2a1ce06c45019530da0ea90f67d8.r2.dev/singers/Jaima%20Noor/ashahoto-hoyonako.mp3"
"singers/Jaima Noor/baba-mane-hajar-bikel.mp3","https://pub-d7aa2a1ce06c45019530da0ea90f67d8.r2.dev/singers/Jaima%20Noor/baba-mane-hajar-bikel.mp3"
"singers/Jaima Noor/duare-aisache.mp3","https://pub-d7aa2a1ce06c45019530da0ea90f67d8.r2.dev/singers/Jaima%20Noor/duare-aisache.mp3"
"singers/Jaima Noor/machranga-dekhecho.mp3","https://pub-d7aa2a1ce06c45019530da0ea90f67d8.r2.dev/singers/Jaima%20Noor/machranga-dekhecho.mp3"
"singers/Jaima Noor/tomader-majhe-ar.mp3","https://pub-d7aa2a1ce06c45019530da0ea90f67d8.r2.dev/singers/Jaima%20Noor/tomader-majhe-ar.mp3"
"singers/Liton Hafiz/cholun_bodle_feli.mp3","https://pub-d7aa2a1ce06c45019530da0ea90f67d8.r2.dev/singers/Liton%20Hafiz/cholun_bodle_feli.mp3"
"singers/MH Sagor/ghoche-na-dukho.mp3","https://pub-d7aa2a1ce06c45019530da0ea90f67d8.r2.dev/singers/MH%20Sagor/ghoche-na-dukho.mp3"
"singers/Maher Zain/Inshallah.mp3","https://pub-d7aa2a1ce06c45019530da0ea90f67d8.r2.dev/singers/Maher%20Zain/Inshallah.mp3"
"singers/Maher Zain/Maher Zain - Number One For Me (Official Music Video).mp3","https://pub-d7aa2a1ce06c45019530da0ea90f67d8.r2.dev/singers/Maher%20Zain/Maher%20Zain%20-%20Number%20One%20For%20Me%20(Official%20Music%20Video).mp3"
"singers/Maher Zain/Raef - So Real feat. Maher Zain.mp3","https://pub-d7aa2a1ce06c45019530da0ea90f67d8.r2.dev/singers/Maher%20Zain/Raef%20-%20So%20Real%20feat.%20Maher%20Zain.mp3"
"singers/Moshiur Rahman/Kamini Futeche Bone/10hajar swopn chil.mp3","https://pub-d7aa2a1ce06c45019530da0ea90f67d8.r2.dev/singers/Moshiur%20Rahman/Kamini%20Futeche%20Bone/10hajar%20swopn%20chil.mp3"
"singers/Moshiur Rahman/Kamini Futeche Bone/11ki kotha bolte.mp3","https://pub-d7aa2a1ce06c45019530da0ea90f67d8.r2.dev/singers/Moshiur%20Rahman/Kamini%20Futeche%20Bone/11ki%20kotha%20bolte.mp3"
"singers/Moshiur Rahman/Kamini Futeche Bone/12rokte vese zay.mp3","https://pub-d7aa2a1ce06c45019530da0ea90f67d8.r2.dev/singers/Moshiur%20Rahman/Kamini%20Futeche%20Bone/12rokte%20vese%20zay.mp3"
"singers/Moshiur Rahman/Kamini Futeche Bone/13oi nilimay bol.mp3","https://pub-d7aa2a1ce06c45019530da0ea90f67d8.r2.dev/singers/Moshiur%20Rahman/Kamini%20Futeche%20Bone/13oi%20nilimay%20bol.mp3"
"singers/Moshiur Rahman/Kamini Futeche Bone/14kon dale bujhi.mp3","https://pub-d7aa2a1ce06c45019530da0ea90f67d8.r2.dev/singers/Moshiur%20Rahman/Kamini%20Futeche%20Bone/14kon%20dale%20bujhi.mp3"
"singers/Moshiur Rahman/Kamini Futeche Bone/15brristir fotay fotay.mp3","https://pub-d7aa2a1ce06c45019530da0ea90f67d8.r2.dev/singers/Moshiur%20Rahman/Kamini%20Futeche%20Bone/15brristir%20fotay%20fotay.mp3"
"singers/Moshiur Rahman/Kamini Futeche Bone/1kamini futeche.mp3","https://pub-d7aa2a1ce06c45019530da0ea90f67d8.r2.dev/singers/Moshiur%20Rahman/Kamini%20Futeche%20Bone/1kamini%20futeche.mp3"
"singers/Moshiur Rahman/Kamini Futeche Bone/2moner maje.mp3","https://pub-d7aa2a1ce06c45019530da0ea90f67d8.r2.dev/singers/Moshiur%20Rahman/Kamini%20Futeche%20Bone/2moner%20maje.mp3"
"singers/Moshiur Rahman/Kamini Futeche Bone/3prithibir hajaro.mp3","https://pub-d7aa2a1ce06c45019530da0ea90f67d8.r2.dev/singers/Moshiur%20Rahman/Kamini%20Futeche%20Bone/3prithibir%20hajaro.mp3"
"singers/Moshiur Rahman/Kamini Futeche Bone/4zodi titur bansher.mp3","https://pub-d7aa2a1ce06c45019530da0ea90f67d8.r2.dev/singers/Moshiur%20Rahman/Kamini%20Futeche%20Bone/4zodi%20titur%20bansher.mp3"
"singers/Moshiur Rahman/Kamini Futeche Bone/5zar etayat korle.mp3","https://pub-d7aa2a1ce06c45019530da0ea90f67d8.r2.dev/singers/Moshiur%20Rahman/Kamini%20Futeche%20Bone/5zar%20etayat%20korle.mp3"
"singers/Moshiur Rahman/Kamini Futeche Bone/6kOn ek provate.mp3","https://pub-d7aa2a1ce06c45019530da0ea90f67d8.r2.dev/singers/Moshiur%20Rahman/Kamini%20Futeche%20Bone/6kOn%20ek%20provate.mp3"
"singers/Moshiur Rahman/Kamini Futeche Bone/7ekti ganer sworlipi.mp3","https://pub-d7aa2a1ce06c45019530da0ea90f67d8.r2.dev/singers/Moshiur%20Rahman/Kamini%20Futeche%20Bone/7ekti%20ganer%20sworlipi.mp3"
"singers/Moshiur Rahman/Kamini Futeche Bone/8zen allahr name.mp3","https://pub-d7aa2a1ce06c45019530da0ea90f67d8.r2.dev/singers/Moshiur%20Rahman/Kamini%20Futeche%20Bone/8zen%20allahr%20name.mp3"
"singers/Moshiur Rahman/Kamini Futeche Bone/9tumi zodi lovu.mp3","https://pub-d7aa2a1ce06c45019530da0ea90f67d8.r2.dev/singers/Moshiur%20Rahman/Kamini%20Futeche%20Bone/9tumi%20zodi%20lovu.mp3"
"singers/Moshiur Rahman/Ke Elo Madinay/1-mone-boro-asha.mp3","https://pub-d7aa2a1ce06c45019530da0ea90f67d8.r2.dev/singers/Moshiur%20Rahman/Ke%20Elo%20Madinay/1-mone-boro-asha.mp3"
"singers/Moshiur Rahman/Ke Elo Madinay/10-duare-aisache.mp3","https://pub-d7aa2a1ce06c45019530da0ea90f67d8.r2.dev/singers/Moshiur%20Rahman/Ke%20Elo%20Madinay/10-duare-aisache.mp3"
"singers/Moshiur Rahman/Ke Elo Madinay/11-vubon-majhi.mp3","https://pub-d7aa2a1ce06c45019530da0ea90f67d8.r2.dev/singers/Moshiur%20Rahman/Ke%20Elo%20Madinay/11-vubon-majhi.mp3"
"singers/Moshiur Rahman/Ke Elo Madinay/12-amar-praner-pran.mp3","https://pub-d7aa2a1ce06c45019530da0ea90f67d8.r2.dev/singers/Moshiur%20Rahman/Ke%20Elo%20Madinay/12-amar-praner-pran.mp3"
"singers/Moshiur Rahman/Ke Elo Madinay/2-ekbar-aponare-chinte.mp3","https://pub-d7aa2a1ce06c45019530da0ea90f67d8.r2.dev/singers/Moshiur%20Rahman/Ke%20Elo%20Madinay/2-ekbar-aponare-chinte.mp3"
"singers/Moshiur Rahman/Ke Elo Madinay/3-kul-kinara-pailam-na.mp3","https://pub-d7aa2a1ce06c45019530da0ea90f67d8.r2.dev/singers/Moshiur%20Rahman/Ke%20Elo%20Madinay/3-kul-kinara-pailam-na.mp3"
"singers/Moshiur Rahman/Ke Elo Madinay/4-kodtin-dehi-na.mp3","https://pub-d7aa2a1ce06c45019530da0ea90f67d8.r2.dev/singers/Moshiur%20Rahman/Ke%20Elo%20Madinay/4-kodtin-dehi-na.mp3"
"singers/Moshiur Rahman/Ke Elo Madinay/5-ke-elo-modinay.mp3","https://pub-d7aa2a1ce06c45019530da0ea90f67d8.r2.dev/singers/Moshiur%20Rahman/Ke%20Elo%20Madinay/5-ke-elo-modinay.mp3"
"singers/Moshiur Rahman/Ke Elo Madinay/6-de-re-de-majhi.mp3","https://pub-d7aa2a1ce06c45019530da0ea90f67d8.r2.dev/singers/Moshiur%20Rahman/Ke%20Elo%20Madinay/6-de-re-de-majhi.mp3"
"singers/Moshiur Rahman/Ke Elo Madinay/7-kokhon-zabi-re.mp3","https://pub-d7aa2a1ce06c45019530da0ea90f67d8.r2.dev/singers/Moshiur%20Rahman/Ke%20Elo%20Madinay/7-kokhon-zabi-re.mp3"
"singers/Moshiur Rahman/Ke Elo Madinay/8-kul-nai-kinar.mp3","https://pub-d7aa2a1ce06c45019530da0ea90f67d8.r2.dev/singers/Moshiur%20Rahman/Ke%20Elo%20Madinay/8-kul-nai-kinar.mp3"
"singers/Moshiur Rahman/Ke Elo Madinay/9-pubal-haoa.mp3","https://pub-d7aa2a1ce06c45019530da0ea90f67d8.r2.dev/singers/Moshiur%20Rahman/Ke%20Elo%20Madinay/9-pubal-haoa.mp3"
"singers/Moshiur Rahman/Kiser Bytha Baje/01 -Jemon tumi dile jomin.mp3","https://pub-d7aa2a1ce06c45019530da0ea90f67d8.r2.dev/singers/Moshiur%20Rahman/Kiser%20Bytha%20Baje/01%20-Jemon%20tumi%20dile%20jomin.mp3"
"singers/Moshiur Rahman/Kiser Bytha Baje/02 - Akta omar ai jamanai.mp3","https://pub-d7aa2a1ce06c45019530da0ea90f67d8.r2.dev/singers/Moshiur%20Rahman/Kiser%20Bytha%20Baje/02%20-%20Akta%20omar%20ai%20jamanai.mp3"
"singers/Moshiur Rahman/Kiser Bytha Baje/03 -Sonar pakhira.mp3","https://pub-d7aa2a1ce06c45019530da0ea90f67d8.r2.dev/singers/Moshiur%20Rahman/Kiser%20Bytha%20Baje/03%20-Sonar%20pakhira.mp3"
"singers/Moshiur Rahman/Kiser Bytha Baje/04 -Amar kondhe amon.mp3","https://pub-d7aa2a1ce06c45019530da0ea90f67d8.r2.dev/singers/Moshiur%20Rahman/Kiser%20Bytha%20Baje/04%20-Amar%20kondhe%20amon.mp3"
"singers/Moshiur Rahman/Kiser Bytha Baje/06 -Koraner bani je.mp3","https://pub-d7aa2a1ce06c45019530da0ea90f67d8.r2.dev/singers/Moshiur%20Rahman/Kiser%20Bytha%20Baje/06%20-Koraner%20bani%20je.mp3"
"singers/Moshiur Rahman/Kiser Bytha Baje/06-Solat sola.mp3","https://pub-d7aa2a1ce06c45019530da0ea90f67d8.r2.dev/singers/Moshiur%20Rahman/Kiser%20Bytha%20Baje/06-Solat%20sola.mp3"
"singers/Moshiur Rahman/Kiser Bytha Baje/07 - Tar du hate.mp3","https://pub-d7aa2a1ce06c45019530da0ea90f67d8.r2.dev/singers/Moshiur%20Rahman/Kiser%20Bytha%20Baje/07%20-%20Tar%20du%20hate.mp3"
"singers/Moshiur Rahman/Kiser Bytha Baje/08 - Sahadat imaner.mp3","https://pub-d7aa2a1ce06c45019530da0ea90f67d8.r2.dev/singers/Moshiur%20Rahman/Kiser%20Bytha%20Baje/08%20-%20Sahadat%20imaner.mp3"
"singers/Moshiur Rahman/Kiser Bytha Baje/09 -Majhire tui mon.mp3","https://pub-d7aa2a1ce06c45019530da0ea90f67d8.r2.dev/singers/Moshiur%20Rahman/Kiser%20Bytha%20Baje/09%20-Majhire%20tui%20mon.mp3"
"singers/Moshiur Rahman/Kiser Bytha Baje/10 - Amar mayer kotha.mp3","https://pub-d7aa2a1ce06c45019530da0ea90f67d8.r2.dev/singers/Moshiur%20Rahman/Kiser%20Bytha%20Baje/10%20-%20Amar%20mayer%20kotha.mp3"
"singers/Moshiur Rahman/Kiser Bytha Baje/11 -Cholo tobe jage.mp3","https://pub-d7aa2a1ce06c45019530da0ea90f67d8.r2.dev/singers/Moshiur%20Rahman/Kiser%20Bytha%20Baje/11%20-Cholo%20tobe%20jage.mp3"
"singers/Moshiur Rahman/Kiser Bytha Baje/12 - Asbe abar omar.mp3","https://pub-d7aa2a1ce06c45019530da0ea90f67d8.r2.dev/singers/Moshiur%20Rahman/Kiser%20Bytha%20Baje/12%20-%20Asbe%20abar%20omar.mp3"
"singers/Moshiur Rahman/Kiser Bytha Baje/13 - Hazar ganer majhe.mp3","https://pub-d7aa2a1ce06c45019530da0ea90f67d8.r2.dev/singers/Moshiur%20Rahman/Kiser%20Bytha%20Baje/13%20-%20Hazar%20ganer%20majhe.mp3"
"singers/Moshiur Rahman/Neo/Adhar ei duniay.mp3","https://pub-d7aa2a1ce06c45019530da0ea90f67d8.r2.dev/singers/Moshiur%20Rahman/Neo/Adhar%20ei%20duniay.mp3"
"singers/Moshiur Rahman/Neo/adhar_ei_duniayy.mp3","https://pub-d7aa2a1ce06c45019530da0ea90f67d8.r2.dev/singers/Moshiur%20Rahman/Neo/adhar_ei_duniayy.mp3"
"singers/Moshiur Rahman/Neo/aj-jochona-rate.mp3","https://pub-d7aa2a1ce06c45019530da0ea90f67d8.r2.dev/singers/Moshiur%20Rahman/Neo/aj-jochona-rate.mp3"
"singers/Moshiur Rahman/Neo/amar_desher_thikana.mp3","https://pub-d7aa2a1ce06c45019530da0ea90f67d8.r2.dev/singers/Moshiur%20Rahman/Neo/amar_desher_thikana.mp3"
"singers/Moshiur Rahman/Neo/hajaro-loker-vire.mp3","https://pub-d7aa2a1ce06c45019530da0ea90f67d8.r2.dev/singers/Moshiur%20Rahman/Neo/hajaro-loker-vire.mp3"
"singers/Moshiur Rahman/Neo/josona-dile-chander.mp3","https://pub-d7aa2a1ce06c45019530da0ea90f67d8.r2.dev/singers/Moshiur%20Rahman/Neo/josona-dile-chander.mp3"
"singers/Moshiur Rahman/Neo/kiser_love.mp3","https://pub-d7aa2a1ce06c45019530da0ea90f67d8.r2.dev/singers/Moshiur%20Rahman/Neo/kiser_love.mp3"
"singers/Moshiur Rahman/Neo/moner-majhe-ektai.mp3","https://pub-d7aa2a1ce06c45019530da0ea90f67d8.r2.dev/singers/Moshiur%20Rahman/Neo/moner-majhe-ektai.mp3"
"singers/Moshiur Rahman/Neo/rat_nijhum.mp3","https://pub-d7aa2a1ce06c45019530da0ea90f67d8.r2.dev/singers/Moshiur%20Rahman/Neo/rat_nijhum.mp3"
"singers/Moshiur Rahman/Neo/sondhyar-mayatee.mp3","https://pub-d7aa2a1ce06c45019530da0ea90f67d8.r2.dev/singers/Moshiur%20Rahman/Neo/sondhyar-mayatee.mp3"
"singers/Moshiur Rahman/Neo/tomar_dawat.mp3","https://pub-d7aa2a1ce06c45019530da0ea90f67d8.r2.dev/singers/Moshiur%20Rahman/Neo/tomar_dawat.mp3"
"singers/Moshiur Rahman/Neo/tomar_name_jodi2.mp3","https://pub-d7aa2a1ce06c45019530da0ea90f67d8.r2.dev/singers/Moshiur%20Rahman/Neo/tomar_name_jodi2.mp3"
"singers/Moshiur Rahman/Neo/tomar_name_zodi.mp3","https://pub-d7aa2a1ce06c45019530da0ea90f67d8.r2.dev/singers/Moshiur%20Rahman/Neo/tomar_name_zodi.mp3"
"singers/Moshiur Rahman/Neo/tumi_koto_sundor.mp3","https://pub-d7aa2a1ce06c45019530da0ea90f67d8.r2.dev/singers/Moshiur%20Rahman/Neo/tumi_koto_sundor.mp3"
"singers/Moshiur Rahman/Pata Jhora Mousum/10 shono jar uchilay.mp3","https://pub-d7aa2a1ce06c45019530da0ea90f67d8.r2.dev/singers/Moshiur%20Rahman/Pata%20Jhora%20Mousum/10%20shono%20jar%20uchilay.mp3"
"singers/Moshiur Rahman/Pata Jhora Mousum/11mone boro asha.mp3","https://pub-d7aa2a1ce06c45019530da0ea90f67d8.r2.dev/singers/Moshiur%20Rahman/Pata%20Jhora%20Mousum/11mone%20boro%20asha.mp3"
"singers/Moshiur Rahman/Pata Jhora Mousum/12sonar pakhira.mp3","https://pub-d7aa2a1ce06c45019530da0ea90f67d8.r2.dev/singers/Moshiur%20Rahman/Pata%20Jhora%20Mousum/12sonar%20pakhira.mp3"
"singers/Moshiur Rahman/Pata Jhora Mousum/13amar knothe.mp3","https://pub-d7aa2a1ce06c45019530da0ea90f67d8.r2.dev/singers/Moshiur%20Rahman/Pata%20Jhora%20Mousum/13amar%20knothe.mp3"
"singers/Moshiur Rahman/Pata Jhora Mousum/14hajar ganer.mp3","https://pub-d7aa2a1ce06c45019530da0ea90f67d8.r2.dev/singers/Moshiur%20Rahman/Pata%20Jhora%20Mousum/14hajar%20ganer.mp3"
"singers/Moshiur Rahman/Pata Jhora Mousum/1hajar bochor.mp3","https://pub-d7aa2a1ce06c45019530da0ea90f67d8.r2.dev/singers/Moshiur%20Rahman/Pata%20Jhora%20Mousum/1hajar%20bochor.mp3"
"singers/Moshiur Rahman/Pata Jhora Mousum/2tumi jodi.mp3","https://pub-d7aa2a1ce06c45019530da0ea90f67d8.r2.dev/singers/Moshiur%20Rahman/Pata%20Jhora%20Mousum/2tumi%20jodi.mp3"
"singers/Moshiur Rahman/Pata Jhora Mousum/3kono ek.mp3","https://pub-d7aa2a1ce06c45019530da0ea90f67d8.r2.dev/singers/Moshiur%20Rahman/Pata%20Jhora%20Mousum/3kono%20ek.mp3"
"singers/Moshiur Rahman/Pata Jhora Mousum/4cholat cholat.mp3","https://pub-d7aa2a1ce06c45019530da0ea90f67d8.r2.dev/singers/Moshiur%20Rahman/Pata%20Jhora%20Mousum/4cholat%20cholat.mp3"
"singers/Moshiur Rahman/Pata Jhora Mousum/5kamini futeche.mp3","https://pub-d7aa2a1ce06c45019530da0ea90f67d8.r2.dev/singers/Moshiur%20Rahman/Pata%20Jhora%20Mousum/5kamini%20futeche.mp3"
"singers/Moshiur Rahman/Pata Jhora Mousum/6hajar swopno.mp3","https://pub-d7aa2a1ce06c45019530da0ea90f67d8.r2.dev/singers/Moshiur%20Rahman/Pata%20Jhora%20Mousum/6hajar%20swopno.mp3"
"singers/Moshiur Rahman/Pata Jhora Mousum/7titk tik je.mp3","https://pub-d7aa2a1ce06c45019530da0ea90f67d8.r2.dev/singers/Moshiur%20Rahman/Pata%20Jhora%20Mousum/7titk%20tik%20je.mp3"
"singers/Moshiur Rahman/Pata Jhora Mousum/8prithibir.mp3","https://pub-d7aa2a1ce06c45019530da0ea90f67d8.r2.dev/singers/Moshiur%20Rahman/Pata%20Jhora%20Mousum/8prithibir.mp3"
"singers/Moshiur Rahman/Pata Jhora Mousum/9jeno Allah name.mp3","https://pub-d7aa2a1ce06c45019530da0ea90f67d8.r2.dev/singers/Moshiur%20Rahman/Pata%20Jhora%20Mousum/9jeno%20Allah%20name.mp3"
"singers/Moshiur Rahman/Sure Bandha Pran/1-srishti-tomar.mp3","https://pub-d7aa2a1ce06c45019530da0ea90f67d8.r2.dev/singers/Moshiur%20Rahman/Sure%20Bandha%20Pran/1-srishti-tomar.mp3"
"singers/Moshiur Rahman/Sure Bandha Pran/11-nirghum-rat.mp3","https://pub-d7aa2a1ce06c45019530da0ea90f67d8.r2.dev/singers/Moshiur%20Rahman/Sure%20Bandha%20Pran/11-nirghum-rat.mp3"
"singers/Moshiur Rahman/Sure Bandha Pran/2-morubia-alor-cherag.mp3","https://pub-d7aa2a1ce06c45019530da0ea90f67d8.r2.dev/singers/Moshiur%20Rahman/Sure%20Bandha%20Pran/2-morubia-alor-cherag.mp3"
"singers/Moshiur Rahman/Sure Bandha Pran/3-ei-matir.mp3","https://pub-d7aa2a1ce06c45019530da0ea90f67d8.r2.dev/singers/Moshiur%20Rahman/Sure%20Bandha%20Pran/3-ei-matir.mp3"
"singers/Moshiur Rahman/Sure Bandha Pran/4-monta-zodi-hoito.mp3","https://pub-d7aa2a1ce06c45019530da0ea90f67d8.r2.dev/singers/Moshiur%20Rahman/Sure%20Bandha%20Pran/4-monta-zodi-hoito.mp3"
"singers/Moshiur Rahman/Sure Bandha Pran/5-sob-gaan-zoi.mp3","https://pub-d7aa2a1ce06c45019530da0ea90f67d8.r2.dev/singers/Moshiur%20Rahman/Sure%20Bandha%20Pran/5-sob-gaan-zoi.mp3"
"singers/Moshiur Rahman/Sure Bandha Pran/6-rat-nijhum.mp3","https://pub-d7aa2a1ce06c45019530da0ea90f67d8.r2.dev/singers/Moshiur%20Rahman/Sure%20Bandha%20Pran/6-rat-nijhum.mp3"
"singers/Moshiur Rahman/Sure Bandha Pran/7-moruvumi-modina.mp3","https://pub-d7aa2a1ce06c45019530da0ea90f67d8.r2.dev/singers/Moshiur%20Rahman/Sure%20Bandha%20Pran/7-moruvumi-modina.mp3"
"singers/Moshiur Rahman/Sure Bandha Pran/8-minoti-tomar-kache.mp3","https://pub-d7aa2a1ce06c45019530da0ea90f67d8.r2.dev/singers/Moshiur%20Rahman/Sure%20Bandha%20Pran/8-minoti-tomar-kache.mp3"
"singers/Moshiur Rahman/Sure Bandha Pran/9-hajar-pakhir-gane.mp3","https://pub-d7aa2a1ce06c45019530da0ea90f67d8.r2.dev/singers/Moshiur%20Rahman/Sure%20Bandha%20Pran/9-hajar-pakhir-gane.mp3"
"singers/Moshiur Rahman/Thamle keno ore pothik/0-intro.mp3","https://pub-d7aa2a1ce06c45019530da0ea90f67d8.r2.dev/singers/Moshiur%20Rahman/Thamle%20keno%20ore%20pothik/0-intro.mp3"
"singers/Moshiur Rahman/Thamle keno ore pothik/1-akasher-samiana.mp3","https://pub-d7aa2a1ce06c45019530da0ea90f67d8.r2.dev/singers/Moshiur%20Rahman/Thamle%20keno%20ore%20pothik/1-akasher-samiana.mp3"
"singers/Moshiur Rahman/Thamle keno ore pothik/10-sei-doyaler-name.mp3","https://pub-d7aa2a1ce06c45019530da0ea90f67d8.r2.dev/singers/Moshiur%20Rahman/Thamle%20keno%20ore%20pothik/10-sei-doyaler-name.mp3"
"singers/Moshiur Rahman/Thamle keno ore pothik/11-naraye-takbir.mp3","https://pub-d7aa2a1ce06c45019530da0ea90f67d8.r2.dev/singers/Moshiur%20Rahman/Thamle%20keno%20ore%20pothik/11-naraye-takbir.mp3"
"singers/Moshiur Rahman/Thamle keno ore pothik/13-prithibir-ghum.mp3","https://pub-d7aa2a1ce06c45019530da0ea90f67d8.r2.dev/singers/Moshiur%20Rahman/Thamle%20keno%20ore%20pothik/13-prithibir-ghum.mp3"
"singers/Moshiur Rahman/Thamle keno ore pothik/14-shantir-pakhira.mp3","https://pub-d7aa2a1ce06c45019530da0ea90f67d8.r2.dev/singers/Moshiur%20Rahman/Thamle%20keno%20ore%20pothik/14-shantir-pakhira.mp3"
"singers/Moshiur Rahman/Thamle keno ore pothik/15-koto-sundor-prithibi.mp3","https://pub-d7aa2a1ce06c45019530da0ea90f67d8.r2.dev/singers/Moshiur%20Rahman/Thamle%20keno%20ore%20pothik/15-koto-sundor-prithibi.mp3"
"singers/Moshiur Rahman/Thamle keno ore pothik/16-ending.mp3","https://pub-d7aa2a1ce06c45019530da0ea90f67d8.r2.dev/singers/Moshiur%20Rahman/Thamle%20keno%20ore%20pothik/16-ending.mp3"
"singers/Moshiur Rahman/Thamle keno ore pothik/2-godhuli-belay.mp3","https://pub-d7aa2a1ce06c45019530da0ea90f67d8.r2.dev/singers/Moshiur%20Rahman/Thamle%20keno%20ore%20pothik/2-godhuli-belay.mp3"
"singers/Moshiur Rahman/Thamle keno ore pothik/3-thamle-keno-pothik.mp3","https://pub-d7aa2a1ce06c45019530da0ea90f67d8.r2.dev/singers/Moshiur%20Rahman/Thamle%20keno%20ore%20pothik/3-thamle-keno-pothik.mp3"
"singers/Moshiur Rahman/Thamle keno ore pothik/4-priyo-tawhidi.mp3","https://pub-d7aa2a1ce06c45019530da0ea90f67d8.r2.dev/singers/Moshiur%20Rahman/Thamle%20keno%20ore%20pothik/4-priyo-tawhidi.mp3"
"singers/Moshiur Rahman/Thamle keno ore pothik/5-kake-tumi-apon.mp3","https://pub-d7aa2a1ce06c45019530da0ea90f67d8.r2.dev/singers/Moshiur%20Rahman/Thamle%20keno%20ore%20pothik/5-kake-tumi-apon.mp3"
"singers/Moshiur Rahman/Thamle keno ore pothik/6-sisa-dhala.mp3","https://pub-d7aa2a1ce06c45019530da0ea90f67d8.r2.dev/singers/Moshiur%20Rahman/Thamle%20keno%20ore%20pothik/6-sisa-dhala.mp3"
"singers/Moshiur Rahman/Thamle keno ore pothik/7-o-akash-o-batas.mp3","https://pub-d7aa2a1ce06c45019530da0ea90f67d8.r2.dev/singers/Moshiur%20Rahman/Thamle%20keno%20ore%20pothik/7-o-akash-o-batas.mp3"
"singers/Moshiur Rahman/Thamle keno ore pothik/8-rohomer-duar.mp3","https://pub-d7aa2a1ce06c45019530da0ea90f67d8.r2.dev/singers/Moshiur%20Rahman/Thamle%20keno%20ore%20pothik/8-rohomer-duar.mp3"
"singers/Moshiur Rahman/Thamle keno ore pothik/9-caridike-shuru.mp3","https://pub-d7aa2a1ce06c45019530da0ea90f67d8.r2.dev/singers/Moshiur%20Rahman/Thamle%20keno%20ore%20pothik/9-caridike-shuru.mp3"
"singers/Moshiur Rahman/Uddipon/10bari gari tk kori.mp3","https://pub-d7aa2a1ce06c45019530da0ea90f67d8.r2.dev/singers/Moshiur%20Rahman/Uddipon/10bari%20gari%20tk%20kori.mp3"
"singers/Moshiur Rahman/Uddipon/11shono zar uchilay.mp3","https://pub-d7aa2a1ce06c45019530da0ea90f67d8.r2.dev/singers/Moshiur%20Rahman/Uddipon/11shono%20zar%20uchilay.mp3"
"singers/Moshiur Rahman/Uddipon/12kishor kontho sheesh.mp3","https://pub-d7aa2a1ce06c45019530da0ea90f67d8.r2.dev/singers/Moshiur%20Rahman/Uddipon/12kishor%20kontho%20sheesh.mp3"
"singers/Moshiur Rahman/Uddipon/13khun ranga ei.mp3","https://pub-d7aa2a1ce06c45019530da0ea90f67d8.r2.dev/singers/Moshiur%20Rahman/Uddipon/13khun%20ranga%20ei.mp3"
"singers/Moshiur Rahman/Uddipon/14subhanallah.mp3","https://pub-d7aa2a1ce06c45019530da0ea90f67d8.r2.dev/singers/Moshiur%20Rahman/Uddipon/14subhanallah.mp3"
"singers/Moshiur Rahman/Uddipon/15duti noyon mudile.mp3","https://pub-d7aa2a1ce06c45019530da0ea90f67d8.r2.dev/singers/Moshiur%20Rahman/Uddipon/15duti%20noyon%20mudile.mp3"
"singers/Moshiur Rahman/Uddipon/1tumi amar mabud.mp3","https://pub-d7aa2a1ce06c45019530da0ea90f67d8.r2.dev/singers/Moshiur%20Rahman/Uddipon/1tumi%20amar%20mabud.mp3"
"singers/Moshiur Rahman/Uddipon/2dao khoda dao.mp3","https://pub-d7aa2a1ce06c45019530da0ea90f67d8.r2.dev/singers/Moshiur%20Rahman/Uddipon/2dao%20khoda%20dao.mp3"
"singers/Moshiur Rahman/Uddipon/3nai nai naire kichu.mp3","https://pub-d7aa2a1ce06c45019530da0ea90f67d8.r2.dev/singers/Moshiur%20Rahman/Uddipon/3nai%20nai%20naire%20kichu.mp3"
"singers/Moshiur Rahman/Uddipon/4panir govire.mp3","https://pub-d7aa2a1ce06c45019530da0ea90f67d8.r2.dev/singers/Moshiur%20Rahman/Uddipon/4panir%20govire.mp3"
"singers/Moshiur Rahman/Uddipon/5allah zodi bijoy.mp3","https://pub-d7aa2a1ce06c45019530da0ea90f67d8.r2.dev/singers/Moshiur%20Rahman/Uddipon/5allah%20zodi%20bijoy.mp3"
"singers/Moshiur Rahman/Uddipon/6oi dekho balakot.mp3","https://pub-d7aa2a1ce06c45019530da0ea90f67d8.r2.dev/singers/Moshiur%20Rahman/Uddipon/6oi%20dekho%20balakot.mp3"
"singers/Moshiur Rahman/Uddipon/7allah chara mabud.mp3","https://pub-d7aa2a1ce06c45019530da0ea90f67d8.r2.dev/singers/Moshiur%20Rahman/Uddipon/7allah%20chara%20mabud.mp3"
"singers/Moshiur Rahman/Uddipon/8eso quraner.mp3","https://pub-d7aa2a1ce06c45019530da0ea90f67d8.r2.dev/singers/Moshiur%20Rahman/Uddipon/8eso%20quraner.mp3"
"singers/Moshiur Rahman/Uddipon/9tomra vule gecho.mp3","https://pub-d7aa2a1ce06c45019530da0ea90f67d8.r2.dev/singers/Moshiur%20Rahman/Uddipon/9tomra%20vule%20gecho.mp3"
"singers/Moshiur Rahman/all/Allah jodi bijoy.mp3","https://pub-d7aa2a1ce06c45019530da0ea90f67d8.r2.dev/singers/Moshiur%20Rahman/all/Allah%20jodi%20bijoy.mp3"
"singers/Moshiur Rahman/all/Allah tumi aporup.mp3","https://pub-d7aa2a1ce06c45019530da0ea90f67d8.r2.dev/singers/Moshiur%20Rahman/all/Allah%20tumi%20aporup.mp3"
"singers/Moshiur Rahman/all/Ekta Omar.mp3","https://pub-d7aa2a1ce06c45019530da0ea90f67d8.r2.dev/singers/Moshiur%20Rahman/all/Ekta%20Omar.mp3"
"singers/Moshiur Rahman/all/Jemon Tumi Dile.mp3","https://pub-d7aa2a1ce06c45019530da0ea90f67d8.r2.dev/singers/Moshiur%20Rahman/all/Jemon%20Tumi%20Dile.mp3"
"singers/Moshiur Rahman/all/Kishor koci.mp3","https://pub-d7aa2a1ce06c45019530da0ea90f67d8.r2.dev/singers/Moshiur%20Rahman/all/Kishor%20koci.mp3"
"singers/Moshiur Rahman/all/Malik tumi zannate.mp3","https://pub-d7aa2a1ce06c45019530da0ea90f67d8.r2.dev/singers/Moshiur%20Rahman/all/Malik%20tumi%20zannate.mp3"
"singers/Moshiur Rahman/all/Qur'aner bani je.mp3","https://pub-d7aa2a1ce06c45019530da0ea90f67d8.r2.dev/singers/Moshiur%20Rahman/all/Qur%27aner%20bani%20je.mp3"
"singers/Moshiur Rahman/all/Sonar Pakhira Eke.mp3","https://pub-d7aa2a1ce06c45019530da0ea90f67d8.r2.dev/singers/Moshiur%20Rahman/all/Sonar%20Pakhira%20Eke.mp3"
"singers/Moshiur Rahman/all/amar konthe emon.mp3","https://pub-d7aa2a1ce06c45019530da0ea90f67d8.r2.dev/singers/Moshiur%20Rahman/all/amar%20konthe%20emon.mp3"
"singers/Moshiur Rahman/all/asbe abar omar.mp3","https://pub-d7aa2a1ce06c45019530da0ea90f67d8.r2.dev/singers/Moshiur%20Rahman/all/asbe%20abar%20omar.mp3"
"singers/Moshiur Rahman/all/cholo tobe jege.mp3","https://pub-d7aa2a1ce06c45019530da0ea90f67d8.r2.dev/singers/Moshiur%20Rahman/all/cholo%20tobe%20jege.mp3"
"singers/Moshiur Rahman/all/dao khoda dao.mp3","https://pub-d7aa2a1ce06c45019530da0ea90f67d8.r2.dev/singers/Moshiur%20Rahman/all/dao%20khoda%20dao.mp3"
"singers/Moshiur Rahman/all/duti noyon mudile.mp3","https://pub-d7aa2a1ce06c45019530da0ea90f67d8.r2.dev/singers/Moshiur%20Rahman/all/duti%20noyon%20mudile.mp3"
"singers/Moshiur Rahman/all/ei nodi ei sagor.mp3","https://pub-d7aa2a1ce06c45019530da0ea90f67d8.r2.dev/singers/Moshiur%20Rahman/all/ei%20nodi%20ei%20sagor.mp3"
"singers/Moshiur Rahman/all/ei pothe proyojon.mp3","https://pub-d7aa2a1ce06c45019530da0ea90f67d8.r2.dev/singers/Moshiur%20Rahman/all/ei%20pothe%20proyojon.mp3"
"singers/Moshiur Rahman/all/ekhane pathao.mp3","https://pub-d7aa2a1ce06c45019530da0ea90f67d8.r2.dev/singers/Moshiur%20Rahman/all/ekhane%20pathao.mp3"
"singers/Moshiur Rahman/all/hajar ganer majhe.mp3","https://pub-d7aa2a1ce06c45019530da0ea90f67d8.r2.dev/singers/Moshiur%20Rahman/all/hajar%20ganer%20majhe.mp3"
"singers/Moshiur Rahman/all/he rasul bujhina.mp3","https://pub-d7aa2a1ce06c45019530da0ea90f67d8.r2.dev/singers/Moshiur%20Rahman/all/he%20rasul%20bujhina.mp3"
"singers/Moshiur Rahman/all/majhii.. re...tui.mp3","https://pub-d7aa2a1ce06c45019530da0ea90f67d8.r2.dev/singers/Moshiur%20Rahman/all/majhii..%20re...tui.mp3"
"singers/Moshiur Rahman/all/mayer kotha mone.mp3","https://pub-d7aa2a1ce06c45019530da0ea90f67d8.r2.dev/singers/Moshiur%20Rahman/all/mayer%20kotha%20mone.mp3"
"singers/Moshiur Rahman/all/mone boro asha.mp3","https://pub-d7aa2a1ce06c45019530da0ea90f67d8.r2.dev/singers/Moshiur%20Rahman/all/mone%20boro%20asha.mp3"
"singers/Moshiur Rahman/all/nai nai naire kichu.mp3","https://pub-d7aa2a1ce06c45019530da0ea90f67d8.r2.dev/singers/Moshiur%20Rahman/all/nai%20nai%20naire%20kichu.mp3"
"singers/Moshiur Rahman/all/ora awami boitha.mp3","https://pub-d7aa2a1ce06c45019530da0ea90f67d8.r2.dev/singers/Moshiur%20Rahman/all/ora%20awami%20boitha.mp3"
"singers/Moshiur Rahman/all/panir govire jemon.mp3","https://pub-d7aa2a1ce06c45019530da0ea90f67d8.r2.dev/singers/Moshiur%20Rahman/all/panir%20govire%20jemon.mp3"
"singers/Moshiur Rahman/all/shahadat emaner.mp3","https://pub-d7aa2a1ce06c45019530da0ea90f67d8.r2.dev/singers/Moshiur%20Rahman/all/shahadat%20emaner.mp3"
"singers/Moshiur Rahman/all/shono jar uchilay.mp3","https://pub-d7aa2a1ce06c45019530da0ea90f67d8.r2.dev/singers/Moshiur%20Rahman/all/shono%20jar%20uchilay.mp3"
"singers/Moshiur Rahman/all/tar du hate niamat-.mp3","https://pub-d7aa2a1ce06c45019530da0ea90f67d8.r2.dev/singers/Moshiur%20Rahman/all/tar%20du%20hate%20niamat-.mp3"
"singers/Moshiur Rahman/all/tomra vule gecho.mp3","https://pub-d7aa2a1ce06c45019530da0ea90f67d8.r2.dev/singers/Moshiur%20Rahman/all/tomra%20vule%20gecho.mp3"
"singers/Moshiur Rahman/all/tumi amar malik-.mp3","https://pub-d7aa2a1ce06c45019530da0ea90f67d8.r2.dev/singers/Moshiur%20Rahman/all/tumi%20amar%20malik-.mp3"
"singers/Moshiur Rahman/polligit_ke_elo_modinay.mp3","https://pub-d7aa2a1ce06c45019530da0ea90f67d8.r2.dev/singers/Moshiur%20Rahman/polligit_ke_elo_modinay.mp3"
"singers/Moshiur Rahman/special/afghan amader.mp3","https://pub-d7aa2a1ce06c45019530da0ea90f67d8.r2.dev/singers/Moshiur%20Rahman/special/afghan%20amader.mp3"
"singers/Moshiur Rahman/special/alemer_bived.mp3","https://pub-d7aa2a1ce06c45019530da0ea90f67d8.r2.dev/singers/Moshiur%20Rahman/special/alemer_bived.mp3"
"singers/Moshiur Rahman/special/amar_ei_hat_omarer.mp3","https://pub-d7aa2a1ce06c45019530da0ea90f67d8.r2.dev/singers/Moshiur%20Rahman/special/amar_ei_hat_omarer.mp3"
"singers/Moshiur Rahman/special/bishwo bibek.mp3","https://pub-d7aa2a1ce06c45019530da0ea90f67d8.r2.dev/singers/Moshiur%20Rahman/special/bishwo%20bibek.mp3"
"singers/Moshiur Rahman/special/bodorer prantore.mp3","https://pub-d7aa2a1ce06c45019530da0ea90f67d8.r2.dev/singers/Moshiur%20Rahman/special/bodorer%20prantore.mp3"
"singers/Moshiur Rahman/special/bodorer zuddho dekhi.mp3","https://pub-d7aa2a1ce06c45019530da0ea90f67d8.r2.dev/singers/Moshiur%20Rahman/special/bodorer%20zuddho%20dekhi.mp3"
"singers/Moshiur Rahman/special/chaibona_zannat.mp3","https://pub-d7aa2a1ce06c45019530da0ea90f67d8.r2.dev/singers/Moshiur%20Rahman/special/chaibona_zannat.mp3"
"singers/Moshiur Rahman/special/dhormer pothe.mp3","https://pub-d7aa2a1ce06c45019530da0ea90f67d8.r2.dev/singers/Moshiur%20Rahman/special/dhormer%20pothe.mp3"
"singers/Moshiur Rahman/special/dur-arober.mp3","https://pub-d7aa2a1ce06c45019530da0ea90f67d8.r2.dev/singers/Moshiur%20Rahman/special/dur-arober.mp3"
"singers/Moshiur Rahman/special/holde_danar_sei.mp3","https://pub-d7aa2a1ce06c45019530da0ea90f67d8.r2.dev/singers/Moshiur%20Rahman/special/holde_danar_sei.mp3"
"singers/Moshiur Rahman/special/jihader moydan dakche.mp3","https://pub-d7aa2a1ce06c45019530da0ea90f67d8.r2.dev/singers/Moshiur%20Rahman/special/jihader%20moydan%20dakche.mp3"
"singers/Moshiur Rahman/special/keu_kokhono_vul_bujhe.mp3","https://pub-d7aa2a1ce06c45019530da0ea90f67d8.r2.dev/singers/Moshiur%20Rahman/special/keu_kokhono_vul_bujhe.mp3"
"singers/Moshiur Rahman/special/kuraner_kmormira.mp3","https://pub-d7aa2a1ce06c45019530da0ea90f67d8.r2.dev/singers/Moshiur%20Rahman/special/kuraner_kmormira.mp3"
"singers/Moshiur Rahman/special/monta_zodi_hoito.mp3","https://pub-d7aa2a1ce06c45019530da0ea90f67d8.r2.dev/singers/Moshiur%20Rahman/special/monta_zodi_hoito.mp3"
"singers/Moshiur Rahman/special/o_bondhure.mp3","https://pub-d7aa2a1ce06c45019530da0ea90f67d8.r2.dev/singers/Moshiur%20Rahman/special/o_bondhure.mp3"
"singers/Moshiur Rahman/special/prithibi_na_januk.mp3","https://pub-d7aa2a1ce06c45019530da0ea90f67d8.r2.dev/singers/Moshiur%20Rahman/special/prithibi_na_januk.mp3"
"singers/Moshiur Rahman/special/subhanallah.mp3","https://pub-d7aa2a1ce06c45019530da0ea90f67d8.r2.dev/singers/Moshiur%20Rahman/special/subhanallah.mp3"
"singers/Moshiur Rahman/special/tomar_name_jodi.mp3","https://pub-d7aa2a1ce06c45019530da0ea90f67d8.r2.dev/singers/Moshiur%20Rahman/special/tomar_name_jodi.mp3"
"singers/Moshiur Rahman/special/uttore_sithan_dio.mp3","https://pub-d7aa2a1ce06c45019530da0ea90f67d8.r2.dev/singers/Moshiur%20Rahman/special/uttore_sithan_dio.mp3"
"singers/Moshiur Rahman/special/ze_eeman_proyojone.mp3","https://pub-d7aa2a1ce06c45019530da0ea90f67d8.r2.dev/singers/Moshiur%20Rahman/special/ze_eeman_proyojone.mp3"
"singers/Moshiur Rahman/special/zeno_allah_name.mp3","https://pub-d7aa2a1ce06c45019530da0ea90f67d8.r2.dev/singers/Moshiur%20Rahman/special/zeno_allah_name.mp3"
"singers/Moshiur Rahman/special/zuddhe zabar somoy.mp3","https://pub-d7aa2a1ce06c45019530da0ea90f67d8.r2.dev/singers/Moshiur%20Rahman/special/zuddhe%20zabar%20somoy.mp3"
"singers/Motiur Rahman Mollik/misc/Emaner dabi.mp3","https://pub-d7aa2a1ce06c45019530da0ea90f67d8.r2.dev/singers/Motiur%20Rahman%20Mollik/misc/Emaner%20dabi.mp3"
"singers/Motiur Rahman Mollik/misc/Jihad korte.mp3","https://pub-d7aa2a1ce06c45019530da0ea90f67d8.r2.dev/singers/Motiur%20Rahman%20Mollik/misc/Jihad%20korte.mp3"
"singers/Motiur Rahman Mollik/misc/Rasul amar alo asha.mp3","https://pub-d7aa2a1ce06c45019530da0ea90f67d8.r2.dev/singers/Motiur%20Rahman%20Mollik/misc/Rasul%20amar%20alo%20asha.mp3"
"singers/Motiur Rahman Mollik/misc/cholo cholo.mp3","https://pub-d7aa2a1ce06c45019530da0ea90f67d8.r2.dev/singers/Motiur%20Rahman%20Mollik/misc/cholo%20cholo.mp3"
"singers/Motiur Rahman Mollik/misc/cholo.mp3","https://pub-d7aa2a1ce06c45019530da0ea90f67d8.r2.dev/singers/Motiur%20Rahman%20Mollik/misc/cholo.mp3"
"singers/Motiur Rahman Mollik/misc/ei gunahgar.mp3","https://pub-d7aa2a1ce06c45019530da0ea90f67d8.r2.dev/singers/Motiur%20Rahman%20Mollik/misc/ei%20gunahgar.mp3"
"singers/Motiur Rahman Mollik/misc/jihader mane holo.mp3","https://pub-d7aa2a1ce06c45019530da0ea90f67d8.r2.dev/singers/Motiur%20Rahman%20Mollik/misc/jihader%20mane%20holo.mp3"
"singers/Motiur Rahman Mollik/misc/jonotar-mone.mp3","https://pub-d7aa2a1ce06c45019530da0ea90f67d8.r2.dev/singers/Motiur%20Rahman%20Mollik/misc/jonotar-mone.mp3"
"singers/Motiur Rahman Mollik/misc/shohorer futpathe.mp3","https://pub-d7aa2a1ce06c45019530da0ea90f67d8.r2.dev/singers/Motiur%20Rahman%20Mollik/misc/shohorer%20futpathe.mp3"
"singers/Motiur Rahman Mollik/misc/shundor shundor bon.mp3","https://pub-d7aa2a1ce06c45019530da0ea90f67d8.r2.dev/singers/Motiur%20Rahman%20Mollik/misc/shundor%20shundor%20bon.mp3"
"singers/Motiur Rahman Mollik/misc/tik tik je ghorita.mp3","https://pub-d7aa2a1ce06c45019530da0ea90f67d8.r2.dev/singers/Motiur%20Rahman%20Mollik/misc/tik%20tik%20je%20ghorita.mp3"
"singers/Motiur Rahman Mollik/misc/tomar name jodi.mp3","https://pub-d7aa2a1ce06c45019530da0ea90f67d8.r2.dev/singers/Motiur%20Rahman%20Mollik/misc/tomar%20name%20jodi.mp3"
"singers/Motiur Rahman Mollik/protiti-1/Ei duti chokh.mp3","https://pub-d7aa2a1ce06c45019530da0ea90f67d8.r2.dev/singers/Motiur%20Rahman%20Mollik/protiti-1/Ei%20duti%20chokh.mp3"
"singers/Motiur Rahman Mollik/protiti-1/Ki hobe.mp3","https://pub-d7aa2a1ce06c45019530da0ea90f67d8.r2.dev/singers/Motiur%20Rahman%20Mollik/protiti-1/Ki%20hobe.mp3"
"singers/Motiur Rahman Mollik/protiti-1/Kothai kaje.mp3","https://pub-d7aa2a1ce06c45019530da0ea90f67d8.r2.dev/singers/Motiur%20Rahman%20Mollik/protiti-1/Kothai%20kaje.mp3"
"singers/Motiur Rahman Mollik/protiti-1/Na hoi holo.mp3","https://pub-d7aa2a1ce06c45019530da0ea90f67d8.r2.dev/singers/Motiur%20Rahman%20Mollik/protiti-1/Na%20hoi%20holo.mp3"
"singers/Motiur Rahman Mollik/protiti-1/Se kon bondhu.mp3","https://pub-d7aa2a1ce06c45019530da0ea90f67d8.r2.dev/singers/Motiur%20Rahman%20Mollik/protiti-1/Se%20kon%20bondhu.mp3"
"singers/Motiur Rahman Mollik/protiti-1/amake jokhon.mp3","https://pub-d7aa2a1ce06c45019530da0ea90f67d8.r2.dev/singers/Motiur%20Rahman%20Mollik/protiti-1/amake%20jokhon.mp3"
"singers/Motiur Rahman Mollik/protiti-1/amma bolen ghor.mp3","https://pub-d7aa2a1ce06c45019530da0ea90f67d8.r2.dev/singers/Motiur%20Rahman%20Mollik/protiti-1/amma%20bolen%20ghor.mp3"
"singers/Motiur Rahman Mollik/protiti-1/cholo mujahid.mp3","https://pub-d7aa2a1ce06c45019530da0ea90f67d8.r2.dev/singers/Motiur%20Rahman%20Mollik/protiti-1/cholo%20mujahid.mp3"
"singers/Motiur Rahman Mollik/protiti-1/e akash meghe.mp3","https://pub-d7aa2a1ce06c45019530da0ea90f67d8.r2.dev/singers/Motiur%20Rahman%20Mollik/protiti-1/e%20akash%20meghe.mp3"
"singers/Motiur Rahman Mollik/protiti-1/ekhane ki keu nei.mp3","https://pub-d7aa2a1ce06c45019530da0ea90f67d8.r2.dev/singers/Motiur%20Rahman%20Mollik/protiti-1/ekhane%20ki%20keu%20nei.mp3"
"singers/Motiur Rahman Mollik/protiti-1/he koda.mp3","https://pub-d7aa2a1ce06c45019530da0ea90f67d8.r2.dev/singers/Motiur%20Rahman%20Mollik/protiti-1/he%20koda.mp3"
"singers/Motiur Rahman Mollik/protiti-1/ja kichu korte.mp3","https://pub-d7aa2a1ce06c45019530da0ea90f67d8.r2.dev/singers/Motiur%20Rahman%20Mollik/protiti-1/ja%20kichu%20korte.mp3"
"singers/Motiur Rahman Mollik/protiti-1/kar kotota eeman.mp3","https://pub-d7aa2a1ce06c45019530da0ea90f67d8.r2.dev/singers/Motiur%20Rahman%20Mollik/protiti-1/kar%20kotota%20eeman.mp3"
"singers/Motiur Rahman Mollik/protiti-1/songothonke.mp3","https://pub-d7aa2a1ce06c45019530da0ea90f67d8.r2.dev/singers/Motiur%20Rahman%20Mollik/protiti-1/songothonke.mp3"
"singers/Motiur Rahman Mollik/protiti-1/uttape ujjol.mp3","https://pub-d7aa2a1ce06c45019530da0ea90f67d8.r2.dev/singers/Motiur%20Rahman%20Mollik/protiti-1/uttape%20ujjol.mp3"
"singers/Motiur Rahman Mollik/protiti-2/Amar ganer.mp3","https://pub-d7aa2a1ce06c45019530da0ea90f67d8.r2.dev/singers/Motiur%20Rahman%20Mollik/protiti-2/Amar%20ganer.mp3"
"singers/Motiur Rahman Mollik/protiti-2/Dhorjo dhorar.mp3","https://pub-d7aa2a1ce06c45019530da0ea90f67d8.r2.dev/singers/Motiur%20Rahman%20Mollik/protiti-2/Dhorjo%20dhorar.mp3"
"singers/Motiur Rahman Mollik/protiti-2/Gan-shonate-pari.mp3","https://pub-d7aa2a1ce06c45019530da0ea90f67d8.r2.dev/singers/Motiur%20Rahman%20Mollik/protiti-2/Gan-shonate-pari.mp3"
"singers/Motiur Rahman Mollik/protiti-2/Ghono durjog.mp3","https://pub-d7aa2a1ce06c45019530da0ea90f67d8.r2.dev/singers/Motiur%20Rahman%20Mollik/protiti-2/Ghono%20durjog.mp3"
"singers/Motiur Rahman Mollik/protiti-2/Roder vitor.mp3","https://pub-d7aa2a1ce06c45019530da0ea90f67d8.r2.dev/singers/Motiur%20Rahman%20Mollik/protiti-2/Roder%20vitor.mp3"
"singers/Motiur Rahman Mollik/protiti-2/andolon_seto.mp3","https://pub-d7aa2a1ce06c45019530da0ea90f67d8.r2.dev/singers/Motiur%20Rahman%20Mollik/protiti-2/andolon_seto.mp3"
"singers/Motiur Rahman Mollik/protiti-2/dristi tomar khule.mp3","https://pub-d7aa2a1ce06c45019530da0ea90f67d8.r2.dev/singers/Motiur%20Rahman%20Mollik/protiti-2/dristi%20tomar%20khule.mp3"
"singers/Motiur Rahman Mollik/protiti-2/ei durjuge ei.mp3","https://pub-d7aa2a1ce06c45019530da0ea90f67d8.r2.dev/singers/Motiur%20Rahman%20Mollik/protiti-2/ei%20durjuge%20ei.mp3"
"singers/Motiur Rahman Mollik/protiti-2/eto shahid rokto.mp3","https://pub-d7aa2a1ce06c45019530da0ea90f67d8.r2.dev/singers/Motiur%20Rahman%20Mollik/protiti-2/eto%20shahid%20rokto.mp3"
"singers/Motiur Rahman Mollik/protiti-2/jodi keu bujhe.mp3","https://pub-d7aa2a1ce06c45019530da0ea90f67d8.r2.dev/singers/Motiur%20Rahman%20Mollik/protiti-2/jodi%20keu%20bujhe.mp3"
"singers/Motiur Rahman Mollik/protiti-2/kon sahose chao.mp3","https://pub-d7aa2a1ce06c45019530da0ea90f67d8.r2.dev/singers/Motiur%20Rahman%20Mollik/protiti-2/kon%20sahose%20chao.mp3"
"singers/Motiur Rahman Mollik/protiti-2/prithibi amar asol.mp3","https://pub-d7aa2a1ce06c45019530da0ea90f67d8.r2.dev/singers/Motiur%20Rahman%20Mollik/protiti-2/prithibi%20amar%20asol.mp3"
"singers/Motiur Rahman Mollik/protiti-2/tomar sristi jodi.mp3","https://pub-d7aa2a1ce06c45019530da0ea90f67d8.r2.dev/singers/Motiur%20Rahman%20Mollik/protiti-2/tomar%20sristi%20jodi.mp3"
"singers/Mujahid/Alor Porosh/01 fuler moto.mp3","https://pub-d7aa2a1ce06c45019530da0ea90f67d8.r2.dev/singers/Mujahid/Alor%20Porosh/01%20fuler%20moto.mp3"
"singers/Mujahid/Alor Porosh/02 mago amay.mp3","https://pub-d7aa2a1ce06c45019530da0ea90f67d8.r2.dev/singers/Mujahid/Alor%20Porosh/02%20mago%20amay.mp3"
"singers/Mujahid/Alor Porosh/03 pakh pakhali zikir.mp3","https://pub-d7aa2a1ce06c45019530da0ea90f67d8.r2.dev/singers/Mujahid/Alor%20Porosh/03%20pakh%20pakhali%20zikir.mp3"
"singers/Mujahid/Alor Porosh/04 sobujh shyamol.mp3","https://pub-d7aa2a1ce06c45019530da0ea90f67d8.r2.dev/singers/Mujahid/Alor%20Porosh/04%20sobujh%20shyamol.mp3"
"singers/Mujahid/Alor Porosh/05 amay eka pele.mp3","https://pub-d7aa2a1ce06c45019530da0ea90f67d8.r2.dev/singers/Mujahid/Alor%20Porosh/05%20amay%20eka%20pele.mp3"
"singers/Mujahid/Alor Porosh/06 prithibite ache zoto.mp3","https://pub-d7aa2a1ce06c45019530da0ea90f67d8.r2.dev/singers/Mujahid/Alor%20Porosh/06%20prithibite%20ache%20zoto.mp3"
"singers/Mujahid/Alor Porosh/07 poth cholte cholte.mp3","https://pub-d7aa2a1ce06c45019530da0ea90f67d8.r2.dev/singers/Mujahid/Alor%20Porosh/07%20poth%20cholte%20cholte.mp3"
"singers/Mujahid/Alor Porosh/08 shishir veja.mp3","https://pub-d7aa2a1ce06c45019530da0ea90f67d8.r2.dev/singers/Mujahid/Alor%20Porosh/08%20shishir%20veja.mp3"
"singers/Mujahid/Alor Porosh/09 ekbar zete de na.mp3","https://pub-d7aa2a1ce06c45019530da0ea90f67d8.r2.dev/singers/Mujahid/Alor%20Porosh/09%20ekbar%20zete%20de%20na.mp3"
"singers/Mujahid/Alor Porosh/10 amar kanna.mp3","https://pub-d7aa2a1ce06c45019530da0ea90f67d8.r2.dev/singers/Mujahid/Alor%20Porosh/10%20amar%20kanna.mp3"
"singers/Mujahid/Alor Porosh/11 doel koel.mp3","https://pub-d7aa2a1ce06c45019530da0ea90f67d8.r2.dev/singers/Mujahid/Alor%20Porosh/11%20doel%20koel.mp3"
"singers/Mujahid/Alor Porosh/13 aj notun dak.mp3","https://pub-d7aa2a1ce06c45019530da0ea90f67d8.r2.dev/singers/Mujahid/Alor%20Porosh/13%20aj%20notun%20dak.mp3"
"singers/Munaem/Munaem-selected/1-hasboi-rabbi.mp3","https://pub-d7aa2a1ce06c45019530da0ea90f67d8.r2.dev/singers/Munaem/Munaem-selected/1-hasboi-rabbi.mp3"
"singers/Munaem/Munaem-selected/10-sokal-shuru-hok.mp3","https://pub-d7aa2a1ce06c45019530da0ea90f67d8.r2.dev/singers/Munaem/Munaem-selected/10-sokal-shuru-hok.mp3"
"singers/Munaem/Munaem-selected/2-kalimah-la-ilaha.mp3","https://pub-d7aa2a1ce06c45019530da0ea90f67d8.r2.dev/singers/Munaem/Munaem-selected/2-kalimah-la-ilaha.mp3"
"singers/Munaem/Munaem-selected/3-Laa-adree-laa.mp3","https://pub-d7aa2a1ce06c45019530da0ea90f67d8.r2.dev/singers/Munaem/Munaem-selected/3-Laa-adree-laa.mp3"
"singers/Munaem/Munaem-selected/4-meherban-tumi-meherban.mp3","https://pub-d7aa2a1ce06c45019530da0ea90f67d8.r2.dev/singers/Munaem/Munaem-selected/4-meherban-tumi-meherban.mp3"
"singers/Munaem/Munaem-selected/5-meswak-masala.mp3","https://pub-d7aa2a1ce06c45019530da0ea90f67d8.r2.dev/singers/Munaem/Munaem-selected/5-meswak-masala.mp3"
"singers/Munaem/Munaem-selected/6-obadhdhyo-sob-koti.mp3","https://pub-d7aa2a1ce06c45019530da0ea90f67d8.r2.dev/singers/Munaem/Munaem-selected/6-obadhdhyo-sob-koti.mp3"
"singers/Munaem/Munaem-selected/7-radhitu-billah.mp3","https://pub-d7aa2a1ce06c45019530da0ea90f67d8.r2.dev/singers/Munaem/Munaem-selected/7-radhitu-billah.mp3"
"singers/Munaem/Munaem-selected/8-sun-of-light.mp3","https://pub-d7aa2a1ce06c45019530da0ea90f67d8.r2.dev/singers/Munaem/Munaem-selected/8-sun-of-light.mp3"
"singers/Munaem/Munaem-selected/9-sob-vedaved-vule-ore.mp3","https://pub-d7aa2a1ce06c45019530da0ea90f67d8.r2.dev/singers/Munaem/Munaem-selected/9-sob-vedaved-vule-ore.mp3"
"singers/Munaem/SUBHANALLAH - سبحان الله.mp3","https://pub-d7aa2a1ce06c45019530da0ea90f67d8.r2.dev/singers/Munaem/SUBHANALLAH%20-%20سبحان%20الله.mp3"
"singers/Munaem/meherban_tumi.mp3","https://pub-d7aa2a1ce06c45019530da0ea90f67d8.r2.dev/singers/Munaem/meherban_tumi.mp3"
"singers/Nawshad Mahfuj/Amar Jibon Shunno.mp3","https://pub-d7aa2a1ce06c45019530da0ea90f67d8.r2.dev/singers/Nawshad%20Mahfuj/Amar%20Jibon%20Shunno.mp3"
"singers/Nawshad Mahfuj/Nishwase Nishwase.mp3","https://pub-d7aa2a1ce06c45019530da0ea90f67d8.r2.dev/singers/Nawshad%20Mahfuj/Nishwase%20Nishwase.mp3"
"singers/Nawshad Mahfuj/Pran Khuje py/04-Koto valobashi mago.mp3","https://pub-d7aa2a1ce06c45019530da0ea90f67d8.r2.dev/singers/Nawshad%20Mahfuj/Pran%20Khuje%20py/04-Koto%20valobashi%20mago.mp3"
"singers/Nawshad Mahfuj/Pran Khuje py/05-Tomar name modhur.mp3","https://pub-d7aa2a1ce06c45019530da0ea90f67d8.r2.dev/singers/Nawshad%20Mahfuj/Pran%20Khuje%20py/05-Tomar%20name%20modhur.mp3"
"singers/Nawshad Mahfuj/Pran Khuje py/07-Mon keno chai.mp3","https://pub-d7aa2a1ce06c45019530da0ea90f67d8.r2.dev/singers/Nawshad%20Mahfuj/Pran%20Khuje%20py/07-Mon%20keno%20chai.mp3"
"singers/Nawshad Mahfuj/Pran Khuje py/08-Amar maer kotha porle.mp3","https://pub-d7aa2a1ce06c45019530da0ea90f67d8.r2.dev/singers/Nawshad%20Mahfuj/Pran%20Khuje%20py/08-Amar%20maer%20kotha%20porle.mp3"
"singers/Nawshad Mahfuj/Pran Khuje py/09-Nodir pani koto dure.mp3","https://pub-d7aa2a1ce06c45019530da0ea90f67d8.r2.dev/singers/Nawshad%20Mahfuj/Pran%20Khuje%20py/09-Nodir%20pani%20koto%20dure.mp3"
"singers/Nawshad Mahfuj/Pran Khuje py/10-Ami chokh buje dekhi.mp3","https://pub-d7aa2a1ce06c45019530da0ea90f67d8.r2.dev/singers/Nawshad%20Mahfuj/Pran%20Khuje%20py/10-Ami%20chokh%20buje%20dekhi.mp3"
"singers/Nawshad Mahfuj/Pran Khuje py/11Amay emon ek gayen.mp3","https://pub-d7aa2a1ce06c45019530da0ea90f67d8.r2.dev/singers/Nawshad%20Mahfuj/Pran%20Khuje%20py/11Amay%20emon%20ek%20gayen.mp3"
"singers/Nawshad Mahfuj/Pran Khuje py/12-ekhon to somoy nijeke.mp3","https://pub-d7aa2a1ce06c45019530da0ea90f67d8.r2.dev/singers/Nawshad%20Mahfuj/Pran%20Khuje%20py/12-ekhon%20to%20somoy%20nijeke.mp3"
"singers/Nawshad Mahfuj/Pran Khuje py/13sobuj-digonte.mp3","https://pub-d7aa2a1ce06c45019530da0ea90f67d8.r2.dev/singers/Nawshad%20Mahfuj/Pran%20Khuje%20py/13sobuj-digonte.mp3"
"singers/Nawshad Mahfuj/Pran Khuje py/14jara Allahr pothe.mp3","https://pub-d7aa2a1ce06c45019530da0ea90f67d8.r2.dev/singers/Nawshad%20Mahfuj/Pran%20Khuje%20py/14jara%20Allahr%20pothe.mp3"
"singers/Nawshad Mahfuj/Pran Khuje py/1tomar-name.mp3","https://pub-d7aa2a1ce06c45019530da0ea90f67d8.r2.dev/singers/Nawshad%20Mahfuj/Pran%20Khuje%20py/1tomar-name.mp3"
"singers/Nawshad Mahfuj/Pran Khuje py/2Ami quraner.mp3","https://pub-d7aa2a1ce06c45019530da0ea90f67d8.r2.dev/singers/Nawshad%20Mahfuj/Pran%20Khuje%20py/2Ami%20quraner.mp3"
"singers/Nawshad Mahfuj/Pran Khuje py/3Ogo Mujahid.mp3","https://pub-d7aa2a1ce06c45019530da0ea90f67d8.r2.dev/singers/Nawshad%20Mahfuj/Pran%20Khuje%20py/3Ogo%20Mujahid.mp3"
"singers/Nawshad Mahfuj/Pran Khuje py/6rob-ke-tomar.mp3","https://pub-d7aa2a1ce06c45019530da0ea90f67d8.r2.dev/singers/Nawshad%20Mahfuj/Pran%20Khuje%20py/6rob-ke-tomar.mp3"
"singers/Nawshad Mahfuj/amar priyo ma/10 mayer moton.mp3","https://pub-d7aa2a1ce06c45019530da0ea90f67d8.r2.dev/singers/Nawshad%20Mahfuj/amar%20priyo%20ma/10%20mayer%20moton.mp3"
"singers/Nawshad Mahfuj/amar priyo ma/11amar jiboner.mp3","https://pub-d7aa2a1ce06c45019530da0ea90f67d8.r2.dev/singers/Nawshad%20Mahfuj/amar%20priyo%20ma/11amar%20jiboner.mp3"
"singers/Nawshad Mahfuj/amar priyo ma/12nijhum rate.mp3","https://pub-d7aa2a1ce06c45019530da0ea90f67d8.r2.dev/singers/Nawshad%20Mahfuj/amar%20priyo%20ma/12nijhum%20rate.mp3"
"singers/Nawshad Mahfuj/amar priyo ma/13amar ma priyo.mp3","https://pub-d7aa2a1ce06c45019530da0ea90f67d8.r2.dev/singers/Nawshad%20Mahfuj/amar%20priyo%20ma/13amar%20ma%20priyo.mp3"
"singers/Nawshad Mahfuj/amar priyo ma/1ogo doyamoy.mp3","https://pub-d7aa2a1ce06c45019530da0ea90f67d8.r2.dev/singers/Nawshad%20Mahfuj/amar%20priyo%20ma/1ogo%20doyamoy.mp3"
"singers/Nawshad Mahfuj/amar priyo ma/2ei prithibite.mp3","https://pub-d7aa2a1ce06c45019530da0ea90f67d8.r2.dev/singers/Nawshad%20Mahfuj/amar%20priyo%20ma/2ei%20prithibite.mp3"
"singers/Nawshad Mahfuj/amar priyo ma/3momota madhuri.mp3","https://pub-d7aa2a1ce06c45019530da0ea90f67d8.r2.dev/singers/Nawshad%20Mahfuj/amar%20priyo%20ma/3momota%20madhuri.mp3"
"singers/Nawshad Mahfuj/amar priyo ma/4diyona amay.mp3","https://pub-d7aa2a1ce06c45019530da0ea90f67d8.r2.dev/singers/Nawshad%20Mahfuj/amar%20priyo%20ma/4diyona%20amay.mp3"
"singers/Nawshad Mahfuj/amar priyo ma/5oi nil akashe.mp3","https://pub-d7aa2a1ce06c45019530da0ea90f67d8.r2.dev/singers/Nawshad%20Mahfuj/amar%20priyo%20ma/5oi%20nil%20akashe.mp3"
"singers/Nawshad Mahfuj/amar priyo ma/6khub beshi mone.mp3","https://pub-d7aa2a1ce06c45019530da0ea90f67d8.r2.dev/singers/Nawshad%20Mahfuj/amar%20priyo%20ma/6khub%20beshi%20mone.mp3"
"singers/Nawshad Mahfuj/amar priyo ma/7ogo maa.mp3","https://pub-d7aa2a1ce06c45019530da0ea90f67d8.r2.dev/singers/Nawshad%20Mahfuj/amar%20priyo%20ma/7ogo%20maa.mp3"
"singers/Nawshad Mahfuj/amar priyo ma/8make valobese.mp3","https://pub-d7aa2a1ce06c45019530da0ea90f67d8.r2.dev/singers/Nawshad%20Mahfuj/amar%20priyo%20ma/8make%20valobese.mp3"
"singers/Nawshad Mahfuj/amar priyo ma/9nodi jemon.mp3","https://pub-d7aa2a1ce06c45019530da0ea90f67d8.r2.dev/singers/Nawshad%20Mahfuj/amar%20priyo%20ma/9nodi%20jemon.mp3"
"singers/Nawshad Mahfuj/amar priyo ma/PixelGreen12/images/PixelGreen.css","https://pub-d7aa2a1ce06c45019530da0ea90f67d8.r2.dev/singers/Nawshad%20Mahfuj/amar%20priyo%20ma/PixelGreen12/images/PixelGreen.css"
"singers/Nawshad Mahfuj/amar priyo ma/PixelGreen12/images/bg.jpg","https://pub-d7aa2a1ce06c45019530da0ea90f67d8.r2.dev/singers/Nawshad%20Mahfuj/amar%20priyo%20ma/PixelGreen12/images/bg.jpg"
"singers/Nawshad Mahfuj/amar priyo ma/PixelGreen12/images/bullet.gif","https://pub-d7aa2a1ce06c45019530da0ea90f67d8.r2.dev/singers/Nawshad%20Mahfuj/amar%20priyo%20ma/PixelGreen12/images/bullet.gif"
"singers/Nawshad Mahfuj/amar priyo ma/PixelGreen12/images/clock.gif","https://pub-d7aa2a1ce06c45019530da0ea90f67d8.r2.dev/singers/Nawshad%20Mahfuj/amar%20priyo%20ma/PixelGreen12/images/clock.gif"
"singers/Nawshad Mahfuj/amar priyo ma/PixelGreen12/images/comment.gif","https://pub-d7aa2a1ce06c45019530da0ea90f67d8.r2.dev/singers/Nawshad%20Mahfuj/amar%20priyo%20ma/PixelGreen12/images/comment.gif"
"singers/Nawshad Mahfuj/amar priyo ma/PixelGreen12/images/firefox-gray.jpg","https://pub-d7aa2a1ce06c45019530da0ea90f67d8.r2.dev/singers/Nawshad%20Mahfuj/amar%20priyo%20ma/PixelGreen12/images/firefox-gray.jpg"
"singers/Nawshad Mahfuj/amar priyo ma/PixelGreen12/images/gradientbg.jpg","https://pub-d7aa2a1ce06c45019530da0ea90f67d8.r2.dev/singers/Nawshad%20Mahfuj/amar%20priyo%20ma/PixelGreen12/images/gradientbg.jpg"
"singers/Nawshad Mahfuj/amar priyo ma/PixelGreen12/images/headerphoto.jpg","https://pub-d7aa2a1ce06c45019530da0ea90f67d8.r2.dev/singers/Nawshad%20Mahfuj/amar%20priyo%20ma/PixelGreen12/images/headerphoto.jpg"
"singers/Nawshad Mahfuj/amar priyo ma/PixelGreen12/images/page.gif","https://pub-d7aa2a1ce06c45019530da0ea90f67d8.r2.dev/singers/Nawshad%20Mahfuj/amar%20priyo%20ma/PixelGreen12/images/page.gif"
"singers/Nawshad Mahfuj/amar priyo ma/PixelGreen12/index.html","https://pub-d7aa2a1ce06c45019530da0ea90f67d8.r2.dev/singers/Nawshad%20Mahfuj/amar%20priyo%20ma/PixelGreen12/index.html"
"singers/Nawshad Mahfuj/ami-chokh.mp3","https://pub-d7aa2a1ce06c45019530da0ea90f67d8.r2.dev/singers/Nawshad%20Mahfuj/ami-chokh.mp3"
"singers/Nawshad Mahfuj/prithibir map-e.mp3","https://pub-d7aa2a1ce06c45019530da0ea90f67d8.r2.dev/singers/Nawshad%20Mahfuj/prithibir%20map-e.mp3"
"singers/Nawshad Mahfuj/sera jannat.mp3","https://pub-d7aa2a1ce06c45019530da0ea90f67d8.r2.dev/singers/Nawshad%20Mahfuj/sera%20jannat.mp3"
"singers/Nawshad Mahfuj/taofiq dao khoda/04.mayar bandhon.mp3","https://pub-d7aa2a1ce06c45019530da0ea90f67d8.r2.dev/singers/Nawshad%20Mahfuj/taofiq%20dao%20khoda/04.mayar%20bandhon.mp3"
"singers/Nawshad Mahfuj/taofiq dao khoda/06.caridike buke buke.mp3","https://pub-d7aa2a1ce06c45019530da0ea90f67d8.r2.dev/singers/Nawshad%20Mahfuj/taofiq%20dao%20khoda/06.caridike%20buke%20buke.mp3"
"singers/Nawshad Mahfuj/taofiq dao khoda/10Sagorer Dheuer.mp3","https://pub-d7aa2a1ce06c45019530da0ea90f67d8.r2.dev/singers/Nawshad%20Mahfuj/taofiq%20dao%20khoda/10Sagorer%20Dheuer.mp3"
"singers/Nawshad Mahfuj/taofiq dao khoda/11Mon Majhi.mp3","https://pub-d7aa2a1ce06c45019530da0ea90f67d8.r2.dev/singers/Nawshad%20Mahfuj/taofiq%20dao%20khoda/11Mon%20Majhi.mp3"
"singers/Nawshad Mahfuj/taofiq dao khoda/12Gaan Gai.mp3","https://pub-d7aa2a1ce06c45019530da0ea90f67d8.r2.dev/singers/Nawshad%20Mahfuj/taofiq%20dao%20khoda/12Gaan%20Gai.mp3"
"singers/Nawshad Mahfuj/taofiq dao khoda/1Nijeke Chenar.mp3","https://pub-d7aa2a1ce06c45019530da0ea90f67d8.r2.dev/singers/Nawshad%20Mahfuj/taofiq%20dao%20khoda/1Nijeke%20Chenar.mp3"
"singers/Nawshad Mahfuj/taofiq dao khoda/2Hazaro Betha.mp3","https://pub-d7aa2a1ce06c45019530da0ea90f67d8.r2.dev/singers/Nawshad%20Mahfuj/taofiq%20dao%20khoda/2Hazaro%20Betha.mp3"
"singers/Nawshad Mahfuj/taofiq dao khoda/3malek vyer ma.mp3","https://pub-d7aa2a1ce06c45019530da0ea90f67d8.r2.dev/singers/Nawshad%20Mahfuj/taofiq%20dao%20khoda/3malek%20vyer%20ma.mp3"
"singers/Nawshad Mahfuj/taofiq dao khoda/5Jake ami.mp3","https://pub-d7aa2a1ce06c45019530da0ea90f67d8.r2.dev/singers/Nawshad%20Mahfuj/taofiq%20dao%20khoda/5Jake%20ami.mp3"
"singers/Nawshad Mahfuj/taofiq dao khoda/7Ya-Shaiyedi.mp3","https://pub-d7aa2a1ce06c45019530da0ea90f67d8.r2.dev/singers/Nawshad%20Mahfuj/taofiq%20dao%20khoda/7Ya-Shaiyedi.mp3"
"singers/Nawshad Mahfuj/taofiq dao khoda/8Mon-Theke.mp3","https://pub-d7aa2a1ce06c45019530da0ea90f67d8.r2.dev/singers/Nawshad%20Mahfuj/taofiq%20dao%20khoda/8Mon-Theke.mp3"
"singers/Nawshad Mahfuj/taofiq dao khoda/9Amar Jibon.mp3","https://pub-d7aa2a1ce06c45019530da0ea90f67d8.r2.dev/singers/Nawshad%20Mahfuj/taofiq%20dao%20khoda/9Amar%20Jibon.mp3"
"singers/Obaydullah/3alor ektu porosh dao/10o mon tumi.mp3","https://pub-d7aa2a1ce06c45019530da0ea90f67d8.r2.dev/singers/Obaydullah/3alor%20ektu%20porosh%20dao/10o%20mon%20tumi.mp3"
"singers/Obaydullah/3alor ektu porosh dao/11maola toamr lagiya.mp3","https://pub-d7aa2a1ce06c45019530da0ea90f67d8.r2.dev/singers/Obaydullah/3alor%20ektu%20porosh%20dao/11maola%20toamr%20lagiya.mp3"
"singers/Obaydullah/3alor ektu porosh dao/12swadhinota ah swadhinota.mp3","https://pub-d7aa2a1ce06c45019530da0ea90f67d8.r2.dev/singers/Obaydullah/3alor%20ektu%20porosh%20dao/12swadhinota%20ah%20swadhinota.mp3"
"singers/Obaydullah/3alor ektu porosh dao/13nodi e nodi.mp3","https://pub-d7aa2a1ce06c45019530da0ea90f67d8.r2.dev/singers/Obaydullah/3alor%20ektu%20porosh%20dao/13nodi%20e%20nodi.mp3"
"singers/Obaydullah/3alor ektu porosh dao/14ajker e sur.mp3","https://pub-d7aa2a1ce06c45019530da0ea90f67d8.r2.dev/singers/Obaydullah/3alor%20ektu%20porosh%20dao/14ajker%20e%20sur.mp3"
"singers/Obaydullah/3alor ektu porosh dao/1tomar valobasa.mp3","https://pub-d7aa2a1ce06c45019530da0ea90f67d8.r2.dev/singers/Obaydullah/3alor%20ektu%20porosh%20dao/1tomar%20valobasa.mp3"
"singers/Obaydullah/3alor ektu porosh dao/2rasul tumi amar.mp3","https://pub-d7aa2a1ce06c45019530da0ea90f67d8.r2.dev/singers/Obaydullah/3alor%20ektu%20porosh%20dao/2rasul%20tumi%20amar.mp3"
"singers/Obaydullah/3alor ektu porosh dao/3matir ek khana.mp3","https://pub-d7aa2a1ce06c45019530da0ea90f67d8.r2.dev/singers/Obaydullah/3alor%20ektu%20porosh%20dao/3matir%20ek%20khana.mp3"
"singers/Obaydullah/3alor ektu porosh dao/4ma tomar smriti vora.mp3","https://pub-d7aa2a1ce06c45019530da0ea90f67d8.r2.dev/singers/Obaydullah/3alor%20ektu%20porosh%20dao/4ma%20tomar%20smriti%20vora.mp3"
"singers/Obaydullah/3alor ektu porosh dao/5ek din poropare.mp3","https://pub-d7aa2a1ce06c45019530da0ea90f67d8.r2.dev/singers/Obaydullah/3alor%20ektu%20porosh%20dao/5ek%20din%20poropare.mp3"
"singers/Obaydullah/3alor ektu porosh dao/6nodi amar zayre.mp3","https://pub-d7aa2a1ce06c45019530da0ea90f67d8.r2.dev/singers/Obaydullah/3alor%20ektu%20porosh%20dao/6nodi%20amar%20zayre.mp3"
"singers/Obaydullah/3alor ektu porosh dao/7o poraner pakhi.mp3","https://pub-d7aa2a1ce06c45019530da0ea90f67d8.r2.dev/singers/Obaydullah/3alor%20ektu%20porosh%20dao/7o%20poraner%20pakhi.mp3"
"singers/Obaydullah/3alor ektu porosh dao/8alor ektu porosh dao.mp3","https://pub-d7aa2a1ce06c45019530da0ea90f67d8.r2.dev/singers/Obaydullah/3alor%20ektu%20porosh%20dao/8alor%20ektu%20porosh%20dao.mp3"
"singers/Obaydullah/3alor ektu porosh dao/9ami oshru jole.mp3","https://pub-d7aa2a1ce06c45019530da0ea90f67d8.r2.dev/singers/Obaydullah/3alor%20ektu%20porosh%20dao/9ami%20oshru%20jole.mp3"
"singers/Obaydullah/Re/amar_moto_eto.mp3","https://pub-d7aa2a1ce06c45019530da0ea90f67d8.r2.dev/singers/Obaydullah/Re/amar_moto_eto.mp3"
"singers/Obaydullah/Re/vengeche_pinjor.mp3","https://pub-d7aa2a1ce06c45019530da0ea90f67d8.r2.dev/singers/Obaydullah/Re/vengeche_pinjor.mp3"
"singers/Obaydullah/ami_tomar_daoat.mp3","https://pub-d7aa2a1ce06c45019530da0ea90f67d8.r2.dev/singers/Obaydullah/ami_tomar_daoat.mp3"
"singers/Obaydullah/baba-tumi-kemon.mp3","https://pub-d7aa2a1ce06c45019530da0ea90f67d8.r2.dev/singers/Obaydullah/baba-tumi-kemon.mp3"
"singers/Obaydullah/elo-ke-kabar-dhare.mp3","https://pub-d7aa2a1ce06c45019530da0ea90f67d8.r2.dev/singers/Obaydullah/elo-ke-kabar-dhare.mp3"
"singers/Raef/Raef  - Southern Salawat (Salatu Allah, Salamu Allah) _ Official Music Video.mp3","https://pub-d7aa2a1ce06c45019530da0ea90f67d8.r2.dev/singers/Raef/Raef%20%20-%20Southern%20Salawat%20(Salatu%20Allah,%20Salamu%20Allah)%20_%20Official%20Music%20Video.mp3"
"singers/Raef/Raef the path.mp3","https://pub-d7aa2a1ce06c45019530da0ea90f67d8.r2.dev/singers/Raef/Raef%20the%20path.mp3"
"singers/Saifullah Mansur/Bohota Nodi/10pother thikana.mp3","https://pub-d7aa2a1ce06c45019530da0ea90f67d8.r2.dev/singers/Saifullah%20Mansur/Bohota%20Nodi/10pother%20thikana.mp3"
"singers/Saifullah Mansur/Bohota Nodi/11prithibite keu.mp3","https://pub-d7aa2a1ce06c45019530da0ea90f67d8.r2.dev/singers/Saifullah%20Mansur/Bohota%20Nodi/11prithibite%20keu.mp3"
"singers/Saifullah Mansur/Bohota Nodi/12rat keteche.mp3","https://pub-d7aa2a1ce06c45019530da0ea90f67d8.r2.dev/singers/Saifullah%20Mansur/Bohota%20Nodi/12rat%20keteche.mp3"
"singers/Saifullah Mansur/Bohota Nodi/13mayer jonyo ferdaus.mp3","https://pub-d7aa2a1ce06c45019530da0ea90f67d8.r2.dev/singers/Saifullah%20Mansur/Bohota%20Nodi/13mayer%20jonyo%20ferdaus.mp3"
"singers/Saifullah Mansur/Bohota Nodi/14amader ek kore.mp3","https://pub-d7aa2a1ce06c45019530da0ea90f67d8.r2.dev/singers/Saifullah%20Mansur/Bohota%20Nodi/14amader%20ek%20kore.mp3"
"singers/Saifullah Mansur/Bohota Nodi/1bohota nodir.mp3","https://pub-d7aa2a1ce06c45019530da0ea90f67d8.r2.dev/singers/Saifullah%20Mansur/Bohota%20Nodi/1bohota%20nodir.mp3"
"singers/Saifullah Mansur/Bohota Nodi/2jwolche kasmir.mp3","https://pub-d7aa2a1ce06c45019530da0ea90f67d8.r2.dev/singers/Saifullah%20Mansur/Bohota%20Nodi/2jwolche%20kasmir.mp3"
"singers/Saifullah Mansur/Bohota Nodi/3ghum theke jege.mp3","https://pub-d7aa2a1ce06c45019530da0ea90f67d8.r2.dev/singers/Saifullah%20Mansur/Bohota%20Nodi/3ghum%20theke%20jege.mp3"
"singers/Saifullah Mansur/Bohota Nodi/4acho tumi.mp3","https://pub-d7aa2a1ce06c45019530da0ea90f67d8.r2.dev/singers/Saifullah%20Mansur/Bohota%20Nodi/4acho%20tumi.mp3"
"singers/Saifullah Mansur/Bohota Nodi/5ek hau muslim.mp3","https://pub-d7aa2a1ce06c45019530da0ea90f67d8.r2.dev/singers/Saifullah%20Mansur/Bohota%20Nodi/5ek%20hau%20muslim.mp3"
"singers/Saifullah Mansur/Bohota Nodi/6zar sneher.mp3","https://pub-d7aa2a1ce06c45019530da0ea90f67d8.r2.dev/singers/Saifullah%20Mansur/Bohota%20Nodi/6zar%20sneher.mp3"
"singers/Saifullah Mansur/Bohota Nodi/7dukher bane biddho.mp3","https://pub-d7aa2a1ce06c45019530da0ea90f67d8.r2.dev/singers/Saifullah%20Mansur/Bohota%20Nodi/7dukher%20bane%20biddho.mp3"
"singers/Saifullah Mansur/Bohota Nodi/8ze kOno kaj.mp3","https://pub-d7aa2a1ce06c45019530da0ea90f67d8.r2.dev/singers/Saifullah%20Mansur/Bohota%20Nodi/8ze%20kOno%20kaj.mp3"
"singers/Saifullah Mansur/Bohota Nodi/9hat duti sada.mp3","https://pub-d7aa2a1ce06c45019530da0ea90f67d8.r2.dev/singers/Saifullah%20Mansur/Bohota%20Nodi/9hat%20duti%20sada.mp3"
"singers/Saifullah Mansur/Bohota Nodi/ending.mp3","https://pub-d7aa2a1ce06c45019530da0ea90f67d8.r2.dev/singers/Saifullah%20Mansur/Bohota%20Nodi/ending.mp3"
"singers/Saifullah Mansur/Chiro Omlan.mp3","https://pub-d7aa2a1ce06c45019530da0ea90f67d8.r2.dev/singers/Saifullah%20Mansur/Chiro%20Omlan.mp3"
"singers/Saifullah Mansur/Chiro Omlan/01.amra-prithibir-zekhane-thaki.mp3","https://pub-d7aa2a1ce06c45019530da0ea90f67d8.r2.dev/singers/Saifullah%20Mansur/Chiro%20Omlan/01.amra-prithibir-zekhane-thaki.mp3"
"singers/Saifullah Mansur/Chiro Omlan/02.ya-allah-ya-rahman.mp3","https://pub-d7aa2a1ce06c45019530da0ea90f67d8.r2.dev/singers/Saifullah%20Mansur/Chiro%20Omlan/02.ya-allah-ya-rahman.mp3"
"singers/Saifullah Mansur/Chiro Omlan/03.allah-zokhon-kauke-dhoren.mp3","https://pub-d7aa2a1ce06c45019530da0ea90f67d8.r2.dev/singers/Saifullah%20Mansur/Chiro%20Omlan/03.allah-zokhon-kauke-dhoren.mp3"
"singers/Saifullah Mansur/Chiro Omlan/04.rasulullah-nabiullah.mp3","https://pub-d7aa2a1ce06c45019530da0ea90f67d8.r2.dev/singers/Saifullah%20Mansur/Chiro%20Omlan/04.rasulullah-nabiullah.mp3"
"singers/Saifullah Mansur/Chiro Omlan/05.somoy-to-boye-boye-zay.mp3","https://pub-d7aa2a1ce06c45019530da0ea90f67d8.r2.dev/singers/Saifullah%20Mansur/Chiro%20Omlan/05.somoy-to-boye-boye-zay.mp3"
"singers/Saifullah Mansur/Chiro Omlan/06.amar-ajo-dak-aseni.mp3","https://pub-d7aa2a1ce06c45019530da0ea90f67d8.r2.dev/singers/Saifullah%20Mansur/Chiro%20Omlan/06.amar-ajo-dak-aseni.mp3"
"singers/Saifullah Mansur/Chiro Omlan/07.amader-ai-duti-khali-hat.mp3","https://pub-d7aa2a1ce06c45019530da0ea90f67d8.r2.dev/singers/Saifullah%20Mansur/Chiro%20Omlan/07.amader-ai-duti-khali-hat.mp3"
"singers/Saifullah Mansur/Chiro Omlan/08.tomari-name-gay-pakhira-gan.mp3","https://pub-d7aa2a1ce06c45019530da0ea90f67d8.r2.dev/singers/Saifullah%20Mansur/Chiro%20Omlan/08.tomari-name-gay-pakhira-gan.mp3"
"singers/Saifullah Mansur/Chiro Omlan/09.abar-asbe-fire.mp3","https://pub-d7aa2a1ce06c45019530da0ea90f67d8.r2.dev/singers/Saifullah%20Mansur/Chiro%20Omlan/09.abar-asbe-fire.mp3"
"singers/Saifullah Mansur/Chiro Omlan/10.baba-tumi-chole-gecho.mp3","https://pub-d7aa2a1ce06c45019530da0ea90f67d8.r2.dev/singers/Saifullah%20Mansur/Chiro%20Omlan/10.baba-tumi-chole-gecho.mp3"
"singers/Saifullah Mansur/Minarer Sur/01.-rob-ke-tomar.mp3","https://pub-d7aa2a1ce06c45019530da0ea90f67d8.r2.dev/singers/Saifullah%20Mansur/Minarer%20Sur/01.-rob-ke-tomar.mp3"
"singers/Saifullah Mansur/Minarer Sur/02.-eso-quraner-chayatole.mp3","https://pub-d7aa2a1ce06c45019530da0ea90f67d8.r2.dev/singers/Saifullah%20Mansur/Minarer%20Sur/02.-eso-quraner-chayatole.mp3"
"singers/Saifullah Mansur/Minarer Sur/03.-sonali-sei.mp3","https://pub-d7aa2a1ce06c45019530da0ea90f67d8.r2.dev/singers/Saifullah%20Mansur/Minarer%20Sur/03.-sonali-sei.mp3"
"singers/Saifullah Mansur/Minarer Sur/04.-jolchhe-kashmir.mp3","https://pub-d7aa2a1ce06c45019530da0ea90f67d8.r2.dev/singers/Saifullah%20Mansur/Minarer%20Sur/04.-jolchhe-kashmir.mp3"
"singers/Saifullah Mansur/Minarer Sur/05.-aaj-somoyta.mp3","https://pub-d7aa2a1ce06c45019530da0ea90f67d8.r2.dev/singers/Saifullah%20Mansur/Minarer%20Sur/05.-aaj-somoyta.mp3"
"singers/Saifullah Mansur/Minarer Sur/06.-jara-allah-r.mp3","https://pub-d7aa2a1ce06c45019530da0ea90f67d8.r2.dev/singers/Saifullah%20Mansur/Minarer%20Sur/06.-jara-allah-r.mp3"
"singers/Saifullah Mansur/Minarer Sur/07.-raat-ketechhe.mp3","https://pub-d7aa2a1ce06c45019530da0ea90f67d8.r2.dev/singers/Saifullah%20Mansur/Minarer%20Sur/07.-raat-ketechhe.mp3"
"singers/Saifullah Mansur/Minarer Sur/08.-allah-chhara.mp3","https://pub-d7aa2a1ce06c45019530da0ea90f67d8.r2.dev/singers/Saifullah%20Mansur/Minarer%20Sur/08.-allah-chhara.mp3"
"singers/Saifullah Mansur/Minarer Sur/09.-chhere-dao.mp3","https://pub-d7aa2a1ce06c45019530da0ea90f67d8.r2.dev/singers/Saifullah%20Mansur/Minarer%20Sur/09.-chhere-dao.mp3"
"singers/Saifullah Mansur/Minarer Sur/10.-adhar-raate.mp3","https://pub-d7aa2a1ce06c45019530da0ea90f67d8.r2.dev/singers/Saifullah%20Mansur/Minarer%20Sur/10.-adhar-raate.mp3"
"singers/Saifullah Mansur/Minarer Sur/11.-allah-tumi.mp3","https://pub-d7aa2a1ce06c45019530da0ea90f67d8.r2.dev/singers/Saifullah%20Mansur/Minarer%20Sur/11.-allah-tumi.mp3"
"singers/Saifullah Mansur/Minarer Sur/12.-ek-hou-muslim.mp3","https://pub-d7aa2a1ce06c45019530da0ea90f67d8.r2.dev/singers/Saifullah%20Mansur/Minarer%20Sur/12.-ek-hou-muslim.mp3"
"singers/Saifullah Mansur/Minarer Sur/13.-bhober-ei-rong.mp3","https://pub-d7aa2a1ce06c45019530da0ea90f67d8.r2.dev/singers/Saifullah%20Mansur/Minarer%20Sur/13.-bhober-ei-rong.mp3"
"singers/Saifullah Mansur/Minarer Sur/14.-amader-ek-kore.mp3","https://pub-d7aa2a1ce06c45019530da0ea90f67d8.r2.dev/singers/Saifullah%20Mansur/Minarer%20Sur/14.-amader-ek-kore.mp3"
"singers/Saifullah Mansur/Minarer Sur/15.-o-nayer-naiya.mp3","https://pub-d7aa2a1ce06c45019530da0ea90f67d8.r2.dev/singers/Saifullah%20Mansur/Minarer%20Sur/15.-o-nayer-naiya.mp3"
"singers/Saifullah Mansur/Monon/1-zokhon-amay.mp3","https://pub-d7aa2a1ce06c45019530da0ea90f67d8.r2.dev/singers/Saifullah%20Mansur/Monon/1-zokhon-amay.mp3"
"singers/Saifullah Mansur/Monon/10-jonotar-sagore.mp3","https://pub-d7aa2a1ce06c45019530da0ea90f67d8.r2.dev/singers/Saifullah%20Mansur/Monon/10-jonotar-sagore.mp3"
"singers/Saifullah Mansur/Monon/11-zar-kache-priyo.mp3","https://pub-d7aa2a1ce06c45019530da0ea90f67d8.r2.dev/singers/Saifullah%20Mansur/Monon/11-zar-kache-priyo.mp3"
"singers/Saifullah Mansur/Monon/12-namaj-hole-sahi.mp3","https://pub-d7aa2a1ce06c45019530da0ea90f67d8.r2.dev/singers/Saifullah%20Mansur/Monon/12-namaj-hole-sahi.mp3"
"singers/Saifullah Mansur/Monon/13-nirashate-asha.mp3","https://pub-d7aa2a1ce06c45019530da0ea90f67d8.r2.dev/singers/Saifullah%20Mansur/Monon/13-nirashate-asha.mp3"
"singers/Saifullah Mansur/Monon/14-tomake-smoron.mp3","https://pub-d7aa2a1ce06c45019530da0ea90f67d8.r2.dev/singers/Saifullah%20Mansur/Monon/14-tomake-smoron.mp3"
"singers/Saifullah Mansur/Monon/2-amader-naformani.mp3","https://pub-d7aa2a1ce06c45019530da0ea90f67d8.r2.dev/singers/Saifullah%20Mansur/Monon/2-amader-naformani.mp3"
"singers/Saifullah Mansur/Monon/3-amar-e-gan.mp3","https://pub-d7aa2a1ce06c45019530da0ea90f67d8.r2.dev/singers/Saifullah%20Mansur/Monon/3-amar-e-gan.mp3"
"singers/Saifullah Mansur/Monon/4-ami-gunahgar.mp3","https://pub-d7aa2a1ce06c45019530da0ea90f67d8.r2.dev/singers/Saifullah%20Mansur/Monon/4-ami-gunahgar.mp3"
"singers/Saifullah Mansur/Monon/5-ami-zodi-hoi.mp3","https://pub-d7aa2a1ce06c45019530da0ea90f67d8.r2.dev/singers/Saifullah%20Mansur/Monon/5-ami-zodi-hoi.mp3"
"singers/Saifullah Mansur/Monon/6-eso-na-Allahr.mp3","https://pub-d7aa2a1ce06c45019530da0ea90f67d8.r2.dev/singers/Saifullah%20Mansur/Monon/6-eso-na-Allahr.mp3"
"singers/Saifullah Mansur/Monon/7-he-korunar-adhar.mp3","https://pub-d7aa2a1ce06c45019530da0ea90f67d8.r2.dev/singers/Saifullah%20Mansur/Monon/7-he-korunar-adhar.mp3"
"singers/Saifullah Mansur/Monon/8-hotashar-kotha-tumi.mp3","https://pub-d7aa2a1ce06c45019530da0ea90f67d8.r2.dev/singers/Saifullah%20Mansur/Monon/8-hotashar-kotha-tumi.mp3"
"singers/Saifullah Mansur/Monon/9-ek-muhurter.mp3","https://pub-d7aa2a1ce06c45019530da0ea90f67d8.r2.dev/singers/Saifullah%20Mansur/Monon/9-ek-muhurter.mp3"
"singers/Saifullah Mansur/Muslim hain hum watan.mp3","https://pub-d7aa2a1ce06c45019530da0ea90f67d8.r2.dev/singers/Saifullah%20Mansur/Muslim%20hain%20hum%20watan.mp3"
"singers/Saifullah Mansur/Onuronon/Onuronon-full-album.mp3","https://pub-d7aa2a1ce06c45019530da0ea90f67d8.r2.dev/singers/Saifullah%20Mansur/Onuronon/Onuronon-full-album.mp3"
"singers/Saifullah Mansur/Onuronon/ze-ful-zug-zugantore.mp3","https://pub-d7aa2a1ce06c45019530da0ea90f67d8.r2.dev/singers/Saifullah%20Mansur/Onuronon/ze-ful-zug-zugantore.mp3"
"singers/Saifullah Mansur/Sondipon/1-minarer-sur.mp3","https://pub-d7aa2a1ce06c45019530da0ea90f67d8.r2.dev/singers/Saifullah%20Mansur/Sondipon/1-minarer-sur.mp3"
"singers/Saifullah Mansur/Sondipon/10-muminra-to.mp3","https://pub-d7aa2a1ce06c45019530da0ea90f67d8.r2.dev/singers/Saifullah%20Mansur/Sondipon/10-muminra-to.mp3"
"singers/Saifullah Mansur/Sondipon/11-allahu-name.mp3","https://pub-d7aa2a1ce06c45019530da0ea90f67d8.r2.dev/singers/Saifullah%20Mansur/Sondipon/11-allahu-name.mp3"
"singers/Saifullah Mansur/Sondipon/12-rater-ondhokare.mp3","https://pub-d7aa2a1ce06c45019530da0ea90f67d8.r2.dev/singers/Saifullah%20Mansur/Sondipon/12-rater-ondhokare.mp3"
"singers/Saifullah Mansur/Sondipon/13-proshongsha-tomar.mp3","https://pub-d7aa2a1ce06c45019530da0ea90f67d8.r2.dev/singers/Saifullah%20Mansur/Sondipon/13-proshongsha-tomar.mp3"
"singers/Saifullah Mansur/Sondipon/14-ki-sukhe-ghumao.mp3","https://pub-d7aa2a1ce06c45019530da0ea90f67d8.r2.dev/singers/Saifullah%20Mansur/Sondipon/14-ki-sukhe-ghumao.mp3"
"singers/Saifullah Mansur/Sondipon/15-zokhoni-govir.mp3","https://pub-d7aa2a1ce06c45019530da0ea90f67d8.r2.dev/singers/Saifullah%20Mansur/Sondipon/15-zokhoni-govir.mp3"
"singers/Saifullah Mansur/Sondipon/2-batasera-kane.mp3","https://pub-d7aa2a1ce06c45019530da0ea90f67d8.r2.dev/singers/Saifullah%20Mansur/Sondipon/2-batasera-kane.mp3"
"singers/Saifullah Mansur/Sondipon/3-zedike-takai.mp3","https://pub-d7aa2a1ce06c45019530da0ea90f67d8.r2.dev/singers/Saifullah%20Mansur/Sondipon/3-zedike-takai.mp3"
"singers/Saifullah Mansur/Sondipon/4-tumi-poth-vule.mp3","https://pub-d7aa2a1ce06c45019530da0ea90f67d8.r2.dev/singers/Saifullah%20Mansur/Sondipon/4-tumi-poth-vule.mp3"
"singers/Saifullah Mansur/Sondipon/5-dukh-sobar-pashe.mp3","https://pub-d7aa2a1ce06c45019530da0ea90f67d8.r2.dev/singers/Saifullah%20Mansur/Sondipon/5-dukh-sobar-pashe.mp3"
"singers/Saifullah Mansur/Sondipon/6-amra-hobo-bir.mp3","https://pub-d7aa2a1ce06c45019530da0ea90f67d8.r2.dev/singers/Saifullah%20Mansur/Sondipon/6-amra-hobo-bir.mp3"
"singers/Saifullah Mansur/Sondipon/7-amar-zoto-dukh.mp3","https://pub-d7aa2a1ce06c45019530da0ea90f67d8.r2.dev/singers/Saifullah%20Mansur/Sondipon/7-amar-zoto-dukh.mp3"
"singers/Saifullah Mansur/Sondipon/8-ei-ze-sobuj.mp3","https://pub-d7aa2a1ce06c45019530da0ea90f67d8.r2.dev/singers/Saifullah%20Mansur/Sondipon/8-ei-ze-sobuj.mp3"
"singers/Saifullah Mansur/Sondipon/9-ke-acho-emon.mp3","https://pub-d7aa2a1ce06c45019530da0ea90f67d8.r2.dev/singers/Saifullah%20Mansur/Sondipon/9-ke-acho-emon.mp3"
"singers/Saifullah Mansur/Spondon Saifullah Mansur.mp3","https://pub-d7aa2a1ce06c45019530da0ea90f67d8.r2.dev/singers/Saifullah%20Mansur/Spondon%20Saifullah%20Mansur.mp3"
"singers/Saifullah Mansur/Spondon/1-ei-bari-ei.mp3","https://pub-d7aa2a1ce06c45019530da0ea90f67d8.r2.dev/singers/Saifullah%20Mansur/Spondon/1-ei-bari-ei.mp3"
"singers/Saifullah Mansur/Spondon/2-eito-jibon.mp3","https://pub-d7aa2a1ce06c45019530da0ea90f67d8.r2.dev/singers/Saifullah%20Mansur/Spondon/2-eito-jibon.mp3"
"singers/Saifullah Mansur/Spondon/3-aj-khub-porche.mp3","https://pub-d7aa2a1ce06c45019530da0ea90f67d8.r2.dev/singers/Saifullah%20Mansur/Spondon/3-aj-khub-porche.mp3"
"singers/Saifullah Mansur/Spondon/4-ekhane-ki-keu.mp3","https://pub-d7aa2a1ce06c45019530da0ea90f67d8.r2.dev/singers/Saifullah%20Mansur/Spondon/4-ekhane-ki-keu.mp3"
"singers/Saifullah Mansur/Spondon/5-cholo-mujahid.mp3","https://pub-d7aa2a1ce06c45019530da0ea90f67d8.r2.dev/singers/Saifullah%20Mansur/Spondon/5-cholo-mujahid.mp3"
"singers/Saifullah Mansur/Spondon/6-hijol-bone.mp3","https://pub-d7aa2a1ce06c45019530da0ea90f67d8.r2.dev/singers/Saifullah%20Mansur/Spondon/6-hijol-bone.mp3"
"singers/Saifullah Mansur/Spondon/7-jiboner-sona-jhora.mp3","https://pub-d7aa2a1ce06c45019530da0ea90f67d8.r2.dev/singers/Saifullah%20Mansur/Spondon/7-jiboner-sona-jhora.mp3"
"singers/Saifullah Mansur/Spondon/8-kal-ekhane-chilo.mp3","https://pub-d7aa2a1ce06c45019530da0ea90f67d8.r2.dev/singers/Saifullah%20Mansur/Spondon/8-kal-ekhane-chilo.mp3"
"singers/Saifullah Mansur/Uttoron/01.Dhormer-pothe-shohid-jahara.mp3","https://pub-d7aa2a1ce06c45019530da0ea90f67d8.r2.dev/singers/Saifullah%20Mansur/Uttoron/01.Dhormer-pothe-shohid-jahara.mp3"
"singers/Saifullah Mansur/Uttoron/02.Tumi-chara-ei-prithibi-orthohin.mp3","https://pub-d7aa2a1ce06c45019530da0ea90f67d8.r2.dev/singers/Saifullah%20Mansur/Uttoron/02.Tumi-chara-ei-prithibi-orthohin.mp3"
"singers/Saifullah Mansur/Uttoron/03.Gorib-dukhir-sobar-tini.mp3","https://pub-d7aa2a1ce06c45019530da0ea90f67d8.r2.dev/singers/Saifullah%20Mansur/Uttoron/03.Gorib-dukhir-sobar-tini.mp3"
"singers/Saifullah Mansur/Uttoron/04.Shohidi-moron-diyo-amake.mp3","https://pub-d7aa2a1ce06c45019530da0ea90f67d8.r2.dev/singers/Saifullah%20Mansur/Uttoron/04.Shohidi-moron-diyo-amake.mp3"
"singers/Saifullah Mansur/Uttoron/05.Jibon-tori-baite-giye.mp3","https://pub-d7aa2a1ce06c45019530da0ea90f67d8.r2.dev/singers/Saifullah%20Mansur/Uttoron/05.Jibon-tori-baite-giye.mp3"
"singers/Saifullah Mansur/Uttoron/06.Aj-achito-kalke-nai.mp3","https://pub-d7aa2a1ce06c45019530da0ea90f67d8.r2.dev/singers/Saifullah%20Mansur/Uttoron/06.Aj-achito-kalke-nai.mp3"
"singers/Saifullah Mansur/Uttoron/07.Allah-amar-rob-ei-robi-amar-sob.mp3","https://pub-d7aa2a1ce06c45019530da0ea90f67d8.r2.dev/singers/Saifullah%20Mansur/Uttoron/07.Allah-amar-rob-ei-robi-amar-sob.mp3"
"singers/Saifullah Mansur/Uttoron/08.O-Akash-tomar-nilero-simana.mp3","https://pub-d7aa2a1ce06c45019530da0ea90f67d8.r2.dev/singers/Saifullah%20Mansur/Uttoron/08.O-Akash-tomar-nilero-simana.mp3"
"singers/Saifullah Mansur/Uttoron/09.Nodir-majhe-nouka-chalai.mp3","https://pub-d7aa2a1ce06c45019530da0ea90f67d8.r2.dev/singers/Saifullah%20Mansur/Uttoron/09.Nodir-majhe-nouka-chalai.mp3"
"singers/Saifullah Mansur/Uttoron/10.Boloto-kar-isharay-golap.mp3","https://pub-d7aa2a1ce06c45019530da0ea90f67d8.r2.dev/singers/Saifullah%20Mansur/Uttoron/10.Boloto-kar-isharay-golap.mp3"
"singers/Saifullah Mansur/Uttoron/11.Eito-jibon-cheye-na-paoyar.mp3","https://pub-d7aa2a1ce06c45019530da0ea90f67d8.r2.dev/singers/Saifullah%20Mansur/Uttoron/11.Eito-jibon-cheye-na-paoyar.mp3"
"singers/Saifullah Mansur/Uttoron/12.Jiboneri-khela-ghor.mp3","https://pub-d7aa2a1ce06c45019530da0ea90f67d8.r2.dev/singers/Saifullah%20Mansur/Uttoron/12.Jiboneri-khela-ghor.mp3"
"singers/Saifullah Mansur/Uttoron/13.Jiboner-shat-rong-khuje.mp3","https://pub-d7aa2a1ce06c45019530da0ea90f67d8.r2.dev/singers/Saifullah%20Mansur/Uttoron/13.Jiboner-shat-rong-khuje.mp3"
"singers/Saifullah Mansur/Uttoron/AlbumArtSmall.jpg","https://pub-d7aa2a1ce06c45019530da0ea90f67d8.r2.dev/singers/Saifullah%20Mansur/Uttoron/AlbumArtSmall.jpg"
"singers/Saifullah Mansur/Uttoron/AlbumArt_{B5020207-474E-4720-28DE-5C35D7791A00}_Large.jpg","https://pub-d7aa2a1ce06c45019530da0ea90f67d8.r2.dev/singers/Saifullah%20Mansur/Uttoron/AlbumArt_{B5020207-474E-4720-28DE-5C35D7791A00}_Large.jpg"
"singers/Saifullah Mansur/Uttoron/AlbumArt_{B5020207-474E-4720-28DE-5C35D7791A00}_Small.jpg","https://pub-d7aa2a1ce06c45019530da0ea90f67d8.r2.dev/singers/Saifullah%20Mansur/Uttoron/AlbumArt_{B5020207-474E-4720-28DE-5C35D7791A00}_Small.jpg"
"singers/Saifullah Mansur/Uttoron/AlbumArt_{B5020207-474E-4720-4F06-5F34EC633800}_Large.jpg","https://pub-d7aa2a1ce06c45019530da0ea90f67d8.r2.dev/singers/Saifullah%20Mansur/Uttoron/AlbumArt_{B5020207-474E-4720-4F06-5F34EC633800}_Large.jpg"
"singers/Saifullah Mansur/Uttoron/AlbumArt_{B5020207-474E-4720-4F06-5F34EC633800}_Small.jpg","https://pub-d7aa2a1ce06c45019530da0ea90f67d8.r2.dev/singers/Saifullah%20Mansur/Uttoron/AlbumArt_{B5020207-474E-4720-4F06-5F34EC633800}_Small.jpg"
"singers/Saifullah Mansur/Uttoron/Folder.jpg","https://pub-d7aa2a1ce06c45019530da0ea90f67d8.r2.dev/singers/Saifullah%20Mansur/Uttoron/Folder.jpg"
"singers/Saifullah Mansur/misc/3ke ache.mp3","https://pub-d7aa2a1ce06c45019530da0ea90f67d8.r2.dev/singers/Saifullah%20Mansur/misc/3ke%20ache.mp3"
"singers/Saifullah Mansur/misc/4muminrato.mp3","https://pub-d7aa2a1ce06c45019530da0ea90f67d8.r2.dev/singers/Saifullah%20Mansur/misc/4muminrato.mp3"
"singers/Saifullah Mansur/misc/Aaj khub porse.mp3","https://pub-d7aa2a1ce06c45019530da0ea90f67d8.r2.dev/singers/Saifullah%20Mansur/misc/Aaj%20khub%20porse.mp3"
"singers/Saifullah Mansur/misc/Allah amar Rab.mp3","https://pub-d7aa2a1ce06c45019530da0ea90f67d8.r2.dev/singers/Saifullah%20Mansur/misc/Allah%20amar%20Rab.mp3"
"singers/Saifullah Mansur/misc/Allah ke je.mp3","https://pub-d7aa2a1ce06c45019530da0ea90f67d8.r2.dev/singers/Saifullah%20Mansur/misc/Allah%20ke%20je.mp3"
"singers/Saifullah Mansur/misc/Amar-e-Maa.mp3","https://pub-d7aa2a1ce06c45019530da0ea90f67d8.r2.dev/singers/Saifullah%20Mansur/misc/Amar-e-Maa.mp3"
"singers/Saifullah Mansur/misc/Amari gun.mp3","https://pub-d7aa2a1ce06c45019530da0ea90f67d8.r2.dev/singers/Saifullah%20Mansur/misc/Amari%20gun.mp3"
"singers/Saifullah Mansur/misc/Ek muhurter nai.mp3","https://pub-d7aa2a1ce06c45019530da0ea90f67d8.r2.dev/singers/Saifullah%20Mansur/misc/Ek%20muhurter%20nai.mp3"
"singers/Saifullah Mansur/misc/FormatFactory4muminrato.mp3","https://pub-d7aa2a1ce06c45019530da0ea90f67d8.r2.dev/singers/Saifullah%20Mansur/misc/FormatFactory4muminrato.mp3"
"singers/Saifullah Mansur/misc/Hey Rasul Bujhina.mp3","https://pub-d7aa2a1ce06c45019530da0ea90f67d8.r2.dev/singers/Saifullah%20Mansur/misc/Hey%20Rasul%20Bujhina.mp3"
"singers/Saifullah Mansur/misc/Jakhon amay.mp3","https://pub-d7aa2a1ce06c45019530da0ea90f67d8.r2.dev/singers/Saifullah%20Mansur/misc/Jakhon%20amay.mp3"
"singers/Saifullah Mansur/misc/Je kono kaj.mp3","https://pub-d7aa2a1ce06c45019530da0ea90f67d8.r2.dev/singers/Saifullah%20Mansur/misc/Je%20kono%20kaj.mp3"
"singers/Saifullah Mansur/misc/Masjideri pashe.mp3","https://pub-d7aa2a1ce06c45019530da0ea90f67d8.r2.dev/singers/Saifullah%20Mansur/misc/Masjideri%20pashe.mp3"
"singers/Saifullah Mansur/misc/Prithibi amar.mp3","https://pub-d7aa2a1ce06c45019530da0ea90f67d8.r2.dev/singers/Saifullah%20Mansur/misc/Prithibi%20amar.mp3"
"singers/Saifullah Mansur/misc/bonti amar chilo.mp3","https://pub-d7aa2a1ce06c45019530da0ea90f67d8.r2.dev/singers/Saifullah%20Mansur/misc/bonti%20amar%20chilo.mp3"
"singers/Saifullah Mansur/misc/ei bari ei ghor.mp3","https://pub-d7aa2a1ce06c45019530da0ea90f67d8.r2.dev/singers/Saifullah%20Mansur/misc/ei%20bari%20ei%20ghor.mp3"
"singers/Saifullah Mansur/misc/eito jibon.mp3","https://pub-d7aa2a1ce06c45019530da0ea90f67d8.r2.dev/singers/Saifullah%20Mansur/misc/eito%20jibon.mp3"
"singers/Saifullah Mansur/misc/emon jodi.mp3","https://pub-d7aa2a1ce06c45019530da0ea90f67d8.r2.dev/singers/Saifullah%20Mansur/misc/emon%20jodi.mp3"
"singers/Saifullah Mansur/misc/hijol bone paliye.mp3","https://pub-d7aa2a1ce06c45019530da0ea90f67d8.r2.dev/singers/Saifullah%20Mansur/misc/hijol%20bone%20paliye.mp3"
"singers/Saifullah Mansur/misc/jibon tori baiyte giye.mp3","https://pub-d7aa2a1ce06c45019530da0ea90f67d8.r2.dev/singers/Saifullah%20Mansur/misc/jibon%20tori%20baiyte%20giye.mp3"
"singers/Saifullah Mansur/misc/kotodin dehina.mp3","https://pub-d7aa2a1ce06c45019530da0ea90f67d8.r2.dev/singers/Saifullah%20Mansur/misc/kotodin%20dehina.mp3"
"singers/Saifullah Mansur/misc/minarer sur ki.mp3","https://pub-d7aa2a1ce06c45019530da0ea90f67d8.r2.dev/singers/Saifullah%20Mansur/misc/minarer%20sur%20ki.mp3"
"singers/Saifullah Mansur/misc/mortei hobe jokhon.mp3","https://pub-d7aa2a1ce06c45019530da0ea90f67d8.r2.dev/singers/Saifullah%20Mansur/misc/mortei%20hobe%20jokhon.mp3"
"singers/Saifullah Mansur/somoy to boye boye zay.mp3","https://pub-d7aa2a1ce06c45019530da0ea90f67d8.r2.dev/singers/Saifullah%20Mansur/somoy%20to%20boye%20boye%20zay.mp3"
"singers/Shahabuddin/Allahke Sotyi Valobase Ze/1-Allahke-sotyi-valobase.mp3","https://pub-d7aa2a1ce06c45019530da0ea90f67d8.r2.dev/singers/Shahabuddin/Allahke%20Sotyi%20Valobase%20Ze/1-Allahke-sotyi-valobase.mp3"
"singers/Shahabuddin/Allahke Sotyi Valobase Ze/10-baba-tumi-kothay.mp3","https://pub-d7aa2a1ce06c45019530da0ea90f67d8.r2.dev/singers/Shahabuddin/Allahke%20Sotyi%20Valobase%20Ze/10-baba-tumi-kothay.mp3"
"singers/Shahabuddin/Allahke Sotyi Valobase Ze/11-ma-ze-amar.mp3","https://pub-d7aa2a1ce06c45019530da0ea90f67d8.r2.dev/singers/Shahabuddin/Allahke%20Sotyi%20Valobase%20Ze/11-ma-ze-amar.mp3"
"singers/Shahabuddin/Allahke Sotyi Valobase Ze/12-megher-chadoa.mp3","https://pub-d7aa2a1ce06c45019530da0ea90f67d8.r2.dev/singers/Shahabuddin/Allahke%20Sotyi%20Valobase%20Ze/12-megher-chadoa.mp3"
"singers/Shahabuddin/Allahke Sotyi Valobase Ze/13-zotodin-ei-dehe.mp3","https://pub-d7aa2a1ce06c45019530da0ea90f67d8.r2.dev/singers/Shahabuddin/Allahke%20Sotyi%20Valobase%20Ze/13-zotodin-ei-dehe.mp3"
"singers/Shahabuddin/Allahke Sotyi Valobase Ze/2-Allah-created.mp3","https://pub-d7aa2a1ce06c45019530da0ea90f67d8.r2.dev/singers/Shahabuddin/Allahke%20Sotyi%20Valobase%20Ze/2-Allah-created.mp3"
"singers/Shahabuddin/Allahke Sotyi Valobase Ze/3-abar-pran-fire-pabe.mp3","https://pub-d7aa2a1ce06c45019530da0ea90f67d8.r2.dev/singers/Shahabuddin/Allahke%20Sotyi%20Valobase%20Ze/3-abar-pran-fire-pabe.mp3"
"singers/Shahabuddin/Allahke Sotyi Valobase Ze/4-Allah-namer-tyasbih.mp3","https://pub-d7aa2a1ce06c45019530da0ea90f67d8.r2.dev/singers/Shahabuddin/Allahke%20Sotyi%20Valobase%20Ze/4-Allah-namer-tyasbih.mp3"
"singers/Shahabuddin/Allahke Sotyi Valobase Ze/5-ekti-nodi-ekti-sobuj.mp3","https://pub-d7aa2a1ce06c45019530da0ea90f67d8.r2.dev/singers/Shahabuddin/Allahke%20Sotyi%20Valobase%20Ze/5-ekti-nodi-ekti-sobuj.mp3"
"singers/Shahabuddin/Allahke Sotyi Valobase Ze/6-ki-ze-modhur-lage.mp3","https://pub-d7aa2a1ce06c45019530da0ea90f67d8.r2.dev/singers/Shahabuddin/Allahke%20Sotyi%20Valobase%20Ze/6-ki-ze-modhur-lage.mp3"
"singers/Shahabuddin/Allahke Sotyi Valobase Ze/7-dheuer-pore-dheu.mp3","https://pub-d7aa2a1ce06c45019530da0ea90f67d8.r2.dev/singers/Shahabuddin/Allahke%20Sotyi%20Valobase%20Ze/7-dheuer-pore-dheu.mp3"
"singers/Shahabuddin/Allahke Sotyi Valobase Ze/8-tumi-arhal-pete.mp3","https://pub-d7aa2a1ce06c45019530da0ea90f67d8.r2.dev/singers/Shahabuddin/Allahke%20Sotyi%20Valobase%20Ze/8-tumi-arhal-pete.mp3"
"singers/Shahabuddin/Allahke Sotyi Valobase Ze/9-tomar-namer-gaane.mp3","https://pub-d7aa2a1ce06c45019530da0ea90f67d8.r2.dev/singers/Shahabuddin/Allahke%20Sotyi%20Valobase%20Ze/9-tomar-namer-gaane.mp3"
"singers/Shahabuddin/Allahke sotyi valabase ze.mp3","https://pub-d7aa2a1ce06c45019530da0ea90f67d8.r2.dev/singers/Shahabuddin/Allahke%20sotyi%20valabase%20ze.mp3"
"singers/Shahabuddin/Imaner Pothe/01. Imaner Pathe.mp3","https://pub-d7aa2a1ce06c45019530da0ea90f67d8.r2.dev/singers/Shahabuddin/Imaner%20Pothe/01.%20Imaner%20Pathe.mp3"
"singers/Shahabuddin/Imaner Pothe/02. Je Gaane Shekhar Kisu Nei.mp3","https://pub-d7aa2a1ce06c45019530da0ea90f67d8.r2.dev/singers/Shahabuddin/Imaner%20Pothe/02.%20Je%20Gaane%20Shekhar%20Kisu%20Nei.mp3"
"singers/Shahabuddin/Imaner Pothe/03. Vabte Parina Nei Tomader.mp3","https://pub-d7aa2a1ce06c45019530da0ea90f67d8.r2.dev/singers/Shahabuddin/Imaner%20Pothe/03.%20Vabte%20Parina%20Nei%20Tomader.mp3"
"singers/Shahabuddin/Imaner Pothe/04. Chokher Osru Jhorale.mp3","https://pub-d7aa2a1ce06c45019530da0ea90f67d8.r2.dev/singers/Shahabuddin/Imaner%20Pothe/04.%20Chokher%20Osru%20Jhorale.mp3"
"singers/Shahabuddin/Imaner Pothe/05. Klanto Hoye Ghumiye Gele.mp3","https://pub-d7aa2a1ce06c45019530da0ea90f67d8.r2.dev/singers/Shahabuddin/Imaner%20Pothe/05.%20Klanto%20Hoye%20Ghumiye%20Gele.mp3"
"singers/Shahabuddin/Imaner Pothe/06. Je Shokol Jubok.mp3","https://pub-d7aa2a1ce06c45019530da0ea90f67d8.r2.dev/singers/Shahabuddin/Imaner%20Pothe/06.%20Je%20Shokol%20Jubok.mp3"
"singers/Shahabuddin/Imaner Pothe/07. Amar Ei Chotto Jibon.mp3","https://pub-d7aa2a1ce06c45019530da0ea90f67d8.r2.dev/singers/Shahabuddin/Imaner%20Pothe/07.%20Amar%20Ei%20Chotto%20Jibon.mp3"
"singers/Shahabuddin/Imaner Pothe/08. Pakhir Gaane Gaane.mp3","https://pub-d7aa2a1ce06c45019530da0ea90f67d8.r2.dev/singers/Shahabuddin/Imaner%20Pothe/08.%20Pakhir%20Gaane%20Gaane.mp3"
"singers/Shahabuddin/Imaner Pothe/09. Ratketeche Sapne Bivor.mp3","https://pub-d7aa2a1ce06c45019530da0ea90f67d8.r2.dev/singers/Shahabuddin/Imaner%20Pothe/09.%20Ratketeche%20Sapne%20Bivor.mp3"
"singers/Shahabuddin/Imaner Pothe/10. Aj Bujhi Go Maer Batha.mp3","https://pub-d7aa2a1ce06c45019530da0ea90f67d8.r2.dev/singers/Shahabuddin/Imaner%20Pothe/10.%20Aj%20Bujhi%20Go%20Maer%20Batha.mp3"
"singers/Shahabuddin/Imaner Pothe/11. Jar Karone Alor Disa.mp3","https://pub-d7aa2a1ce06c45019530da0ea90f67d8.r2.dev/singers/Shahabuddin/Imaner%20Pothe/11.%20Jar%20Karone%20Alor%20Disa.mp3"
"singers/Shahabuddin/Imaner Pothe/12. Ami Gaan Gai Allahr Gaan.mp3","https://pub-d7aa2a1ce06c45019530da0ea90f67d8.r2.dev/singers/Shahabuddin/Imaner%20Pothe/12.%20Ami%20Gaan%20Gai%20Allahr%20Gaan.mp3"
"singers/Shahabuddin/Jibon Namer chotto ghuri/01. Jibon Namer Chotto Ghuri By Shahabuddin Shihab.mp3","https://pub-d7aa2a1ce06c45019530da0ea90f67d8.r2.dev/singers/Shahabuddin/Jibon%20Namer%20chotto%20ghuri/01.%20Jibon%20Namer%20Chotto%20Ghuri%20By%20Shahabuddin%20Shihab.mp3"
"singers/Shahabuddin/Jibon Namer chotto ghuri/02. Oporup Mohima.mp3","https://pub-d7aa2a1ce06c45019530da0ea90f67d8.r2.dev/singers/Shahabuddin/Jibon%20Namer%20chotto%20ghuri/02.%20Oporup%20Mohima.mp3"
"singers/Shahabuddin/Jibon Namer chotto ghuri/03. Ma Ameenar Khule Elen.mp3","https://pub-d7aa2a1ce06c45019530da0ea90f67d8.r2.dev/singers/Shahabuddin/Jibon%20Namer%20chotto%20ghuri/03.%20Ma%20Ameenar%20Khule%20Elen.mp3"
"singers/Shahabuddin/Jibon Namer chotto ghuri/04. Mon bhulano Rupe.mp3","https://pub-d7aa2a1ce06c45019530da0ea90f67d8.r2.dev/singers/Shahabuddin/Jibon%20Namer%20chotto%20ghuri/04.%20Mon%20bhulano%20Rupe.mp3"
"singers/Shahabuddin/Jibon Namer chotto ghuri/05. Hamaltul Hubbi.mp3","https://pub-d7aa2a1ce06c45019530da0ea90f67d8.r2.dev/singers/Shahabuddin/Jibon%20Namer%20chotto%20ghuri/05.%20Hamaltul%20Hubbi.mp3"
"singers/Shahabuddin/Jibon Namer chotto ghuri/06. Nijer Tore Jao Bhalo.mp3","https://pub-d7aa2a1ce06c45019530da0ea90f67d8.r2.dev/singers/Shahabuddin/Jibon%20Namer%20chotto%20ghuri/06.%20Nijer%20Tore%20Jao%20Bhalo.mp3"
"singers/Shahabuddin/Jibon Namer chotto ghuri/07. Diner Alo Surjo Hase.mp3","https://pub-d7aa2a1ce06c45019530da0ea90f67d8.r2.dev/singers/Shahabuddin/Jibon%20Namer%20chotto%20ghuri/07.%20Diner%20Alo%20Surjo%20Hase.mp3"
"singers/Shahabuddin/Jibon Namer chotto ghuri/08. Allah Tumi Oporup.mp3","https://pub-d7aa2a1ce06c45019530da0ea90f67d8.r2.dev/singers/Shahabuddin/Jibon%20Namer%20chotto%20ghuri/08.%20Allah%20Tumi%20Oporup.mp3"
"singers/Shahabuddin/Jibon Namer chotto ghuri/09. Akash Sundor.mp3","https://pub-d7aa2a1ce06c45019530da0ea90f67d8.r2.dev/singers/Shahabuddin/Jibon%20Namer%20chotto%20ghuri/09.%20Akash%20Sundor.mp3"
"singers/Shahabuddin/Jibon Namer chotto ghuri/10. frestara.mp3","https://pub-d7aa2a1ce06c45019530da0ea90f67d8.r2.dev/singers/Shahabuddin/Jibon%20Namer%20chotto%20ghuri/10.%20frestara.mp3"
"singers/Shahabuddin/Jibon Namer chotto ghuri/11. Modar Modar Mu.mp3","https://pub-d7aa2a1ce06c45019530da0ea90f67d8.r2.dev/singers/Shahabuddin/Jibon%20Namer%20chotto%20ghuri/11.%20Modar%20Modar%20Mu.mp3"
"singers/Shahabuddin/Jibon Namer chotto ghuri/12. Amar Desh.mp3","https://pub-d7aa2a1ce06c45019530da0ea90f67d8.r2.dev/singers/Shahabuddin/Jibon%20Namer%20chotto%20ghuri/12.%20Amar%20Desh.mp3"
"singers/Shahabuddin/Jibon Namer chotto ghuri/13. Ei Jibon Ar Duniyadari.mp3","https://pub-d7aa2a1ce06c45019530da0ea90f67d8.r2.dev/singers/Shahabuddin/Jibon%20Namer%20chotto%20ghuri/13.%20Ei%20Jibon%20Ar%20Duniyadari.mp3"
"singers/Shahabuddin/Jibon Namer chotto ghuri/14. Name Tomar Modhu Ache.mp3","https://pub-d7aa2a1ce06c45019530da0ea90f67d8.r2.dev/singers/Shahabuddin/Jibon%20Namer%20chotto%20ghuri/14.%20Name%20Tomar%20Modhu%20Ache.mp3"
"singers/Shahabuddin/kono-ekdin-edesher.mp3","https://pub-d7aa2a1ce06c45019530da0ea90f67d8.r2.dev/singers/Shahabuddin/kono-ekdin-edesher.mp3"
"singers/Shariful Islam/Oi chander alo aj.mp3","https://pub-d7aa2a1ce06c45019530da0ea90f67d8.r2.dev/singers/Shariful%20Islam/Oi%20chander%20alo%20aj.mp3"
"singers/Tarique Munawar/2/Ankhir aral hole.mp3","https://pub-d7aa2a1ce06c45019530da0ea90f67d8.r2.dev/singers/Tarique%20Munawar/2/Ankhir%20aral%20hole.mp3"
"singers/Tarique Munawar/2/ajo sei.mp3","https://pub-d7aa2a1ce06c45019530da0ea90f67d8.r2.dev/singers/Tarique%20Munawar/2/ajo%20sei.mp3"
"singers/Tarique Munawar/2/amake shahid kore.mp3","https://pub-d7aa2a1ce06c45019530da0ea90f67d8.r2.dev/singers/Tarique%20Munawar/2/amake%20shahid%20kore.mp3"
"singers/Tarique Munawar/2/azaner dhoni.mp3","https://pub-d7aa2a1ce06c45019530da0ea90f67d8.r2.dev/singers/Tarique%20Munawar/2/azaner%20dhoni.mp3"
"singers/Tarique Munawar/2/din jay din.mp3","https://pub-d7aa2a1ce06c45019530da0ea90f67d8.r2.dev/singers/Tarique%20Munawar/2/din%20jay%20din.mp3"
"singers/Tarique Munawar/2/ghumiye acho rasul.mp3","https://pub-d7aa2a1ce06c45019530da0ea90f67d8.r2.dev/singers/Tarique%20Munawar/2/ghumiye%20acho%20rasul.mp3"
"singers/Tarique Munawar/2/hasnahena futeche.mp3","https://pub-d7aa2a1ce06c45019530da0ea90f67d8.r2.dev/singers/Tarique%20Munawar/2/hasnahena%20futeche.mp3"
"singers/Tarique Munawar/2/he rasul.mp3","https://pub-d7aa2a1ce06c45019530da0ea90f67d8.r2.dev/singers/Tarique%20Munawar/2/he%20rasul.mp3"
"singers/Tarique Munawar/2/jedike takai ami.mp3","https://pub-d7aa2a1ce06c45019530da0ea90f67d8.r2.dev/singers/Tarique%20Munawar/2/jedike%20takai%20ami.mp3"
"singers/Tarique Munawar/2/jhorna jhorna.mp3","https://pub-d7aa2a1ce06c45019530da0ea90f67d8.r2.dev/singers/Tarique%20Munawar/2/jhorna%20jhorna.mp3"
"singers/Tarique Munawar/2/la ilaha illala.mp3","https://pub-d7aa2a1ce06c45019530da0ea90f67d8.r2.dev/singers/Tarique%20Munawar/2/la%20ilaha%20illala.mp3"
"singers/Tarique Munawar/2/o rahim o.mp3","https://pub-d7aa2a1ce06c45019530da0ea90f67d8.r2.dev/singers/Tarique%20Munawar/2/o%20rahim%20o.mp3"
"singers/Tarique Munawar/2/tumi acho hridoyer.mp3","https://pub-d7aa2a1ce06c45019530da0ea90f67d8.r2.dev/singers/Tarique%20Munawar/2/tumi%20acho%20hridoyer.mp3"
"singers/Tarique Munawar/Collection 2/-o-modinar-bulbuli.mp3","https://pub-d7aa2a1ce06c45019530da0ea90f67d8.r2.dev/singers/Tarique%20Munawar/Collection%202/-o-modinar-bulbuli.mp3"
"singers/Tarique Munawar/Collection 2/AlbumArtSmall.jpg","https://pub-d7aa2a1ce06c45019530da0ea90f67d8.r2.dev/singers/Tarique%20Munawar/Collection%202/AlbumArtSmall.jpg"
"singers/Tarique Munawar/Collection 2/Allahor-soinik.mp3","https://pub-d7aa2a1ce06c45019530da0ea90f67d8.r2.dev/singers/Tarique%20Munawar/Collection%202/Allahor-soinik.mp3"
"singers/Tarique Munawar/Collection 2/Allahr-rahmate.mp3","https://pub-d7aa2a1ce06c45019530da0ea90f67d8.r2.dev/singers/Tarique%20Munawar/Collection%202/Allahr-rahmate.mp3"
"singers/Tarique Munawar/Collection 2/Allahu-ei.mp3","https://pub-d7aa2a1ce06c45019530da0ea90f67d8.r2.dev/singers/Tarique%20Munawar/Collection%202/Allahu-ei.mp3"
"singers/Tarique Munawar/Collection 2/Folder.jpg","https://pub-d7aa2a1ce06c45019530da0ea90f67d8.r2.dev/singers/Tarique%20Munawar/Collection%202/Folder.jpg"
"singers/Tarique Munawar/Collection 2/Muhammad-mostofa.mp3","https://pub-d7aa2a1ce06c45019530da0ea90f67d8.r2.dev/singers/Tarique%20Munawar/Collection%202/Muhammad-mostofa.mp3"
"singers/Tarique Munawar/Collection 2/aj-nei-khulisiya.mp3","https://pub-d7aa2a1ce06c45019530da0ea90f67d8.r2.dev/singers/Tarique%20Munawar/Collection%202/aj-nei-khulisiya.mp3"
"singers/Tarique Munawar/Collection 2/ajo-sei-quran.mp3","https://pub-d7aa2a1ce06c45019530da0ea90f67d8.r2.dev/singers/Tarique%20Munawar/Collection%202/ajo-sei-quran.mp3"
"singers/Tarique Munawar/Collection 2/alor-prithibi.mp3","https://pub-d7aa2a1ce06c45019530da0ea90f67d8.r2.dev/singers/Tarique%20Munawar/Collection%202/alor-prithibi.mp3"
"singers/Tarique Munawar/Collection 2/amake-shahid.mp3","https://pub-d7aa2a1ce06c45019530da0ea90f67d8.r2.dev/singers/Tarique%20Munawar/Collection%202/amake-shahid.mp3"
"singers/Tarique Munawar/Collection 2/amar-jibon-ami.mp3","https://pub-d7aa2a1ce06c45019530da0ea90f67d8.r2.dev/singers/Tarique%20Munawar/Collection%202/amar-jibon-ami.mp3"
"singers/Tarique Munawar/Collection 2/amar-ma-pagol-aj.mp3","https://pub-d7aa2a1ce06c45019530da0ea90f67d8.r2.dev/singers/Tarique%20Munawar/Collection%202/amar-ma-pagol-aj.mp3"
"singers/Tarique Munawar/Collection 2/amar-mon-ami.mp3","https://pub-d7aa2a1ce06c45019530da0ea90f67d8.r2.dev/singers/Tarique%20Munawar/Collection%202/amar-mon-ami.mp3"
"singers/Tarique Munawar/Collection 2/amar-zokhon-furbae.mp3","https://pub-d7aa2a1ce06c45019530da0ea90f67d8.r2.dev/singers/Tarique%20Munawar/Collection%202/amar-zokhon-furbae.mp3"
"singers/Tarique Munawar/Collection 2/amari-jibon-hay.mp3","https://pub-d7aa2a1ce06c45019530da0ea90f67d8.r2.dev/singers/Tarique%20Munawar/Collection%202/amari-jibon-hay.mp3"
"singers/Tarique Munawar/Collection 2/ami-hote-chai.mp3","https://pub-d7aa2a1ce06c45019530da0ea90f67d8.r2.dev/singers/Tarique%20Munawar/Collection%202/ami-hote-chai.mp3"
"singers/Tarique Munawar/Collection 2/ar-kono-din.mp3","https://pub-d7aa2a1ce06c45019530da0ea90f67d8.r2.dev/singers/Tarique%20Munawar/Collection%202/ar-kono-din.mp3"
"singers/Tarique Munawar/Collection 2/ashar-hridoy-vora.mp3","https://pub-d7aa2a1ce06c45019530da0ea90f67d8.r2.dev/singers/Tarique%20Munawar/Collection%202/ashar-hridoy-vora.mp3"
"singers/Tarique Munawar/Collection 2/ashar-hridoy.mp3","https://pub-d7aa2a1ce06c45019530da0ea90f67d8.r2.dev/singers/Tarique%20Munawar/Collection%202/ashar-hridoy.mp3"
"singers/Tarique Munawar/Collection 2/din-zay-din-zay.mp3","https://pub-d7aa2a1ce06c45019530da0ea90f67d8.r2.dev/singers/Tarique%20Munawar/Collection%202/din-zay-din-zay.mp3"
"singers/Tarique Munawar/Collection 2/dwiner-ekafelay.mp3","https://pub-d7aa2a1ce06c45019530da0ea90f67d8.r2.dev/singers/Tarique%20Munawar/Collection%202/dwiner-ekafelay.mp3"
"singers/Tarique Munawar/Collection 2/ghumiye-ache.mp3","https://pub-d7aa2a1ce06c45019530da0ea90f67d8.r2.dev/singers/Tarique%20Munawar/Collection%202/ghumiye-ache.mp3"
"singers/Tarique Munawar/Collection 2/ghumiye-acho-rasul.mp3","https://pub-d7aa2a1ce06c45019530da0ea90f67d8.r2.dev/singers/Tarique%20Munawar/Collection%202/ghumiye-acho-rasul.mp3"
"singers/Tarique Munawar/Collection 2/hasnahena.mp3","https://pub-d7aa2a1ce06c45019530da0ea90f67d8.r2.dev/singers/Tarique%20Munawar/Collection%202/hasnahena.mp3"
"singers/Tarique Munawar/Collection 2/hotma-zodi.mp3","https://pub-d7aa2a1ce06c45019530da0ea90f67d8.r2.dev/singers/Tarique%20Munawar/Collection%202/hotma-zodi.mp3"
"singers/Tarique Munawar/Collection 2/hridoye-Muhammad.mp3","https://pub-d7aa2a1ce06c45019530da0ea90f67d8.r2.dev/singers/Tarique%20Munawar/Collection%202/hridoye-Muhammad.mp3"
"singers/Tarique Munawar/Collection 2/jhora-pata.mp3","https://pub-d7aa2a1ce06c45019530da0ea90f67d8.r2.dev/singers/Tarique%20Munawar/Collection%202/jhora-pata.mp3"
"singers/Tarique Munawar/Collection 2/jhorna-jhorna.mp3","https://pub-d7aa2a1ce06c45019530da0ea90f67d8.r2.dev/singers/Tarique%20Munawar/Collection%202/jhorna-jhorna.mp3"
"singers/Tarique Munawar/Collection 2/jindegi-fule.mp3","https://pub-d7aa2a1ce06c45019530da0ea90f67d8.r2.dev/singers/Tarique%20Munawar/Collection%202/jindegi-fule.mp3"
"singers/Tarique Munawar/Collection 2/kal-rate-ami.mp3","https://pub-d7aa2a1ce06c45019530da0ea90f67d8.r2.dev/singers/Tarique%20Munawar/Collection%202/kal-rate-ami.mp3"
"singers/Tarique Munawar/Collection 2/ki-ze-shukr.mp3","https://pub-d7aa2a1ce06c45019530da0ea90f67d8.r2.dev/singers/Tarique%20Munawar/Collection%202/ki-ze-shukr.mp3"
"singers/Tarique Munawar/Collection 2/la-ilaha-illallah.mp3","https://pub-d7aa2a1ce06c45019530da0ea90f67d8.r2.dev/singers/Tarique%20Munawar/Collection%202/la-ilaha-illallah.mp3"
"singers/Tarique Munawar/Collection 2/maf-koro.mp3","https://pub-d7aa2a1ce06c45019530da0ea90f67d8.r2.dev/singers/Tarique%20Munawar/Collection%202/maf-koro.mp3"
"singers/Tarique Munawar/Collection 2/mone-pore-pathshala.mp3","https://pub-d7aa2a1ce06c45019530da0ea90f67d8.r2.dev/singers/Tarique%20Munawar/Collection%202/mone-pore-pathshala.mp3"
"singers/Tarique Munawar/Collection 2/nana-rong-fule.mp3","https://pub-d7aa2a1ce06c45019530da0ea90f67d8.r2.dev/singers/Tarique%20Munawar/Collection%202/nana-rong-fule.mp3"
"singers/Tarique Munawar/Collection 2/nehi-do-jahane.mp3","https://pub-d7aa2a1ce06c45019530da0ea90f67d8.r2.dev/singers/Tarique%20Munawar/Collection%202/nehi-do-jahane.mp3"
"singers/Tarique Munawar/Collection 2/nodir-e-par.mp3","https://pub-d7aa2a1ce06c45019530da0ea90f67d8.r2.dev/singers/Tarique%20Munawar/Collection%202/nodir-e-par.mp3"
"singers/Tarique Munawar/Collection 2/o-amar-mornia.mp3","https://pub-d7aa2a1ce06c45019530da0ea90f67d8.r2.dev/singers/Tarique%20Munawar/Collection%202/o-amar-mornia.mp3"
"singers/Tarique Munawar/Collection 2/polli-gayenr-oi.mp3","https://pub-d7aa2a1ce06c45019530da0ea90f67d8.r2.dev/singers/Tarique%20Munawar/Collection%202/polli-gayenr-oi.mp3"
"singers/Tarique Munawar/Collection 2/quran-thakte.mp3","https://pub-d7aa2a1ce06c45019530da0ea90f67d8.r2.dev/singers/Tarique%20Munawar/Collection%202/quran-thakte.mp3"
"singers/Tarique Munawar/Collection 2/shahadat-chayi.mp3","https://pub-d7aa2a1ce06c45019530da0ea90f67d8.r2.dev/singers/Tarique%20Munawar/Collection%202/shahadat-chayi.mp3"
"singers/Tarique Munawar/Collection 2/shudhu-mukhete.mp3","https://pub-d7aa2a1ce06c45019530da0ea90f67d8.r2.dev/singers/Tarique%20Munawar/Collection%202/shudhu-mukhete.mp3"
"singers/Tarique Munawar/Collection 2/shun-chameli.mp3","https://pub-d7aa2a1ce06c45019530da0ea90f67d8.r2.dev/singers/Tarique%20Munawar/Collection%202/shun-chameli.mp3"
"singers/Tarique Munawar/Collection 2/sokol-bythar-bojha.mp3","https://pub-d7aa2a1ce06c45019530da0ea90f67d8.r2.dev/singers/Tarique%20Munawar/Collection%202/sokol-bythar-bojha.mp3"
"singers/Tarique Munawar/Collection 2/tumi-nai.mp3","https://pub-d7aa2a1ce06c45019530da0ea90f67d8.r2.dev/singers/Tarique%20Munawar/Collection%202/tumi-nai.mp3"
"singers/Tarique Munawar/Collection 2/ze-bytha.mp3","https://pub-d7aa2a1ce06c45019530da0ea90f67d8.r2.dev/singers/Tarique%20Munawar/Collection%202/ze-bytha.mp3"
"singers/Tarique Munawar/Collection/01. Allah ka ja paita chay.mp3","https://pub-d7aa2a1ce06c45019530da0ea90f67d8.r2.dev/singers/Tarique%20Munawar/Collection/01.%20Allah%20ka%20ja%20paita%20chay.mp3"
"singers/Tarique Munawar/Collection/02.ora ka bale arobe nadi nai.mp3","https://pub-d7aa2a1ce06c45019530da0ea90f67d8.r2.dev/singers/Tarique%20Munawar/Collection/02.ora%20ka%20bale%20arobe%20nadi%20nai.mp3"
"singers/Tarique Munawar/Collection/03. Tawhidar-r Mursid amar.mp3","https://pub-d7aa2a1ce06c45019530da0ea90f67d8.r2.dev/singers/Tarique%20Munawar/Collection/03.%20Tawhidar-r%20Mursid%20amar.mp3"
"singers/Tarique Munawar/Collection/04. Allah rasul japer gune ki halo dak.mp3","https://pub-d7aa2a1ce06c45019530da0ea90f67d8.r2.dev/singers/Tarique%20Munawar/Collection/04.%20Allah%20rasul%20japer%20gune%20ki%20halo%20dak.mp3"
"singers/Tarique Munawar/Collection/05. shono shono ya alahi.mp3","https://pub-d7aa2a1ce06c45019530da0ea90f67d8.r2.dev/singers/Tarique%20Munawar/Collection/05.%20shono%20shono%20ya%20alahi.mp3"
"singers/Tarique Munawar/Collection/06. Shakal halo sunra azan.mp3","https://pub-d7aa2a1ce06c45019530da0ea90f67d8.r2.dev/singers/Tarique%20Munawar/Collection/06.%20Shakal%20halo%20sunra%20azan.mp3"
"singers/Tarique Munawar/Collection/07. Pubal hawah pashimay.mp3","https://pub-d7aa2a1ce06c45019530da0ea90f67d8.r2.dev/singers/Tarique%20Munawar/Collection/07.%20Pubal%20hawah%20pashimay.mp3"
"singers/Tarique Munawar/Collection/08. ai sundar ful sundar fal.mp3","https://pub-d7aa2a1ce06c45019530da0ea90f67d8.r2.dev/singers/Tarique%20Munawar/Collection/08.%20ai%20sundar%20ful%20sundar%20fal.mp3"
"singers/Tarique Munawar/Collection/09. khdare pramy shrabo prea.mp3","https://pub-d7aa2a1ce06c45019530da0ea90f67d8.r2.dev/singers/Tarique%20Munawar/Collection/09.%20khdare%20pramy%20shrabo%20prea.mp3"
"singers/Tarique Munawar/Collection/10. chalra kabar jiarata.mp3","https://pub-d7aa2a1ce06c45019530da0ea90f67d8.r2.dev/singers/Tarique%20Munawar/Collection/10.%20chalra%20kabar%20jiarata.mp3"
"singers/Tarique Munawar/Collection/11. Jathy hazrat halan najil.mp3","https://pub-d7aa2a1ce06c45019530da0ea90f67d8.r2.dev/singers/Tarique%20Munawar/Collection/11.%20Jathy%20hazrat%20halan%20najil.mp3"
"singers/Tarique Munawar/Collection/12. Masjidare pase amar kabar dio.mp3","https://pub-d7aa2a1ce06c45019530da0ea90f67d8.r2.dev/singers/Tarique%20Munawar/Collection/12.%20Masjidare%20pase%20amar%20kabar%20dio.mp3"
"singers/Tarique Munawar/Collection/13. Vorholo Ut jaz musafir.mp3","https://pub-d7aa2a1ce06c45019530da0ea90f67d8.r2.dev/singers/Tarique%20Munawar/Collection/13.%20Vorholo%20Ut%20jaz%20musafir.mp3"
"singers/Tarique Munawar/Collection/14. Ami jadi arab hatam.mp3","https://pub-d7aa2a1ce06c45019530da0ea90f67d8.r2.dev/singers/Tarique%20Munawar/Collection/14.%20Ami%20jadi%20arab%20hatam.mp3"
"singers/Tarique Munawar/Collection/15. O more Ramjanere Rojar shsah.mp3","https://pub-d7aa2a1ce06c45019530da0ea90f67d8.r2.dev/singers/Tarique%20Munawar/Collection/15.%20O%20more%20Ramjanere%20Rojar%20shsah.mp3"
"singers/Tarique Munawar/Collection/16. Amar Jibon Amar Maron.mp3","https://pub-d7aa2a1ce06c45019530da0ea90f67d8.r2.dev/singers/Tarique%20Munawar/Collection/16.%20Amar%20Jibon%20Amar%20Maron.mp3"
"singers/Tarique Munawar/Collection/17. Hay rasul tume amar.mp3","https://pub-d7aa2a1ce06c45019530da0ea90f67d8.r2.dev/singers/Tarique%20Munawar/Collection/17.%20Hay%20rasul%20tume%20amar.mp3"
"singers/Tarique Munawar/Collection/18. Golap thore thore ache futa.mp3","https://pub-d7aa2a1ce06c45019530da0ea90f67d8.r2.dev/singers/Tarique%20Munawar/Collection/18.%20Golap%20thore%20thore%20ache%20futa.mp3"
"singers/Tarique Munawar/Collection/19. tume acho ridayar gavira.mp3","https://pub-d7aa2a1ce06c45019530da0ea90f67d8.r2.dev/singers/Tarique%20Munawar/Collection/19.%20tume%20acho%20ridayar%20gavira.mp3"
"singers/Tarique Munawar/Collection/20. Dudinare duniate rang tamasar.mp3","https://pub-d7aa2a1ce06c45019530da0ea90f67d8.r2.dev/singers/Tarique%20Munawar/Collection/20.%20Dudinare%20duniate%20rang%20tamasar.mp3"
"singers/Tarique Munawar/Collection/21. Paroare digare alam.mp3","https://pub-d7aa2a1ce06c45019530da0ea90f67d8.r2.dev/singers/Tarique%20Munawar/Collection/21.%20Paroare%20digare%20alam.mp3"
"singers/Tarique Munawar/Collection/22. Ami anek brasy birsti jray ar.mp3","https://pub-d7aa2a1ce06c45019530da0ea90f67d8.r2.dev/singers/Tarique%20Munawar/Collection/22.%20Ami%20anek%20brasy%20birsti%20jray%20ar.mp3"
"singers/Tarique Munawar/Collection/23. Hay prio hay rasul.mp3","https://pub-d7aa2a1ce06c45019530da0ea90f67d8.r2.dev/singers/Tarique%20Munawar/Collection/23.%20Hay%20prio%20hay%20rasul.mp3"
"singers/Tarique Munawar/Collection/24. Ai Vubany ka R achere apon.mp3","https://pub-d7aa2a1ce06c45019530da0ea90f67d8.r2.dev/singers/Tarique%20Munawar/Collection/24.%20Ai%20Vubany%20ka%20R%20achere%20apon.mp3"
"singers/Tarique Munawar/Collection/25. Asha dip jadi kabu vulay jai.mp3","https://pub-d7aa2a1ce06c45019530da0ea90f67d8.r2.dev/singers/Tarique%20Munawar/Collection/25.%20Asha%20dip%20jadi%20kabu%20vulay%20jai.mp3"
"singers/Tarique Munawar/Collection/26. Shara jibon ami tomar dayr bikhri.mp3","https://pub-d7aa2a1ce06c45019530da0ea90f67d8.r2.dev/singers/Tarique%20Munawar/Collection/26.%20Shara%20jibon%20ami%20tomar%20dayr%20bikhri.mp3"
"singers/Tarique Munawar/Collection/27. Gan daw amay hay.mp3","https://pub-d7aa2a1ce06c45019530da0ea90f67d8.r2.dev/singers/Tarique%20Munawar/Collection/27.%20Gan%20daw%20amay%20hay.mp3"
"singers/Tarique Munawar/Collection/28. hay khoda maf kare daw.mp3","https://pub-d7aa2a1ce06c45019530da0ea90f67d8.r2.dev/singers/Tarique%20Munawar/Collection/28.%20hay%20khoda%20maf%20kare%20daw.mp3"
"singers/Tarique Munawar/Collection/29. Allah amar provu amar.mp3","https://pub-d7aa2a1ce06c45019530da0ea90f67d8.r2.dev/singers/Tarique%20Munawar/Collection/29.%20Allah%20amar%20provu%20amar.mp3"
"singers/Tarique Munawar/Collection/30. Bajla kira vorero shana.mp3","https://pub-d7aa2a1ce06c45019530da0ea90f67d8.r2.dev/singers/Tarique%20Munawar/Collection/30.%20Bajla%20kira%20vorero%20shana.mp3"
"singers/Tarique Munawar/Collection/31. Muhammader nam japechili.mp3","https://pub-d7aa2a1ce06c45019530da0ea90f67d8.r2.dev/singers/Tarique%20Munawar/Collection/31.%20Muhammader%20nam%20japechili.mp3"
"singers/Tarique Munawar/Collection/32. Islameri shuday lay.mp3","https://pub-d7aa2a1ce06c45019530da0ea90f67d8.r2.dev/singers/Tarique%20Munawar/Collection/32.%20Islameri%20shuday%20lay.mp3"
"singers/Tarique Munawar/Collection/33. Darmar phta shid jahara.mp3","https://pub-d7aa2a1ce06c45019530da0ea90f67d8.r2.dev/singers/Tarique%20Munawar/Collection/33.%20Darmar%20phta%20shid%20jahara.mp3"
"singers/Tarique Munawar/Collection/34. Sharate futlara rangun gulae.mp3","https://pub-d7aa2a1ce06c45019530da0ea90f67d8.r2.dev/singers/Tarique%20Munawar/Collection/34.%20Sharate%20futlara%20rangun%20gulae.mp3"
"singers/Tarique Munawar/Collection/35. Ai grabar shono.mp3","https://pub-d7aa2a1ce06c45019530da0ea90f67d8.r2.dev/singers/Tarique%20Munawar/Collection/35.%20Ai%20grabar%20shono.mp3"
"singers/Tarique Munawar/Collection/36. Allah ta jar purna iman.mp3","https://pub-d7aa2a1ce06c45019530da0ea90f67d8.r2.dev/singers/Tarique%20Munawar/Collection/36.%20Allah%20ta%20jar%20purna%20iman.mp3"
"singers/Tarique Munawar/Collection/37. tri-Vu-baner pria muhammad.mp3","https://pub-d7aa2a1ce06c45019530da0ea90f67d8.r2.dev/singers/Tarique%20Munawar/Collection/37.%20tri-Vu-baner%20pria%20muhammad.mp3"
"singers/Tarique Munawar/Collection/38. Rose hasare allah amar karona bisr.mp3","https://pub-d7aa2a1ce06c45019530da0ea90f67d8.r2.dev/singers/Tarique%20Munawar/Collection/38.%20Rose%20hasare%20allah%20amar%20karona%20bisr.mp3"
"singers/Tarique Munawar/Collection/39. Bajisa dama badra amama.mp3","https://pub-d7aa2a1ce06c45019530da0ea90f67d8.r2.dev/singers/Tarique%20Munawar/Collection/39.%20Bajisa%20dama%20badra%20amama.mp3"
"singers/Tarique Munawar/Collection/40. Bakhe amar kabra chobi.mp3","https://pub-d7aa2a1ce06c45019530da0ea90f67d8.r2.dev/singers/Tarique%20Munawar/Collection/40.%20Bakhe%20amar%20kabra%20chobi.mp3"
"singers/Tarique Munawar/Collection/41. Muhammadr nam jato jap tatoi madur.mp3","https://pub-d7aa2a1ce06c45019530da0ea90f67d8.r2.dev/singers/Tarique%20Munawar/Collection/41.%20Muhammadr%20nam%20jato%20jap%20tatoi%20madur.mp3"
"singers/Tarique Munawar/Collection/42. chalo chalo munahid.mp3","https://pub-d7aa2a1ce06c45019530da0ea90f67d8.r2.dev/singers/Tarique%20Munawar/Collection/42.%20chalo%20chalo%20munahid.mp3"
"singers/Tarique Munawar/Collection/44. Rasul chara kono manus hay na jane.mp3","https://pub-d7aa2a1ce06c45019530da0ea90f67d8.r2.dev/singers/Tarique%20Munawar/Collection/44.%20Rasul%20chara%20kono%20manus%20hay%20na%20jane.mp3"
"singers/Tarique Munawar/Collection/46. Allah Allah japo man japo.mp3","https://pub-d7aa2a1ce06c45019530da0ea90f67d8.r2.dev/singers/Tarique%20Munawar/Collection/46.%20Allah%20Allah%20japo%20man%20japo.mp3"
"singers/Tarique Munawar/Collection/47. Chadni chad Vara.mp3","https://pub-d7aa2a1ce06c45019530da0ea90f67d8.r2.dev/singers/Tarique%20Munawar/Collection/47.%20Chadni%20chad%20Vara.mp3"
"singers/Tarique Munawar/Collection/48. Oi nir vanga gacha.mp3","https://pub-d7aa2a1ce06c45019530da0ea90f67d8.r2.dev/singers/Tarique%20Munawar/Collection/48.%20Oi%20nir%20vanga%20gacha.mp3"
"singers/Tarique Munawar/Collection/49. Khad Muslim khada dunia.mp3","https://pub-d7aa2a1ce06c45019530da0ea90f67d8.r2.dev/singers/Tarique%20Munawar/Collection/49.%20Khad%20Muslim%20khada%20dunia.mp3"
"singers/Tarique Munawar/Collection/50. Kanata Jadi Provu.mp3","https://pub-d7aa2a1ce06c45019530da0ea90f67d8.r2.dev/singers/Tarique%20Munawar/Collection/50.%20Kanata%20Jadi%20Provu.mp3"
"singers/Tarique Munawar/Collection/51. Amar tikana.mp3","https://pub-d7aa2a1ce06c45019530da0ea90f67d8.r2.dev/singers/Tarique%20Munawar/Collection/51.%20Amar%20tikana.mp3"
"singers/Tarique Munawar/Collection/52. Amar jibon hata.mp3","https://pub-d7aa2a1ce06c45019530da0ea90f67d8.r2.dev/singers/Tarique%20Munawar/Collection/52.%20Amar%20jibon%20hata.mp3"
"singers/Tarique Munawar/Collection/53. Shasa Sama ban banani.mp3","https://pub-d7aa2a1ce06c45019530da0ea90f67d8.r2.dev/singers/Tarique%20Munawar/Collection/53.%20Shasa%20Sama%20ban%20banani.mp3"
"singers/Tarique Munawar/Collection/54. oi gaeb.mp3","https://pub-d7aa2a1ce06c45019530da0ea90f67d8.r2.dev/singers/Tarique%20Munawar/Collection/54.%20oi%20gaeb.mp3"
"singers/Tarique Munawar/Collection/55. chara jata habe Shab.mp3","https://pub-d7aa2a1ce06c45019530da0ea90f67d8.r2.dev/singers/Tarique%20Munawar/Collection/55.%20chara%20jata%20habe%20Shab.mp3"
"singers/Tarique Munawar/Collection/56. Jakhan Ami Thaki aka.mp3","https://pub-d7aa2a1ce06c45019530da0ea90f67d8.r2.dev/singers/Tarique%20Munawar/Collection/56.%20Jakhan%20Ami%20Thaki%20aka.mp3"
"singers/Tarique Munawar/Collection/57. Allah Allah Jikir Kor.mp3","https://pub-d7aa2a1ce06c45019530da0ea90f67d8.r2.dev/singers/Tarique%20Munawar/Collection/57.%20Allah%20Allah%20Jikir%20Kor.mp3"
"singers/Tarique Munawar/Collection/58. Sunah Sunah Maruh.mp3","https://pub-d7aa2a1ce06c45019530da0ea90f67d8.r2.dev/singers/Tarique%20Munawar/Collection/58.%20Sunah%20Sunah%20Maruh.mp3"
"singers/Tarique Munawar/Collection/59. O Chad kano.mp3","https://pub-d7aa2a1ce06c45019530da0ea90f67d8.r2.dev/singers/Tarique%20Munawar/Collection/59.%20O%20Chad%20kano.mp3"
"singers/Tarique Munawar/Collection/60. Agun agun  Fagun.mp3","https://pub-d7aa2a1ce06c45019530da0ea90f67d8.r2.dev/singers/Tarique%20Munawar/Collection/60.%20Agun%20agun%20%20Fagun.mp3"
"singers/Tarique Munawar/Collection/61. Amar Jibon jantrana.mp3","https://pub-d7aa2a1ce06c45019530da0ea90f67d8.r2.dev/singers/Tarique%20Munawar/Collection/61.%20Amar%20Jibon%20jantrana.mp3"
"singers/Tarique Munawar/Collection/62. Kat ja das dasantar.mp3","https://pub-d7aa2a1ce06c45019530da0ea90f67d8.r2.dev/singers/Tarique%20Munawar/Collection/62.%20Kat%20ja%20das%20dasantar.mp3"
"singers/Tarique Munawar/Collection/63. Anek Sadana.mp3","https://pub-d7aa2a1ce06c45019530da0ea90f67d8.r2.dev/singers/Tarique%20Munawar/Collection/63.%20Anek%20Sadana.mp3"
"singers/Tarique Munawar/Collection/64. Aj Sukna path sukia gase.mp3","https://pub-d7aa2a1ce06c45019530da0ea90f67d8.r2.dev/singers/Tarique%20Munawar/Collection/64.%20Aj%20Sukna%20path%20sukia%20gase.mp3"
"singers/Tarique Munawar/Collection/65. Shukriahay Shukria hay.mp3","https://pub-d7aa2a1ce06c45019530da0ea90f67d8.r2.dev/singers/Tarique%20Munawar/Collection/65.%20Shukriahay%20Shukria%20hay.mp3"
"singers/Tarique Munawar/Collection/66. Jano ki prithibita ki.mp3","https://pub-d7aa2a1ce06c45019530da0ea90f67d8.r2.dev/singers/Tarique%20Munawar/Collection/66.%20Jano%20ki%20prithibita%20ki.mp3"
"singers/Tarique Munawar/Collection/67. Jobaday Nahar pata.mp3","https://pub-d7aa2a1ce06c45019530da0ea90f67d8.r2.dev/singers/Tarique%20Munawar/Collection/67.%20Jobaday%20Nahar%20pata.mp3"
"singers/Tarique Munawar/Collection/68. kachi man kachi pran.mp3","https://pub-d7aa2a1ce06c45019530da0ea90f67d8.r2.dev/singers/Tarique%20Munawar/Collection/68.%20kachi%20man%20kachi%20pran.mp3"
"singers/Tarique Munawar/Collection/69. Kakhona Vabine aman birah.mp3","https://pub-d7aa2a1ce06c45019530da0ea90f67d8.r2.dev/singers/Tarique%20Munawar/Collection/69.%20Kakhona%20Vabine%20aman%20birah.mp3"
"singers/Tarique Munawar/Collection/70. Rasul sara kono manus.mp3","https://pub-d7aa2a1ce06c45019530da0ea90f67d8.r2.dev/singers/Tarique%20Munawar/Collection/70.%20Rasul%20sara%20kono%20manus.mp3"
"singers/Tarique Munawar/Tomari Jonyo Mon Kande/01-tomari-jonyo-mon-kande.mp3","https://pub-d7aa2a1ce06c45019530da0ea90f67d8.r2.dev/singers/Tarique%20Munawar/Tomari%20Jonyo%20Mon%20Kande/01-tomari-jonyo-mon-kande.mp3"
"singers/Tarique Munawar/Tomari Jonyo Mon Kande/02-ankhir-aral-hole.mp3","https://pub-d7aa2a1ce06c45019530da0ea90f67d8.r2.dev/singers/Tarique%20Munawar/Tomari%20Jonyo%20Mon%20Kande/02-ankhir-aral-hole.mp3"
"singers/Tarique Munawar/Tomari Jonyo Mon Kande/03-o-rahim-o-rahman.mp3","https://pub-d7aa2a1ce06c45019530da0ea90f67d8.r2.dev/singers/Tarique%20Munawar/Tomari%20Jonyo%20Mon%20Kande/03-o-rahim-o-rahman.mp3"
"singers/Tarique Munawar/Tomari Jonyo Mon Kande/05-o-nodi-tumi.mp3","https://pub-d7aa2a1ce06c45019530da0ea90f67d8.r2.dev/singers/Tarique%20Munawar/Tomari%20Jonyo%20Mon%20Kande/05-o-nodi-tumi.mp3"
"singers/Tarique Munawar/Tomari Jonyo Mon Kande/06-hayre-jibon.mp3","https://pub-d7aa2a1ce06c45019530da0ea90f67d8.r2.dev/singers/Tarique%20Munawar/Tomari%20Jonyo%20Mon%20Kande/06-hayre-jibon.mp3"
"singers/Tarique Munawar/Tomari Jonyo Mon Kande/07-akashre-tui-alo.mp3","https://pub-d7aa2a1ce06c45019530da0ea90f67d8.r2.dev/singers/Tarique%20Munawar/Tomari%20Jonyo%20Mon%20Kande/07-akashre-tui-alo.mp3"
"singers/Tarique Munawar/Tomari Jonyo Mon Kande/08-zoto-jwala-biroher.mp3","https://pub-d7aa2a1ce06c45019530da0ea90f67d8.r2.dev/singers/Tarique%20Munawar/Tomari%20Jonyo%20Mon%20Kande/08-zoto-jwala-biroher.mp3"
"singers/Tarique Munawar/Tomari Jonyo Mon Kande/09-sobari-jibone-sukh.mp3","https://pub-d7aa2a1ce06c45019530da0ea90f67d8.r2.dev/singers/Tarique%20Munawar/Tomari%20Jonyo%20Mon%20Kande/09-sobari-jibone-sukh.mp3"
"singers/Tarique Munawar/Tomari Jonyo Mon Kande/10-jhorna-jhorna.MP3","https://pub-d7aa2a1ce06c45019530da0ea90f67d8.r2.dev/singers/Tarique%20Munawar/Tomari%20Jonyo%20Mon%20Kande/10-jhorna-jhorna.MP3"
"singers/Tarique Munawar/Tomari Jonyo Mon Kande/11-polli-gayenr-oi.MP3","https://pub-d7aa2a1ce06c45019530da0ea90f67d8.r2.dev/singers/Tarique%20Munawar/Tomari%20Jonyo%20Mon%20Kande/11-polli-gayenr-oi.MP3"
"singers/Tarique Munawar/Tomari Jonyo Mon Kande/12-tomake0-val-beshechi-bole.mp3","https://pub-d7aa2a1ce06c45019530da0ea90f67d8.r2.dev/singers/Tarique%20Munawar/Tomari%20Jonyo%20Mon%20Kande/12-tomake0-val-beshechi-bole.mp3"
"singers/Tarique Munawar/Tomari Jonyo Mon Kande/13-sob-hridoyer-malik.mp3","https://pub-d7aa2a1ce06c45019530da0ea90f67d8.r2.dev/singers/Tarique%20Munawar/Tomari%20Jonyo%20Mon%20Kande/13-sob-hridoyer-malik.mp3"
"singers/Tarique Munawar/Tomari Jonyo Mon Kande/14-amake-shahid-kore.MP3","https://pub-d7aa2a1ce06c45019530da0ea90f67d8.r2.dev/singers/Tarique%20Munawar/Tomari%20Jonyo%20Mon%20Kande/14-amake-shahid-kore.MP3"
"singers/Tarique Munawar/Tomari Jonyo Mon Kande/4-ajo-sei-quran.mp3","https://pub-d7aa2a1ce06c45019530da0ea90f67d8.r2.dev/singers/Tarique%20Munawar/Tomari%20Jonyo%20Mon%20Kande/4-ajo-sei-quran.mp3"
"singers/Tarique Munawar/or/Ankhir aral hole.mp3","https://pub-d7aa2a1ce06c45019530da0ea90f67d8.r2.dev/singers/Tarique%20Munawar/or/Ankhir%20aral%20hole.mp3"
"singers/Tarique Munawar/or/ajo sei.mp3","https://pub-d7aa2a1ce06c45019530da0ea90f67d8.r2.dev/singers/Tarique%20Munawar/or/ajo%20sei.mp3"
"singers/Tarique Munawar/or/amake shahid kore.mp3","https://pub-d7aa2a1ce06c45019530da0ea90f67d8.r2.dev/singers/Tarique%20Munawar/or/amake%20shahid%20kore.mp3"
"singers/Tarique Munawar/or/azaner dhoni.mp3","https://pub-d7aa2a1ce06c45019530da0ea90f67d8.r2.dev/singers/Tarique%20Munawar/or/azaner%20dhoni.mp3"
"singers/Tarique Munawar/or/din jay din.mp3","https://pub-d7aa2a1ce06c45019530da0ea90f67d8.r2.dev/singers/Tarique%20Munawar/or/din%20jay%20din.mp3"
"singers/Tarique Munawar/or/ghumiye acho rasul.mp3","https://pub-d7aa2a1ce06c45019530da0ea90f67d8.r2.dev/singers/Tarique%20Munawar/or/ghumiye%20acho%20rasul.mp3"
"singers/Tarique Munawar/or/hasnahena futeche.mp3","https://pub-d7aa2a1ce06c45019530da0ea90f67d8.r2.dev/singers/Tarique%20Munawar/or/hasnahena%20futeche.mp3"
"singers/Tarique Munawar/or/he rasul.mp3","https://pub-d7aa2a1ce06c45019530da0ea90f67d8.r2.dev/singers/Tarique%20Munawar/or/he%20rasul.mp3"
"singers/Tarique Munawar/or/jedike takai ami.mp3","https://pub-d7aa2a1ce06c45019530da0ea90f67d8.r2.dev/singers/Tarique%20Munawar/or/jedike%20takai%20ami.mp3"
"singers/Tarique Munawar/or/jhorna jhorna.mp3","https://pub-d7aa2a1ce06c45019530da0ea90f67d8.r2.dev/singers/Tarique%20Munawar/or/jhorna%20jhorna.mp3"
"singers/Tarique Munawar/or/la ilaha illala.mp3","https://pub-d7aa2a1ce06c45019530da0ea90f67d8.r2.dev/singers/Tarique%20Munawar/or/la%20ilaha%20illala.mp3"
"singers/Tarique Munawar/or/o rahim o.mp3","https://pub-d7aa2a1ce06c45019530da0ea90f67d8.r2.dev/singers/Tarique%20Munawar/or/o%20rahim%20o.mp3"
"singers/Tarique Munawar/or/tumi acho hridoyer.mp3","https://pub-d7aa2a1ce06c45019530da0ea90f67d8.r2.dev/singers/Tarique%20Munawar/or/tumi%20acho%20hridoyer.mp3"
"singers/Tarique Munawar/special/ekdi chole zabo prithibi chere.mp3","https://pub-d7aa2a1ce06c45019530da0ea90f67d8.r2.dev/singers/Tarique%20Munawar/special/ekdi%20chole%20zabo%20prithibi%20chere.mp3"
"singers/Tarique Munawar/special/ful_shiuli.mp3","https://pub-d7aa2a1ce06c45019530da0ea90f67d8.r2.dev/singers/Tarique%20Munawar/special/ful_shiuli.mp3"
"singers/Tarique Munawar/special/tomari jony mon tarriq munawar.mp3","https://pub-d7aa2a1ce06c45019530da0ea90f67d8.r2.dev/singers/Tarique%20Munawar/special/tomari%20jony%20mon%20tarriq%20munawar.mp3"
"singers/Zain Bikha/A is for Allah'.mp3","https://pub-d7aa2a1ce06c45019530da0ea90f67d8.r2.dev/singers/Zain%20Bikha/A%20is%20for%20Allah%27.mp3"
"singers/Zain Bikha/Allah hu Allah.mp3","https://pub-d7aa2a1ce06c45019530da0ea90f67d8.r2.dev/singers/Zain%20Bikha/Allah%20hu%20Allah.mp3"
"singers/Zain Bikha/Allah knows.mp3","https://pub-d7aa2a1ce06c45019530da0ea90f67d8.r2.dev/singers/Zain%20Bikha/Allah%20knows.mp3"
"singers/Zain Bikha/Allahu Allah.mp3","https://pub-d7aa2a1ce06c45019530da0ea90f67d8.r2.dev/singers/Zain%20Bikha/Allahu%20Allah.mp3"
"singers/Zain Bikha/Allahumma salle.mp3","https://pub-d7aa2a1ce06c45019530da0ea90f67d8.r2.dev/singers/Zain%20Bikha/Allahumma%20salle.mp3"
"singers/Zain Bikha/Driven past.mp3","https://pub-d7aa2a1ce06c45019530da0ea90f67d8.r2.dev/singers/Zain%20Bikha/Driven%20past.mp3"
"singers/Zain Bikha/Give Thanks to Allah.mp3","https://pub-d7aa2a1ce06c45019530da0ea90f67d8.r2.dev/singers/Zain%20Bikha/Give%20Thanks%20to%20Allah.mp3"
"singers/Zain Bikha/Glory be to Allah.mp3","https://pub-d7aa2a1ce06c45019530da0ea90f67d8.r2.dev/singers/Zain%20Bikha/Glory%20be%20to%20Allah.mp3"
"singers/Zain Bikha/Hush little baby.mp3","https://pub-d7aa2a1ce06c45019530da0ea90f67d8.r2.dev/singers/Zain%20Bikha/Hush%20little%20baby.mp3"
"singers/Zain Bikha/I am a Muslim.mp3","https://pub-d7aa2a1ce06c45019530da0ea90f67d8.r2.dev/singers/Zain%20Bikha/I%20am%20a%20Muslim.mp3"
"singers/Zain Bikha/Orphan Child.mp3","https://pub-d7aa2a1ce06c45019530da0ea90f67d8.r2.dev/singers/Zain%20Bikha/Orphan%20Child.mp3"
"singers/Zain Bikha/Your mother - Copy.mp3","https://pub-d7aa2a1ce06c45019530da0ea90f67d8.r2.dev/singers/Zain%20Bikha/Your%20mother%20-%20Copy.mp3"
"singers/Zain Bikha/Your mother.mp3","https://pub-d7aa2a1ce06c45019530da0ea90f67d8.r2.dev/singers/Zain%20Bikha/Your%20mother.mp3"
"singers/Zain Bikha/Your_mother_3_.mp3","https://pub-d7aa2a1ce06c45019530da0ea90f67d8.r2.dev/singers/Zain%20Bikha/Your_mother_3_.mp3"
"singers/Zain Bikha/in a cave of mekka.mp3","https://pub-d7aa2a1ce06c45019530da0ea90f67d8.r2.dev/singers/Zain%20Bikha/in%20a%20cave%20of%20mekka.mp3"
"singers/Zain Bikha/life what a blessed.mp3","https://pub-d7aa2a1ce06c45019530da0ea90f67d8.r2.dev/singers/Zain%20Bikha/life%20what%20a%20blessed.mp3"
"singers/Zain Bikha/mountains of makkah.mp3","https://pub-d7aa2a1ce06c45019530da0ea90f67d8.r2.dev/singers/Zain%20Bikha/mountains%20of%20makkah.mp3"
"singers/Zain Bikha/nabi un nabi.mp3","https://pub-d7aa2a1ce06c45019530da0ea90f67d8.r2.dev/singers/Zain%20Bikha/nabi%20un%20nabi.mp3"
"singers/Zain Bikha/thank you Allah.mp3","https://pub-d7aa2a1ce06c45019530da0ea90f67d8.r2.dev/singers/Zain%20Bikha/thank%20you%20Allah.mp3"
"singers/Zain Bikha/your-mother-ring.mp3","https://pub-d7aa2a1ce06c45019530da0ea90f67d8.r2.dev/singers/Zain%20Bikha/your-mother-ring.mp3"
"singers/khaled/Aj Jucona Rate-mrk.wma","https://pub-d7aa2a1ce06c45019530da0ea90f67d8.r2.dev/singers/khaled/Aj%20Jucona%20Rate-mrk.wma"
"singers/rokon/7-apon-ghor/1-o-duniyar-malilk.mp3","https://pub-d7aa2a1ce06c45019530da0ea90f67d8.r2.dev/singers/rokon/7-apon-ghor/1-o-duniyar-malilk.mp3"
"singers/rokon/7-apon-ghor/10-allah-toamar.mp3","https://pub-d7aa2a1ce06c45019530da0ea90f67d8.r2.dev/singers/rokon/7-apon-ghor/10-allah-toamar.mp3"
"singers/rokon/7-apon-ghor/11-neelimar-oi-dur.mp3","https://pub-d7aa2a1ce06c45019530da0ea90f67d8.r2.dev/singers/rokon/7-apon-ghor/11-neelimar-oi-dur.mp3"
"singers/rokon/7-apon-ghor/12-mago-tomar-smriti.mp3","https://pub-d7aa2a1ce06c45019530da0ea90f67d8.r2.dev/singers/rokon/7-apon-ghor/12-mago-tomar-smriti.mp3"
"singers/rokon/7-apon-ghor/13-sajaiya-diya.mp3","https://pub-d7aa2a1ce06c45019530da0ea90f67d8.r2.dev/singers/rokon/7-apon-ghor/13-sajaiya-diya.mp3"
"singers/rokon/7-apon-ghor/2-o-allah-ami.mp3","https://pub-d7aa2a1ce06c45019530da0ea90f67d8.r2.dev/singers/rokon/7-apon-ghor/2-o-allah-ami.mp3"
"singers/rokon/7-apon-ghor/3-zodi-amar-gan.mp3","https://pub-d7aa2a1ce06c45019530da0ea90f67d8.r2.dev/singers/rokon/7-apon-ghor/3-zodi-amar-gan.mp3"
"singers/rokon/7-apon-ghor/4-ei-duniya-charte.mp3","https://pub-d7aa2a1ce06c45019530da0ea90f67d8.r2.dev/singers/rokon/7-apon-ghor/4-ei-duniya-charte.mp3"
"singers/rokon/7-apon-ghor/5-brristir-fotar-moto.mp3","https://pub-d7aa2a1ce06c45019530da0ea90f67d8.r2.dev/singers/rokon/7-apon-ghor/5-brristir-fotar-moto.mp3"
"singers/rokon/7-apon-ghor/6-allah-tomay.mp3","https://pub-d7aa2a1ce06c45019530da0ea90f67d8.r2.dev/singers/rokon/7-apon-ghor/6-allah-tomay.mp3"
"singers/rokon/7-apon-ghor/7-o-amar-desh.mp3","https://pub-d7aa2a1ce06c45019530da0ea90f67d8.r2.dev/singers/rokon/7-apon-ghor/7-o-amar-desh.mp3"
"singers/rokon/7-apon-ghor/8-amar-ganer-sur.mp3","https://pub-d7aa2a1ce06c45019530da0ea90f67d8.r2.dev/singers/rokon/7-apon-ghor/8-amar-ganer-sur.mp3"
"singers/rokon/7-apon-ghor/9-koto-din-koto-rat.mp3","https://pub-d7aa2a1ce06c45019530da0ea90f67d8.r2.dev/singers/rokon/7-apon-ghor/9-koto-din-koto-rat.mp3"
"singers/rokon/Jiboner Pothe.mp3","https://pub-d7aa2a1ce06c45019530da0ea90f67d8.r2.dev/singers/rokon/Jiboner%20Pothe.mp3"
"singers/rokon/baje dukher bin/10matir ghore.mp3","https://pub-d7aa2a1ce06c45019530da0ea90f67d8.r2.dev/singers/rokon/baje%20dukher%20bin/10matir%20ghore.mp3"
"singers/rokon/baje dukher bin/11ei ze modhur.mp3","https://pub-d7aa2a1ce06c45019530da0ea90f67d8.r2.dev/singers/rokon/baje%20dukher%20bin/11ei%20ze%20modhur.mp3"
"singers/rokon/baje dukher bin/12majh doriyay.mp3","https://pub-d7aa2a1ce06c45019530da0ea90f67d8.r2.dev/singers/rokon/baje%20dukher%20bin/12majh%20doriyay.mp3"
"singers/rokon/baje dukher bin/13ma tumi amar.mp3","https://pub-d7aa2a1ce06c45019530da0ea90f67d8.r2.dev/singers/rokon/baje%20dukher%20bin/13ma%20tumi%20amar.mp3"
"singers/rokon/baje dukher bin/14mon kanone.mp3","https://pub-d7aa2a1ce06c45019530da0ea90f67d8.r2.dev/singers/rokon/baje%20dukher%20bin/14mon%20kanone.mp3"
"singers/rokon/baje dukher bin/1he khoda mohan.mp3","https://pub-d7aa2a1ce06c45019530da0ea90f67d8.r2.dev/singers/rokon/baje%20dukher%20bin/1he%20khoda%20mohan.mp3"
"singers/rokon/baje dukher bin/2mago tumi.mp3","https://pub-d7aa2a1ce06c45019530da0ea90f67d8.r2.dev/singers/rokon/baje%20dukher%20bin/2mago%20tumi.mp3"
"singers/rokon/baje dukher bin/3kkhoniker ei.mp3","https://pub-d7aa2a1ce06c45019530da0ea90f67d8.r2.dev/singers/rokon/baje%20dukher%20bin/3kkhoniker%20ei.mp3"
"singers/rokon/baje dukher bin/4jibon seto.mp3","https://pub-d7aa2a1ce06c45019530da0ea90f67d8.r2.dev/singers/rokon/baje%20dukher%20bin/4jibon%20seto.mp3"
"singers/rokon/baje dukher bin/5fajrer azan.mp3","https://pub-d7aa2a1ce06c45019530da0ea90f67d8.r2.dev/singers/rokon/baje%20dukher%20bin/5fajrer%20azan.mp3"
"singers/rokon/baje dukher bin/6mago tomar.mp3","https://pub-d7aa2a1ce06c45019530da0ea90f67d8.r2.dev/singers/rokon/baje%20dukher%20bin/6mago%20tomar.mp3"
"singers/rokon/baje dukher bin/7dhonno tomar.mp3","https://pub-d7aa2a1ce06c45019530da0ea90f67d8.r2.dev/singers/rokon/baje%20dukher%20bin/7dhonno%20tomar.mp3"
"singers/rokon/baje dukher bin/8arob deshe.mp3","https://pub-d7aa2a1ce06c45019530da0ea90f67d8.r2.dev/singers/rokon/baje%20dukher%20bin/8arob%20deshe.mp3"
"singers/rokon/baje dukher bin/9o mon majhire.mp3","https://pub-d7aa2a1ce06c45019530da0ea90f67d8.r2.dev/singers/rokon/baje%20dukher%20bin/9o%20mon%20majhire.mp3"
"singers/rokon/kafoner-kaportake.mp3","https://pub-d7aa2a1ce06c45019530da0ea90f67d8.r2.dev/singers/rokon/kafoner-kaportake.mp3"
